probe,layer,post_norm,inputs,c,pooled_seen_mean,pooled_seen_std,per_task_seen_mean,per_task_seen_std,n_tasks_seen,pooled_unseen_mean,pooled_unseen_std,per_task_unseen_mean,per_task_unseen_std,n_tasks_unseen,pooled_seen_s0,pooled_seen_s1,pooled_seen_s2,per_task_seen_s0,per_task_seen_s1,per_task_seen_s2,pooled_unseen_s0,pooled_unseen_s1,pooled_unseen_s2,per_task_unseen_s0,per_task_unseen_s1,per_task_unseen_s2
layer00,0,False,pooled hidden state (4096),1,0.7489,0.0057,0.8380,0.0161,7,0.7110,0.0896,0.7710,0.0634,3,0.7440,0.7476,0.7552,0.8326,0.8561,0.8253,0.7822,0.7402,0.6104,0.8441,0.7383,0.7306
layer01,1,False,pooled hidden state (4096),1,0.7761,0.0290,0.7011,0.0463,7,0.6565,0.0736,0.6088,0.0298,3,0.8064,0.7487,0.7730,0.7044,0.6532,0.7457,0.6840,0.5732,0.7124,0.6286,0.5745,0.6233
layer02,2,False,pooled hidden state (4096),1,0.7911,0.0093,0.7552,0.0224,7,0.7028,0.0137,0.7004,0.0641,3,0.8006,0.7907,0.7819,0.7295,0.7708,0.7653,0.6870,0.7120,0.7093,0.6603,0.6667,0.7743
layer03,3,False,pooled hidden state (4096),1,0.7881,0.0136,0.7525,0.0271,7,0.6857,0.0202,0.6502,0.0172,3,0.8006,0.7901,0.7736,0.7517,0.7801,0.7259,0.6959,0.6987,0.6624,0.6477,0.6344,0.6685
layer04,4,False,pooled hidden state (4096),1,0.7865,0.0194,0.7267,0.0077,7,0.6694,0.0480,0.6651,0.0623,3,0.8087,0.7771,0.7736,0.7355,0.7230,0.7215,0.7073,0.6855,0.6155,0.7156,0.5954,0.6844
layer05,5,False,pooled hidden state (4096),1,0.7898,0.0305,0.7390,0.0277,7,0.6290,0.0521,0.6198,0.0563,3,0.8245,0.7771,0.7677,0.7642,0.7434,0.7093,0.6786,0.6336,0.5747,0.6388,0.5565,0.6642
layer06,6,False,pooled hidden state (4096),1,0.7888,0.0381,0.7232,0.0093,7,0.6644,0.0287,0.5986,0.0555,3,0.8327,0.7697,0.7641,0.7329,0.7222,0.7144,0.6786,0.6313,0.6833,0.6055,0.5399,0.6503
layer07,7,False,pooled hidden state (4096),1,0.7911,0.0241,0.7264,0.0554,7,0.6058,0.0682,0.5601,0.0344,3,0.8169,0.7691,0.7873,0.7426,0.6647,0.7719,0.6845,0.5680,0.5650,0.5996,0.5377,0.5428
layer08,8,False,pooled hidden state (4096),1,0.7681,0.0223,0.6962,0.0531,7,0.5907,0.0830,0.5390,0.0619,3,0.7883,0.7442,0.7718,0.7042,0.6396,0.7450,0.6572,0.4977,0.6170,0.5867,0.4691,0.5613
layer09,9,False,pooled hidden state (4096),1,0.7805,0.0288,0.7052,0.0376,7,0.5988,0.0752,0.5429,0.0642,3,0.8111,0.7538,0.7766,0.7346,0.6628,0.7183,0.6513,0.5127,0.6323,0.5469,0.4768,0.6050
layer10,10,False,pooled hidden state (4096),1,0.7852,0.0194,0.7209,0.0151,7,0.6862,0.0478,0.6120,0.0529,3,0.8076,0.7731,0.7748,0.7384,0.7119,0.7125,0.6989,0.7264,0.6334,0.5581,0.6639,0.6140
layer11,11,False,pooled hidden state (4096),1,0.7715,0.0094,0.6991,0.0294,7,0.6409,0.0880,0.5329,0.0835,3,0.7761,0.7606,0.7778,0.6709,0.6968,0.7296,0.6806,0.7022,0.5400,0.4878,0.6293,0.4817
layer12,12,False,pooled hidden state (4096),1,0.7612,0.0246,0.6715,0.0053,7,0.5713,0.0526,0.5407,0.0409,3,0.7883,0.7550,0.7403,0.6727,0.6657,0.6760,0.6295,0.5570,0.5273,0.5079,0.5865,0.5277
layer13,13,False,pooled hidden state (4096),1,0.7548,0.0077,0.6730,0.0407,7,0.5616,0.1130,0.5265,0.0325,3,0.7469,0.7623,0.7552,0.6268,0.7035,0.6886,0.6538,0.5956,0.4355,0.5019,0.5143,0.5633
layer14,14,False,pooled hidden state (4096),1,0.7546,0.0227,0.6747,0.0326,7,0.6083,0.0470,0.5803,0.0567,3,0.7668,0.7686,0.7285,0.6832,0.7023,0.6387,0.6394,0.6313,0.5543,0.5235,0.5807,0.6368
layer15,15,False,pooled hidden state (4096),1,0.7482,0.0223,0.6683,0.0106,7,0.5441,0.0509,0.5199,0.1217,3,0.7603,0.7618,0.7225,0.6803,0.6645,0.6602,0.5253,0.5052,0.6017,0.4404,0.4594,0.6601
layer16,16,False,pooled hidden state (4096),1,0.7597,0.0128,0.6741,0.0062,7,0.5933,0.0746,0.5989,0.0250,3,0.7627,0.7708,0.7457,0.6684,0.6808,0.6733,0.6662,0.5968,0.5171,0.6278,0.5847,0.5842
layer17,17,False,pooled hidden state (4096),1,0.7485,0.0291,0.6504,0.0468,7,0.5836,0.1291,0.5767,0.0412,3,0.7271,0.7816,0.7368,0.6059,0.6991,0.6461,0.6364,0.6780,0.4365,0.5580,0.6239,0.5483
layer18,18,False,pooled hidden state (4096),1,0.7659,0.0291,0.6737,0.0330,7,0.6400,0.1065,0.6157,0.0517,3,0.7907,0.7731,0.7338,0.6996,0.6850,0.6366,0.7222,0.6780,0.5196,0.6685,0.6135,0.5652
layer19,19,False,pooled hidden state (4096),1,0.7779,0.0364,0.6713,0.0479,7,0.6374,0.0631,0.6617,0.0400,3,0.8198,0.7550,0.7588,0.7257,0.6352,0.6532,0.7004,0.6377,0.5742,0.6721,0.6176,0.6956
layer20,20,False,pooled hidden state (4096),1,0.7825,0.0317,0.7098,0.0328,7,0.5883,0.0877,0.5710,0.0535,3,0.8169,0.7760,0.7546,0.7337,0.6724,0.7233,0.6830,0.5720,0.5099,0.6327,0.5377,0.5426
layer21,21,False,pooled hidden state (4096),1,0.7673,0.0201,0.6922,0.0169,7,0.6318,0.0712,0.5727,0.0826,3,0.7843,0.7725,0.7451,0.6825,0.7117,0.6823,0.7138,0.5864,0.5951,0.6569,0.4919,0.5692
layer22,22,False,pooled hidden state (4096),1,0.7763,0.0299,0.7142,0.0394,7,0.6365,0.0657,0.5927,0.0584,3,0.8093,0.7686,0.7510,0.7592,0.6863,0.6970,0.7123,0.5985,0.5987,0.6495,0.5328,0.5958
layer23,23,False,pooled hidden state (4096),1,0.7949,0.0199,0.7369,0.0309,7,0.6129,0.0432,0.5763,0.0279,3,0.8157,0.7930,0.7760,0.7669,0.7051,0.7385,0.6607,0.5766,0.6012,0.6072,0.5530,0.5686
layer24,24,False,pooled hidden state (4096),1,0.7849,0.0186,0.7147,0.0077,7,0.6247,0.0566,0.6077,0.0816,3,0.8052,0.7805,0.7689,0.7154,0.7219,0.7067,0.6885,0.6054,0.5803,0.6915,0.6032,0.5285
layer25,25,False,pooled hidden state (4096),1,0.7970,0.0219,0.7418,0.0369,7,0.6254,0.0984,0.5930,0.1052,3,0.8222,0.7856,0.7831,0.7708,0.7002,0.7545,0.7346,0.5438,0.5977,0.6974,0.4871,0.5946
layer26,26,False,pooled hidden state (4096),1,0.7791,0.0237,0.7014,0.0164,7,0.6639,0.0077,0.5998,0.0299,3,0.7988,0.7856,0.7528,0.7145,0.7067,0.6829,0.6558,0.6647,0.6711,0.5833,0.5818,0.6343
layer27,27,False,pooled hidden state (4096),1,0.7827,0.0213,0.6912,0.0325,7,0.6420,0.0222,0.5735,0.0162,3,0.7959,0.7941,0.7582,0.6666,0.7281,0.6788,0.6478,0.6607,0.6175,0.5702,0.5592,0.5911
layer28,28,False,pooled hidden state (4096),1,0.8013,0.0321,0.7362,0.0517,7,0.6677,0.0282,0.6341,0.0547,3,0.8117,0.8270,0.7653,0.7235,0.7930,0.6921,0.6384,0.6947,0.6701,0.5882,0.6193,0.6946
layer29,29,False,pooled hidden state (4096),1,0.7753,0.0245,0.7241,0.0364,7,0.6802,0.0129,0.6299,0.0611,3,0.7574,0.8032,0.7653,0.6862,0.7589,0.7271,0.6721,0.6734,0.6951,0.6071,0.5834,0.6990
layer30,30,False,pooled hidden state (4096),1,0.7807,0.0056,0.7132,0.0027,7,0.6740,0.0216,0.6550,0.0549,3,0.7860,0.7748,0.7813,0.7120,0.7112,0.7163,0.6493,0.6889,0.6838,0.6352,0.6127,0.7171
layer31,31,False,pooled hidden state (4096),1,0.7606,0.0091,0.7061,0.0307,7,0.7020,0.0228,0.6697,0.0603,3,0.7679,0.7635,0.7504,0.7049,0.7374,0.6759,0.7158,0.6757,0.7144,0.7168,0.6018,0.6907
layer32,32,True,pooled hidden state (4096),1,0.7692,0.0338,0.6913,0.0516,7,0.6946,0.0194,0.6796,0.0563,3,0.8070,0.7419,0.7588,0.7422,0.6391,0.6925,0.7054,0.6722,0.7063,0.7246,0.6165,0.6979
action_tokens,-1,False,action_token_ids (7),1,0.6571,0.0188,0.6280,0.0808,7,0.5677,0.0618,0.5619,0.0866,3,0.6501,0.6784,0.6429,0.6963,0.6490,0.5388,0.6205,0.5829,0.4997,0.4691,0.5761,0.6406
layer00,0,False,pooled hidden state (4096),0.01,0.7489,0.0057,0.8380,0.0161,7,0.7110,0.0896,0.7710,0.0634,3,0.7440,0.7476,0.7552,0.8326,0.8561,0.8253,0.7822,0.7402,0.6104,0.8441,0.7383,0.7306
layer01,1,False,pooled hidden state (4096),0.01,0.7916,0.0265,0.7408,0.0301,7,0.6998,0.0177,0.6572,0.0457,3,0.8222,0.7765,0.7760,0.7066,0.7631,0.7526,0.6989,0.6826,0.7180,0.7047,0.6137,0.6531
layer02,2,False,pooled hidden state (4096),0.01,0.8001,0.0187,0.7751,0.0348,7,0.7101,0.0132,0.7157,0.0551,3,0.8181,0.8015,0.7807,0.7500,0.8148,0.7605,0.7108,0.7229,0.6966,0.7474,0.6521,0.7477
layer03,3,False,pooled hidden state (4096),0.01,0.8002,0.0221,0.7650,0.0257,7,0.6939,0.0252,0.6819,0.0321,3,0.8192,0.8054,0.7760,0.7590,0.7932,0.7427,0.7054,0.7114,0.6650,0.7017,0.6449,0.6993
layer04,4,False,pooled hidden state (4096),0.01,0.7907,0.0267,0.7218,0.0085,7,0.6761,0.0463,0.6711,0.0419,3,0.8204,0.7828,0.7689,0.7163,0.7315,0.7175,0.7034,0.7022,0.6226,0.7096,0.6265,0.6773
layer05,5,False,pooled hidden state (4096),0.01,0.7982,0.0314,0.7531,0.0067,7,0.6334,0.0607,0.6213,0.0552,3,0.8344,0.7799,0.7802,0.7599,0.7528,0.7466,0.6825,0.6521,0.5655,0.6509,0.5577,0.6554
layer06,6,False,pooled hidden state (4096),0.01,0.7926,0.0343,0.7266,0.0183,7,0.6771,0.0072,0.6138,0.0342,3,0.8321,0.7697,0.7760,0.7152,0.7169,0.7478,0.6706,0.6849,0.6757,0.5988,0.5898,0.6530
layer07,7,False,pooled hidden state (4096),0.01,0.7950,0.0274,0.7458,0.0462,7,0.6407,0.0454,0.6088,0.0053,3,0.8251,0.7714,0.7885,0.7441,0.7005,0.7928,0.6706,0.6630,0.5885,0.6075,0.6043,0.6147
layer08,8,False,pooled hidden state (4096),0.01,0.7797,0.0231,0.7048,0.0643,7,0.6208,0.0379,0.5653,0.0415,3,0.8029,0.7567,0.7796,0.7206,0.6341,0.7598,0.6592,0.5835,0.6196,0.5792,0.5185,0.5980
layer09,9,False,pooled hidden state (4096),0.01,0.7832,0.0279,0.7043,0.0405,7,0.6290,0.0648,0.5762,0.0668,3,0.8134,0.7584,0.7778,0.7195,0.6584,0.7349,0.6587,0.5547,0.6736,0.5571,0.5210,0.6505
layer10,10,False,pooled hidden state (4096),0.01,0.7892,0.0215,0.7174,0.0279,7,0.6716,0.0451,0.6025,0.0243,3,0.8122,0.7697,0.7855,0.7293,0.6855,0.7373,0.7063,0.6878,0.6206,0.5868,0.6306,0.5903
layer11,11,False,pooled hidden state (4096),0.01,0.7844,0.0192,0.7056,0.0294,7,0.6530,0.0720,0.5408,0.0636,3,0.8012,0.7635,0.7885,0.7015,0.6784,0.7367,0.6845,0.7039,0.5706,0.4988,0.6139,0.5097
layer12,12,False,pooled hidden state (4096),0.01,0.7825,0.0216,0.7063,0.0398,7,0.6068,0.0799,0.5722,0.0310,3,0.8070,0.7663,0.7742,0.7227,0.6610,0.7353,0.6890,0.6020,0.5293,0.5551,0.6080,0.5536
layer13,13,False,pooled hidden state (4096),0.01,0.7756,0.0133,0.7028,0.0226,7,0.5924,0.1059,0.5754,0.0479,3,0.7808,0.7856,0.7605,0.6779,0.7083,0.7221,0.6667,0.6394,0.4712,0.5363,0.5609,0.6288
layer14,14,False,pooled hidden state (4096),0.01,0.7735,0.0230,0.7044,0.0177,7,0.6055,0.0550,0.5912,0.0520,3,0.7965,0.7737,0.7504,0.7167,0.6841,0.7125,0.6448,0.6290,0.5426,0.5348,0.6015,0.6374
layer15,15,False,pooled hidden state (4096),0.01,0.7756,0.0274,0.6944,0.0306,7,0.6153,0.0499,0.5482,0.1066,3,0.7994,0.7816,0.7457,0.7270,0.6900,0.6663,0.6076,0.5697,0.6685,0.4679,0.5074,0.6691
layer16,16,False,pooled hidden state (4096),0.01,0.7854,0.0100,0.7268,0.0372,7,0.6538,0.0316,0.6263,0.0114,3,0.7936,0.7884,0.7742,0.6952,0.7175,0.7678,0.6885,0.6463,0.6267,0.6181,0.6392,0.6214
layer17,17,False,pooled hidden state (4096),0.01,0.7765,0.0163,0.6917,0.0325,7,0.6325,0.0668,0.6215,0.0273,3,0.7802,0.7907,0.7588,0.6568,0.6973,0.7211,0.6419,0.6941,0.5614,0.6087,0.6528,0.6030
layer18,18,False,pooled hidden state (4096),0.01,0.7861,0.0253,0.7129,0.0251,7,0.6756,0.0917,0.6662,0.0437,3,0.8152,0.7742,0.7689,0.7197,0.6850,0.7339,0.7133,0.7425,0.5711,0.7055,0.6739,0.6191
layer19,19,False,pooled hidden state (4096),0.01,0.7898,0.0285,0.7044,0.0351,7,0.6808,0.0544,0.6628,0.0493,3,0.8227,0.7725,0.7742,0.7257,0.6639,0.7236,0.7297,0.6907,0.6221,0.7118,0.6132,0.6632
layer20,20,False,pooled hidden state (4096),0.01,0.7924,0.0282,0.7242,0.0316,7,0.6640,0.0512,0.6003,0.0491,3,0.8239,0.7839,0.7695,0.7400,0.6878,0.7447,0.7168,0.6607,0.6145,0.6562,0.5643,0.5805
layer21,21,False,pooled hidden state (4096),0.01,0.7818,0.0237,0.7076,0.0161,7,0.6650,0.0786,0.6054,0.0937,3,0.8082,0.7748,0.7623,0.7036,0.6939,0.7253,0.7545,0.6336,0.6068,0.7088,0.5259,0.5816
layer22,22,False,pooled hidden state (4096),0.01,0.7903,0.0249,0.7276,0.0373,7,0.6603,0.0420,0.6056,0.0705,3,0.8181,0.7828,0.7701,0.7637,0.6892,0.7300,0.7083,0.6417,0.6308,0.6696,0.5300,0.6172
layer23,23,False,pooled hidden state (4096),0.01,0.8020,0.0242,0.7382,0.0230,7,0.6524,0.0243,0.6265,0.0441,3,0.8262,0.8020,0.7778,0.7610,0.7150,0.7385,0.6776,0.6290,0.6507,0.6662,0.5790,0.6343
layer24,24,False,pooled hidden state (4096),0.01,0.7992,0.0230,0.7289,0.0089,7,0.6597,0.0330,0.6360,0.0582,3,0.8239,0.7952,0.7784,0.7358,0.7320,0.7188,0.6954,0.6532,0.6303,0.7021,0.6134,0.5925
layer25,25,False,pooled hidden state (4096),0.01,0.7979,0.0183,0.7294,0.0109,7,0.6599,0.0607,0.6139,0.0973,3,0.8187,0.7907,0.7843,0.7393,0.7177,0.7310,0.7292,0.6158,0.6349,0.7126,0.5180,0.6111
layer26,26,False,pooled hidden state (4096),0.01,0.7857,0.0218,0.7063,0.0123,7,0.6624,0.0268,0.6043,0.0053,3,0.8064,0.7879,0.7629,0.7185,0.7067,0.6938,0.6677,0.6861,0.6334,0.6034,0.5995,0.6101
layer27,27,False,pooled hidden state (4096),0.01,0.7905,0.0207,0.7007,0.0222,7,0.6586,0.0282,0.5987,0.0067,3,0.8082,0.7958,0.7677,0.6898,0.7263,0.6859,0.6622,0.6849,0.6288,0.5947,0.5949,0.6065
layer28,28,False,pooled hidden state (4096),0.01,0.8059,0.0326,0.7436,0.0442,7,0.6797,0.0306,0.6464,0.0615,3,0.8268,0.8225,0.7683,0.7527,0.7825,0.6956,0.6468,0.7074,0.6849,0.5947,0.6301,0.7144
layer29,29,False,pooled hidden state (4096),0.01,0.7867,0.0207,0.7378,0.0354,7,0.6838,0.0155,0.6545,0.0610,3,0.7848,0.8083,0.7671,0.7049,0.7752,0.7333,0.6736,0.7016,0.6762,0.6275,0.6117,0.7244
layer30,30,False,pooled hidden state (4096),0.01,0.7875,0.0164,0.7185,0.0146,7,0.6901,0.0115,0.6759,0.0464,3,0.8064,0.7777,0.7784,0.7348,0.7142,0.7065,0.6840,0.7033,0.6828,0.6756,0.6296,0.7224
layer31,31,False,pooled hidden state (4096),0.01,0.7699,0.0145,0.7108,0.0333,7,0.7231,0.0263,0.6936,0.0602,3,0.7848,0.7691,0.7558,0.7165,0.7409,0.6751,0.7227,0.6970,0.7496,0.7232,0.6243,0.7332
layer32,32,True,pooled hidden state (4096),0.01,0.7754,0.0355,0.6903,0.0632,7,0.7095,0.0068,0.6932,0.0495,3,0.8157,0.7487,0.7617,0.7530,0.6266,0.6912,0.7168,0.7033,0.7083,0.7284,0.6366,0.7148
action_tokens,-1,False,action_token_ids (7),0.01,0.6565,0.0183,0.6244,0.0811,7,0.5679,0.0619,0.5626,0.0868,3,0.6496,0.6773,0.6426,0.6963,0.6404,0.5365,0.6205,0.5835,0.4997,0.4691,0.5780,0.6406
layer00,0,False,pooled hidden state (4096),0.001,0.7491,0.0057,0.8380,0.0161,7,0.7110,0.0891,0.7710,0.0634,3,0.7440,0.7482,0.7552,0.8326,0.8561,0.8253,0.7817,0.7402,0.6109,0.8441,0.7383,0.7306
layer01,1,False,pooled hidden state (4096),0.001,0.8098,0.0291,0.7980,0.0273,7,0.7044,0.0296,0.6807,0.0268,3,0.8408,0.8054,0.7831,0.7719,0.8263,0.7958,0.6935,0.7379,0.6818,0.6933,0.6989,0.6500
layer02,2,False,pooled hidden state (4096),0.001,0.8070,0.0167,0.8050,0.0450,7,0.7109,0.0247,0.7161,0.0422,3,0.8210,0.8117,0.7885,0.7651,0.8538,0.7961,0.7183,0.7310,0.6833,0.7636,0.6829,0.7019
layer03,3,False,pooled hidden state (4096),0.001,0.8090,0.0286,0.7938,0.0474,7,0.7066,0.0190,0.6928,0.0124,3,0.8303,0.8202,0.7766,0.7661,0.8485,0.7668,0.7019,0.7275,0.6905,0.7028,0.6788,0.6966
layer04,4,False,pooled hidden state (4096),0.001,0.8040,0.0304,0.7578,0.0349,7,0.6921,0.0316,0.6809,0.0146,3,0.8367,0.7986,0.7766,0.7345,0.7980,0.7411,0.6944,0.7224,0.6594,0.6904,0.6640,0.6882
layer05,5,False,pooled hidden state (4096),0.001,0.8066,0.0292,0.7876,0.0334,7,0.6606,0.0541,0.6492,0.0323,3,0.8391,0.7981,0.7825,0.7626,0.8255,0.7745,0.6895,0.6941,0.5982,0.6751,0.6131,0.6595
layer06,6,False,pooled hidden state (4096),0.001,0.7979,0.0261,0.7673,0.0174,7,0.6870,0.0263,0.6394,0.0363,3,0.8280,0.7850,0.7807,0.7473,0.7781,0.7765,0.6691,0.7172,0.6747,0.6014,0.6430,0.6738
layer07,7,False,pooled hidden state (4096),0.001,0.8045,0.0305,0.7696,0.0210,7,0.6913,0.0291,0.6320,0.0387,3,0.8397,0.7884,0.7855,0.7737,0.7468,0.7882,0.6647,0.7224,0.6869,0.5878,0.6478,0.6602
layer08,8,False,pooled hidden state (4096),0.001,0.7930,0.0284,0.7344,0.0416,7,0.6709,0.0329,0.6030,0.0335,3,0.8251,0.7708,0.7831,0.7430,0.6891,0.7710,0.6597,0.7079,0.6451,0.5666,0.6095,0.6327
layer09,9,False,pooled hidden state (4096),0.001,0.7879,0.0258,0.7264,0.0209,7,0.6759,0.0270,0.6055,0.0495,3,0.8175,0.7697,0.7766,0.7330,0.7029,0.7432,0.6642,0.6567,0.7068,0.5751,0.5788,0.6626
layer10,10,False,pooled hidden state (4096),0.001,0.7925,0.0196,0.7401,0.0162,7,0.6852,0.0322,0.6248,0.0155,3,0.8152,0.7811,0.7813,0.7242,0.7395,0.7567,0.7014,0.7062,0.6481,0.6231,0.6410,0.6102
layer11,11,False,pooled hidden state (4096),0.001,0.7934,0.0219,0.7299,0.0234,7,0.6686,0.0198,0.5718,0.0383,3,0.8175,0.7748,0.7879,0.7235,0.7103,0.7558,0.6726,0.6861,0.6471,0.5279,0.5984,0.5892
layer12,12,False,pooled hidden state (4096),0.001,0.7937,0.0166,0.7285,0.0386,7,0.6195,0.0606,0.5937,0.0284,3,0.8128,0.7839,0.7843,0.7232,0.6929,0.7695,0.6721,0.6331,0.5533,0.5615,0.6154,0.6042
layer13,13,False,pooled hidden state (4096),0.001,0.7947,0.0131,0.7396,0.0333,7,0.6319,0.0771,0.6085,0.0381,3,0.8076,0.7952,0.7813,0.7110,0.7316,0.7762,0.6811,0.6717,0.5431,0.5934,0.5803,0.6519
layer14,14,False,pooled hidden state (4096),0.001,0.7940,0.0189,0.7282,0.0299,7,0.6492,0.0376,0.5999,0.0328,3,0.8152,0.7879,0.7790,0.7177,0.7050,0.7620,0.6696,0.6722,0.6058,0.5933,0.5708,0.6354
layer15,15,False,pooled hidden state (4096),0.001,0.7987,0.0188,0.7459,0.0215,7,0.6661,0.0469,0.5789,0.0873,3,0.8163,0.8009,0.7790,0.7502,0.7225,0.7649,0.6429,0.6354,0.7200,0.5212,0.5362,0.6793
layer16,16,False,pooled hidden state (4096),0.001,0.8005,0.0110,0.7484,0.0280,7,0.6991,0.0143,0.6556,0.0227,3,0.8111,0.8015,0.7891,0.7168,0.7586,0.7699,0.7049,0.7097,0.6828,0.6760,0.6597,0.6311
layer17,17,False,pooled hidden state (4096),0.001,0.7962,0.0150,0.7368,0.0224,7,0.6854,0.0425,0.6555,0.0224,3,0.8064,0.8032,0.7790,0.7109,0.7486,0.7509,0.6682,0.7339,0.6543,0.6362,0.6800,0.6502
layer18,18,False,pooled hidden state (4096),0.001,0.8010,0.0162,0.7391,0.0201,7,0.7071,0.0278,0.6870,0.0289,3,0.8192,0.7952,0.7885,0.7429,0.7173,0.7570,0.7118,0.7321,0.6772,0.7153,0.6881,0.6575
layer19,19,False,pooled hidden state (4096),0.001,0.7997,0.0195,0.7298,0.0327,7,0.7198,0.0149,0.6848,0.0278,3,0.8222,0.7896,0.7873,0.7363,0.6944,0.7588,0.7321,0.7241,0.7032,0.7145,0.6593,0.6807
layer20,20,False,pooled hidden state (4096),0.001,0.7984,0.0252,0.7435,0.0294,7,0.7130,0.0247,0.6556,0.0315,3,0.8262,0.7918,0.7772,0.7567,0.7098,0.7641,0.7361,0.7160,0.6869,0.6857,0.6228,0.6583
layer21,21,False,pooled hidden state (4096),0.001,0.7967,0.0236,0.7434,0.0237,7,0.7068,0.0397,0.6688,0.0808,3,0.8227,0.7907,0.7766,0.7543,0.7162,0.7597,0.7525,0.6878,0.6803,0.7552,0.5951,0.6562
layer22,22,False,pooled hidden state (4096),0.001,0.8001,0.0204,0.7463,0.0196,7,0.6900,0.0181,0.6470,0.0579,3,0.8204,0.8003,0.7796,0.7533,0.7242,0.7614,0.7083,0.6895,0.6721,0.6975,0.5838,0.6598
layer23,23,False,pooled hidden state (4096),0.001,0.8100,0.0256,0.7659,0.0210,7,0.6968,0.0135,0.6657,0.0401,3,0.8356,0.8100,0.7843,0.7718,0.7426,0.7833,0.7108,0.6959,0.6838,0.7040,0.6241,0.6691
layer24,24,False,pooled hidden state (4096),0.001,0.8102,0.0247,0.7534,0.0006,7,0.6963,0.0217,0.6664,0.0499,3,0.8367,0.8060,0.7879,0.7541,0.7533,0.7529,0.7118,0.7056,0.6716,0.7213,0.6240,0.6539
layer25,25,False,pooled hidden state (4096),0.001,0.8056,0.0219,0.7478,0.0231,7,0.7035,0.0137,0.6522,0.0491,3,0.8286,0.8032,0.7849,0.7311,0.7742,0.7382,0.7192,0.6941,0.6971,0.6819,0.5956,0.6793
layer26,26,False,pooled hidden state (4096),0.001,0.7983,0.0244,0.7336,0.0104,7,0.6917,0.0257,0.6540,0.0141,3,0.8198,0.8032,0.7718,0.7320,0.7447,0.7239,0.6979,0.7137,0.6634,0.6620,0.6377,0.6621
layer27,27,False,pooled hidden state (4096),0.001,0.7967,0.0237,0.7253,0.0267,7,0.6928,0.0211,0.6510,0.0165,3,0.8181,0.8009,0.7712,0.7349,0.7459,0.6952,0.6920,0.7143,0.6721,0.6506,0.6347,0.6678
layer28,28,False,pooled hidden state (4096),0.001,0.8073,0.0346,0.7463,0.0428,7,0.7033,0.0198,0.6755,0.0452,3,0.8373,0.8151,0.7695,0.7697,0.7724,0.6970,0.6811,0.7189,0.7098,0.6461,0.6530,0.7275
layer29,29,False,pooled hidden state (4096),0.001,0.7998,0.0270,0.7486,0.0166,7,0.7140,0.0221,0.7163,0.0273,3,0.8227,0.8066,0.7701,0.7551,0.7611,0.7298,0.7059,0.7391,0.6971,0.7073,0.6948,0.7470
layer30,30,False,pooled hidden state (4096),0.001,0.7944,0.0240,0.7393,0.0126,7,0.7241,0.0216,0.7104,0.0176,3,0.8216,0.7856,0.7760,0.7520,0.7390,0.7268,0.7173,0.7483,0.7068,0.7130,0.6916,0.7265
layer31,31,False,pooled hidden state (4096),0.001,0.7889,0.0273,0.7254,0.0308,7,0.7476,0.0062,0.7176,0.0248,3,0.8204,0.7725,0.7736,0.7535,0.7303,0.6925,0.7406,0.7500,0.7522,0.7338,0.6890,0.7300
layer32,32,True,pooled hidden state (4096),0.001,0.7934,0.0323,0.7365,0.0330,7,0.7383,0.0214,0.7245,0.0340,3,0.8303,0.7708,0.7790,0.7746,0.7175,0.7173,0.7540,0.7471,0.7139,0.7613,0.6941,0.7181
action_tokens,-1,False,action_token_ids (7),0.001,0.6552,0.0183,0.6251,0.0815,7,0.5694,0.0656,0.5628,0.0841,3,0.6472,0.6761,0.6423,0.6918,0.6493,0.5343,0.6275,0.5824,0.4982,0.4751,0.5703,0.6429
layer00,0,False,pooled hidden state (4096),0.0001,0.7491,0.0056,0.8437,0.0150,7,0.7095,0.0884,0.7715,0.0602,3,0.7434,0.7493,0.7546,0.8397,0.8602,0.8311,0.7803,0.7379,0.6104,0.8407,0.7432,0.7306
layer01,1,False,pooled hidden state (4096),0.0001,0.8107,0.0246,0.8194,0.0350,7,0.7016,0.0472,0.6923,0.0399,3,0.8391,0.7981,0.7950,0.7949,0.8595,0.8038,0.6920,0.7529,0.6599,0.6916,0.7327,0.6528
layer02,2,False,pooled hidden state (4096),0.0001,0.8130,0.0125,0.8154,0.0358,7,0.7253,0.0243,0.7203,0.0303,3,0.8262,0.8111,0.8015,0.7849,0.8548,0.8066,0.7163,0.7529,0.7068,0.7444,0.7302,0.6864
layer03,3,False,pooled hidden state (4096),0.0001,0.8124,0.0196,0.8126,0.0212,7,0.7193,0.0248,0.7033,0.0144,3,0.8332,0.8094,0.7944,0.8059,0.8364,0.7955,0.7019,0.7477,0.7083,0.7062,0.7161,0.6877
layer04,4,False,pooled hidden state (4096),0.0001,0.8073,0.0228,0.8022,0.0130,7,0.7060,0.0288,0.6937,0.0014,3,0.8321,0.8026,0.7873,0.7972,0.8170,0.7924,0.6984,0.7379,0.6818,0.6945,0.6945,0.6920
layer05,5,False,pooled hidden state (4096),0.0001,0.8072,0.0234,0.7986,0.0428,7,0.6981,0.0208,0.6776,0.0200,3,0.8292,0.8100,0.7825,0.7809,0.8474,0.7675,0.6954,0.7200,0.6787,0.6906,0.6545,0.6876
layer06,6,False,pooled hidden state (4096),0.0001,0.8060,0.0253,0.7924,0.0179,7,0.7013,0.0282,0.6637,0.0239,3,0.8350,0.7952,0.7879,0.7862,0.8126,0.7783,0.6801,0.7333,0.6905,0.6376,0.6689,0.6847
layer07,7,False,pooled hidden state (4096),0.0001,0.8043,0.0295,0.7791,0.0218,7,0.7141,0.0267,0.6573,0.0287,3,0.8379,0.7924,0.7825,0.7685,0.8042,0.7646,0.6850,0.7373,0.7200,0.6278,0.6590,0.6850
layer08,8,False,pooled hidden state (4096),0.0001,0.8070,0.0331,0.7805,0.0177,7,0.7110,0.0244,0.6573,0.0307,3,0.8449,0.7924,0.7837,0.7870,0.7604,0.7939,0.6920,0.7385,0.7027,0.6231,0.6665,0.6824
layer09,9,False,pooled hidden state (4096),0.0001,0.8049,0.0320,0.7688,0.0049,7,0.7176,0.0252,0.6498,0.0324,3,0.8414,0.7913,0.7819,0.7632,0.7722,0.7709,0.6885,0.7310,0.7333,0.6137,0.6597,0.6760
layer10,10,False,pooled hidden state (4096),0.0001,0.8025,0.0263,0.7648,0.0133,7,0.7166,0.0157,0.6692,0.0060,3,0.8315,0.7958,0.7802,0.7500,0.7756,0.7687,0.7128,0.7339,0.7032,0.6689,0.6754,0.6634
layer11,11,False,pooled hidden state (4096),0.0001,0.8023,0.0273,0.7678,0.0261,7,0.6750,0.0275,0.6231,0.0255,3,0.8321,0.7964,0.7784,0.7584,0.7972,0.7477,0.6756,0.7022,0.6471,0.5945,0.6316,0.6434
layer12,12,False,pooled hidden state (4096),0.0001,0.8042,0.0166,0.7620,0.0440,7,0.6477,0.0632,0.6259,0.0400,3,0.8216,0.8026,0.7885,0.7116,0.7926,0.7818,0.6682,0.6982,0.5767,0.5828,0.6618,0.6330
layer13,13,False,pooled hidden state (4096),0.0001,0.8057,0.0213,0.7671,0.0234,7,0.6652,0.0409,0.6506,0.0414,3,0.8262,0.8071,0.7837,0.7401,0.7787,0.7825,0.6875,0.6901,0.6181,0.6466,0.6114,0.6939
layer14,14,False,pooled hidden state (4096),0.0001,0.8060,0.0186,0.7553,0.0337,7,0.7052,0.0054,0.6651,0.0250,3,0.8268,0.8003,0.7908,0.7190,0.7612,0.7857,0.7024,0.7114,0.7017,0.6806,0.6362,0.6784
layer15,15,False,pooled hidden state (4096),0.0001,0.8149,0.0183,0.7854,0.0423,7,0.7120,0.0216,0.6576,0.0457,3,0.8268,0.8242,0.7938,0.7423,0.8268,0.7870,0.6880,0.7183,0.7297,0.6345,0.6281,0.7102
layer16,16,False,pooled hidden state (4096),0.0001,0.8142,0.0121,0.7879,0.0490,7,0.7385,0.0107,0.7120,0.0124,3,0.8222,0.8202,0.8004,0.7353,0.8322,0.7963,0.7262,0.7448,0.7445,0.7156,0.6983,0.7222
layer17,17,False,pooled hidden state (4096),0.0001,0.8114,0.0138,0.7786,0.0302,7,0.7327,0.0268,0.6974,0.0310,3,0.8251,0.8117,0.7974,0.7472,0.8074,0.7812,0.7039,0.7373,0.7568,0.6717,0.6886,0.7318
layer18,18,False,pooled hidden state (4096),0.0001,0.8143,0.0168,0.7802,0.0278,7,0.7375,0.0180,0.7165,0.0192,3,0.8303,0.8157,0.7968,0.7548,0.8098,0.7759,0.7173,0.7437,0.7517,0.7046,0.7062,0.7387
layer19,19,False,pooled hidden state (4096),0.0001,0.8118,0.0171,0.7813,0.0180,7,0.7394,0.0162,0.7139,0.0375,3,0.8292,0.8111,0.7950,0.7619,0.7976,0.7844,0.7247,0.7368,0.7568,0.6852,0.7002,0.7563
layer20,20,False,pooled hidden state (4096),0.0001,0.8109,0.0199,0.7762,0.0272,7,0.7375,0.0051,0.7063,0.0319,3,0.8292,0.8140,0.7897,0.7471,0.8010,0.7804,0.7376,0.7425,0.7323,0.6803,0.6967,0.7420
layer21,21,False,pooled hidden state (4096),0.0001,0.8086,0.0215,0.7821,0.0298,7,0.7352,0.0115,0.7068,0.0088,3,0.8280,0.8123,0.7855,0.7569,0.8150,0.7745,0.7307,0.7483,0.7267,0.7064,0.6982,0.7159
layer22,22,False,pooled hidden state (4096),0.0001,0.8093,0.0211,0.7973,0.0259,7,0.7327,0.0148,0.7070,0.0217,3,0.8274,0.8145,0.7861,0.7838,0.8272,0.7810,0.7168,0.7460,0.7353,0.6985,0.6909,0.7316
layer23,23,False,pooled hidden state (4096),0.0001,0.8136,0.0225,0.7997,0.0216,7,0.7387,0.0208,0.7257,0.0142,3,0.8332,0.8185,0.7891,0.7807,0.8232,0.7952,0.7158,0.7563,0.7440,0.7182,0.7169,0.7421
layer24,24,False,pooled hidden state (4096),0.0001,0.8153,0.0271,0.8012,0.0125,7,0.7378,0.0188,0.7276,0.0097,3,0.8414,0.8174,0.7873,0.7896,0.8145,0.7996,0.7192,0.7569,0.7374,0.7242,0.7200,0.7385
layer25,25,False,pooled hidden state (4096),0.0001,0.8107,0.0286,0.7947,0.0181,7,0.7366,0.0125,0.7091,0.0197,3,0.8402,0.8088,0.7831,0.7936,0.8133,0.7771,0.7222,0.7425,0.7450,0.6947,0.7010,0.7316
layer26,26,False,pooled hidden state (4096),0.0001,0.8084,0.0271,0.7972,0.0100,7,0.7325,0.0171,0.7198,0.0163,3,0.8362,0.8071,0.7819,0.8012,0.8047,0.7859,0.7153,0.7494,0.7328,0.7016,0.7248,0.7331
layer27,27,False,pooled hidden state (4096),0.0001,0.8115,0.0242,0.7929,0.0196,7,0.7374,0.0175,0.7324,0.0125,3,0.8362,0.8106,0.7879,0.7856,0.8150,0.7780,0.7173,0.7488,0.7460,0.7334,0.7194,0.7443
layer28,28,False,pooled hidden state (4096),0.0001,0.8148,0.0286,0.8060,0.0401,7,0.7294,0.0143,0.7343,0.0143,3,0.8426,0.8162,0.7855,0.8271,0.8312,0.7598,0.7178,0.7454,0.7251,0.7406,0.7180,0.7444
layer29,29,False,pooled hidden state (4096),0.0001,0.8118,0.0239,0.8071,0.0367,7,0.7349,0.0263,0.7419,0.0070,3,0.8321,0.8179,0.7855,0.7981,0.8474,0.7756,0.7232,0.7650,0.7165,0.7341,0.7475,0.7442
layer30,30,False,pooled hidden state (4096),0.0001,0.8077,0.0259,0.7860,0.0215,7,0.7417,0.0258,0.7289,0.0306,3,0.8356,0.8032,0.7843,0.7776,0.8104,0.7699,0.7297,0.7713,0.7241,0.7553,0.7361,0.6953
layer31,31,False,pooled hidden state (4096),0.0001,0.8078,0.0226,0.7947,0.0218,7,0.7459,0.0207,0.7365,0.0308,3,0.8332,0.7998,0.7903,0.7842,0.8197,0.7801,0.7416,0.7684,0.7277,0.7689,0.7331,0.7076
layer32,32,True,pooled hidden state (4096),0.0001,0.8105,0.0241,0.7965,0.0133,7,0.7505,0.0276,0.7425,0.0271,3,0.8379,0.8009,0.7926,0.7845,0.8108,0.7943,0.7535,0.7765,0.7216,0.7666,0.7477,0.7131
action_tokens,-1,False,action_token_ids (7),0.0001,0.6542,0.0205,0.6433,0.0680,7,0.5723,0.0635,0.5665,0.1064,3,0.6402,0.6778,0.6447,0.6958,0.6678,0.5664,0.6359,0.5720,0.5089,0.4918,0.5195,0.6883
layer00,0,False,pooled hidden state (4096),1e-05,0.7404,0.0060,0.8289,0.0143,7,0.7039,0.0892,0.7739,0.0564,3,0.7394,0.7351,0.7469,0.8371,0.8371,0.8124,0.7733,0.7350,0.6033,0.8388,0.7463,0.7367
layer01,1,False,pooled hidden state (4096),1e-05,0.7999,0.0339,0.8439,0.0221,7,0.7376,0.0365,0.7563,0.0244,3,0.8391,0.7794,0.7813,0.8681,0.8388,0.8248,0.7123,0.7794,0.7211,0.7520,0.7825,0.7343
layer02,2,False,pooled hidden state (4096),1e-05,0.8028,0.0224,0.8261,0.0042,7,0.7423,0.0262,0.7445,0.0344,3,0.8286,0.7907,0.7891,0.8223,0.8253,0.8306,0.7252,0.7725,0.7292,0.7742,0.7525,0.7068
layer03,3,False,pooled hidden state (4096),1e-05,0.8043,0.0271,0.8253,0.0104,7,0.7340,0.0305,0.7445,0.0238,3,0.8356,0.7901,0.7873,0.8305,0.8321,0.8132,0.7202,0.7690,0.7129,0.7651,0.7500,0.7185
layer04,4,False,pooled hidden state (4096),1e-05,0.7987,0.0269,0.8169,0.0124,7,0.7168,0.0477,0.7457,0.0248,3,0.8297,0.7839,0.7825,0.8283,0.8038,0.8185,0.7212,0.7621,0.6670,0.7723,0.7417,0.7232
layer05,5,False,pooled hidden state (4096),1e-05,0.8015,0.0200,0.8234,0.0264,7,0.7259,0.0271,0.7432,0.0275,3,0.8227,0.7986,0.7831,0.7945,0.8462,0.8295,0.7207,0.7552,0.7017,0.7750,0.7275,0.7271
layer06,6,False,pooled hidden state (4096),1e-05,0.8067,0.0207,0.8051,0.0291,7,0.7101,0.0306,0.6933,0.0096,3,0.8280,0.8054,0.7867,0.7828,0.8381,0.7944,0.6944,0.7454,0.6905,0.6845,0.7036,0.6919
layer07,7,False,pooled hidden state (4096),1e-05,0.8061,0.0245,0.7855,0.0128,7,0.7263,0.0155,0.6932,0.0126,3,0.8309,0.8054,0.7819,0.7775,0.8002,0.7787,0.7183,0.7442,0.7165,0.7055,0.6938,0.6804
layer08,8,False,pooled hidden state (4096),1e-05,0.8091,0.0201,0.7935,0.0084,7,0.7264,0.0180,0.6851,0.0174,3,0.8303,0.8066,0.7903,0.7880,0.8031,0.7893,0.7178,0.7471,0.7144,0.6911,0.6986,0.6655
layer09,9,False,pooled hidden state (4096),1e-05,0.8056,0.0249,0.8113,0.0292,7,0.7335,0.0186,0.6890,0.0222,3,0.8327,0.8003,0.7837,0.8018,0.8441,0.7881,0.7178,0.7540,0.7287,0.6661,0.7104,0.6906
layer10,10,False,pooled hidden state (4096),1e-05,0.8075,0.0192,0.8173,0.0414,7,0.7277,0.0133,0.7065,0.0186,3,0.8274,0.8060,0.7891,0.7974,0.8649,0.7896,0.7133,0.7396,0.7302,0.7267,0.6901,0.7029
layer11,11,False,pooled hidden state (4096),1e-05,0.8031,0.0219,0.7938,0.0351,7,0.7019,0.0247,0.6576,0.0084,3,0.8268,0.7986,0.7837,0.7657,0.8332,0.7827,0.6895,0.7304,0.6859,0.6643,0.6604,0.6482
layer12,12,False,pooled hidden state (4096),1e-05,0.8075,0.0183,0.8009,0.0355,7,0.6988,0.0461,0.6669,0.0269,3,0.8257,0.8077,0.7891,0.7828,0.8418,0.7781,0.6875,0.7494,0.6594,0.6580,0.6970,0.6455
layer13,13,False,pooled hidden state (4096),1e-05,0.8096,0.0233,0.8053,0.0205,7,0.7185,0.0249,0.7029,0.0194,3,0.8332,0.8088,0.7867,0.8060,0.8255,0.7845,0.7098,0.7465,0.6991,0.7252,0.6906,0.6929
layer14,14,False,pooled hidden state (4096),1e-05,0.8117,0.0201,0.8069,0.0437,7,0.7156,0.0333,0.6970,0.0365,3,0.8309,0.8134,0.7908,0.7669,0.8535,0.8002,0.7158,0.7488,0.6823,0.7362,0.6909,0.6639
layer15,15,False,pooled hidden state (4096),1e-05,0.8149,0.0211,0.8059,0.0490,7,0.7366,0.0197,0.7223,0.0252,3,0.8303,0.8236,0.7908,0.7680,0.8613,0.7885,0.7307,0.7586,0.7206,0.7509,0.7122,0.7037
layer16,16,False,pooled hidden state (4096),1e-05,0.8162,0.0201,0.8098,0.0349,7,0.7496,0.0181,0.7524,0.0288,3,0.8350,0.8185,0.7950,0.7831,0.8493,0.7970,0.7465,0.7690,0.7333,0.7843,0.7443,0.7286
layer17,17,False,pooled hidden state (4096),1e-05,0.8158,0.0207,0.8096,0.0384,7,0.7424,0.0184,0.7398,0.0252,3,0.8350,0.8185,0.7938,0.7844,0.8538,0.7905,0.7282,0.7632,0.7358,0.7684,0.7209,0.7300
layer18,18,False,pooled hidden state (4096),1e-05,0.8156,0.0224,0.8064,0.0290,7,0.7458,0.0223,0.7540,0.0134,3,0.8385,0.8145,0.7938,0.7875,0.8398,0.7917,0.7302,0.7713,0.7358,0.7695,0.7476,0.7450
layer19,19,False,pooled hidden state (4096),1e-05,0.8137,0.0256,0.8086,0.0236,7,0.7447,0.0221,0.7483,0.0059,3,0.8420,0.8071,0.7920,0.8155,0.8280,0.7824,0.7272,0.7696,0.7374,0.7551,0.7454,0.7444
layer20,20,False,pooled hidden state (4096),1e-05,0.8126,0.0241,0.8133,0.0210,7,0.7340,0.0290,0.7317,0.0028,3,0.8391,0.8066,0.7920,0.8076,0.8366,0.7957,0.7207,0.7673,0.7139,0.7298,0.7349,0.7305
layer21,21,False,pooled hidden state (4096),1e-05,0.8112,0.0255,0.8078,0.0229,7,0.7277,0.0332,0.7294,0.0094,3,0.8391,0.8054,0.7891,0.8116,0.8285,0.7832,0.7207,0.7638,0.6986,0.7389,0.7293,0.7200
layer22,22,False,pooled hidden state (4096),1e-05,0.8094,0.0242,0.8152,0.0267,7,0.7283,0.0280,0.7307,0.0146,3,0.8356,0.8049,0.7879,0.8219,0.8379,0.7858,0.7158,0.7604,0.7088,0.7237,0.7209,0.7474
layer23,23,False,pooled hidden state (4096),1e-05,0.8083,0.0244,0.8135,0.0184,7,0.7291,0.0323,0.7418,0.0047,3,0.8362,0.7986,0.7903,0.8304,0.8164,0.7939,0.7202,0.7650,0.7022,0.7431,0.7367,0.7457
layer24,24,False,pooled hidden state (4096),1e-05,0.8091,0.0240,0.8233,0.0223,7,0.7331,0.0288,0.7448,0.0055,3,0.8362,0.8009,0.7903,0.8396,0.8325,0.7979,0.7202,0.7661,0.7129,0.7427,0.7407,0.7511
layer25,25,False,pooled hidden state (4096),1e-05,0.8077,0.0242,0.8222,0.0315,7,0.7349,0.0288,0.7349,0.0115,3,0.8344,0.8015,0.7873,0.8375,0.8431,0.7860,0.7143,0.7679,0.7226,0.7241,0.7470,0.7337
layer26,26,False,pooled hidden state (4096),1e-05,0.8045,0.0255,0.8317,0.0242,7,0.7323,0.0303,0.7325,0.0146,3,0.8338,0.7924,0.7873,0.8512,0.8392,0.8046,0.7168,0.7673,0.7129,0.7397,0.7421,0.7156
layer27,27,False,pooled hidden state (4096),1e-05,0.8066,0.0263,0.8299,0.0174,7,0.7322,0.0341,0.7482,0.0248,3,0.8367,0.7952,0.7879,0.8433,0.8361,0.8103,0.7242,0.7696,0.7027,0.7760,0.7403,0.7283
layer28,28,False,pooled hidden state (4096),1e-05,0.8037,0.0249,0.8219,0.0198,7,0.7327,0.0345,0.7550,0.0351,3,0.8321,0.7935,0.7855,0.8335,0.8331,0.7991,0.7302,0.7684,0.6996,0.7946,0.7430,0.7275
layer29,29,False,pooled hidden state (4096),1e-05,0.8020,0.0243,0.8276,0.0242,7,0.7332,0.0438,0.7617,0.0404,3,0.8297,0.7918,0.7843,0.8304,0.8503,0.8022,0.7351,0.7759,0.6884,0.8047,0.7558,0.7245
layer30,30,False,pooled hidden state (4096),1e-05,0.8020,0.0296,0.8359,0.0269,7,0.7422,0.0441,0.7729,0.0460,3,0.8362,0.7867,0.7831,0.8507,0.8520,0.8049,0.7411,0.7869,0.6986,0.8214,0.7674,0.7298
layer31,31,False,pooled hidden state (4096),1e-05,0.8023,0.0330,0.8377,0.0246,7,0.7431,0.0454,0.7667,0.0244,3,0.8402,0.7811,0.7855,0.8587,0.8437,0.8106,0.7376,0.7909,0.7007,0.7919,0.7650,0.7432
layer32,32,True,pooled hidden state (4096),1e-05,0.8067,0.0351,0.8441,0.0224,7,0.7438,0.0523,0.7776,0.0234,3,0.8472,0.7856,0.7873,0.8634,0.8494,0.8195,0.7450,0.7955,0.6910,0.7957,0.7860,0.7512
action_tokens,-1,False,action_token_ids (7),1e-05,0.6326,0.0398,0.6466,0.0613,7,0.5721,0.0641,0.5667,0.1108,3,0.5883,0.6653,0.6441,0.6815,0.6824,0.5758,0.6379,0.5685,0.5099,0.4997,0.5059,0.6946
layer00,0,False,pooled hidden state (4096),1e-06,0.7153,0.0119,0.8078,0.0057,7,0.6683,0.0961,0.7693,0.0454,3,0.7096,0.7073,0.7291,0.8136,0.8078,0.8021,0.7391,0.7068,0.5589,0.8199,0.7556,0.7323
layer01,1,False,pooled hidden state (4096),1e-06,0.7420,0.0260,0.8168,0.0065,7,0.6924,0.1033,0.7776,0.0404,3,0.7720,0.7272,0.7267,0.8242,0.8142,0.8121,0.7267,0.7742,0.5762,0.8094,0.7912,0.7322
layer02,2,False,pooled hidden state (4096),1e-06,0.7507,0.0291,0.8199,0.0292,7,0.6930,0.1046,0.7809,0.0447,3,0.7843,0.7323,0.7356,0.8482,0.7899,0.8215,0.7336,0.7713,0.5742,0.8275,0.7768,0.7383
layer03,3,False,pooled hidden state (4096),1e-06,0.7436,0.0274,0.8023,0.0300,7,0.6861,0.1089,0.7761,0.0412,3,0.7749,0.7243,0.7314,0.8332,0.7732,0.8005,0.7307,0.7656,0.5620,0.8200,0.7702,0.7383
layer04,4,False,pooled hidden state (4096),1e-06,0.7412,0.0284,0.8068,0.0259,7,0.6790,0.1142,0.7728,0.0432,3,0.7738,0.7209,0.7291,0.8332,0.7814,0.8058,0.7302,0.7586,0.5482,0.8192,0.7656,0.7337
layer05,5,False,pooled hidden state (4096),1e-06,0.7526,0.0247,0.8131,0.0201,7,0.6917,0.0994,0.7693,0.0470,3,0.7808,0.7419,0.7350,0.8252,0.7899,0.8243,0.7302,0.7661,0.5788,0.8204,0.7596,0.7278
layer06,6,False,pooled hidden state (4096),1e-06,0.7644,0.0278,0.8045,0.0097,7,0.6940,0.0741,0.7358,0.0410,3,0.7965,0.7499,0.7469,0.7935,0.8082,0.8117,0.7197,0.7517,0.6104,0.7821,0.7209,0.7044
layer07,7,False,pooled hidden state (4096),1e-06,0.7731,0.0350,0.7938,0.0136,7,0.7202,0.0393,0.7331,0.0633,3,0.8134,0.7561,0.7499,0.7782,0.8034,0.7997,0.7277,0.7552,0.6777,0.8033,0.7158,0.6803
layer08,8,False,pooled hidden state (4096),1e-06,0.7770,0.0344,0.8133,0.0222,7,0.7258,0.0338,0.7440,0.0650,3,0.8163,0.7618,0.7528,0.7888,0.8321,0.8191,0.7316,0.7563,0.6894,0.8187,0.7132,0.7001
layer09,9,False,pooled hidden state (4096),1e-06,0.7802,0.0351,0.8184,0.0200,7,0.7270,0.0358,0.7343,0.0487,3,0.8198,0.7680,0.7528,0.8098,0.8413,0.8041,0.7237,0.7644,0.6930,0.7900,0.7131,0.6997
layer10,10,False,pooled hidden state (4096),1e-06,0.7820,0.0295,0.8340,0.0180,7,0.7283,0.0330,0.7436,0.0526,3,0.8152,0.7720,0.7588,0.8143,0.8383,0.8495,0.7267,0.7621,0.6961,0.8036,0.7214,0.7058
layer11,11,False,pooled hidden state (4096),1e-06,0.7785,0.0346,0.8128,0.0197,7,0.7176,0.0404,0.7266,0.0519,3,0.8175,0.7663,0.7516,0.7963,0.8346,0.8074,0.7207,0.7563,0.6757,0.7848,0.7101,0.6850
layer12,12,False,pooled hidden state (4096),1e-06,0.7733,0.0308,0.8168,0.0347,7,0.7047,0.0639,0.7133,0.0579,3,0.8082,0.7618,0.7499,0.8156,0.8521,0.7828,0.7133,0.7638,0.6369,0.7660,0.7225,0.6513
layer13,13,False,pooled hidden state (4096),1e-06,0.7719,0.0317,0.8027,0.0256,7,0.7140,0.0548,0.7361,0.0634,3,0.8082,0.7584,0.7493,0.8042,0.8275,0.7763,0.7272,0.7609,0.6537,0.8055,0.7216,0.6813
layer14,14,False,pooled hidden state (4096),1e-06,0.7735,0.0342,0.8027,0.0256,7,0.7141,0.0509,0.7327,0.0598,3,0.8128,0.7567,0.7510,0.7965,0.8308,0.7808,0.7242,0.7592,0.6588,0.7965,0.7236,0.6780
layer15,15,False,pooled hidden state (4096),1e-06,0.7737,0.0295,0.8136,0.0323,7,0.7228,0.0503,0.7476,0.0475,3,0.8076,0.7601,0.7534,0.8002,0.8504,0.7902,0.7292,0.7696,0.6696,0.7960,0.7456,0.7010
layer16,16,False,pooled hidden state (4096),1e-06,0.7772,0.0285,0.8132,0.0401,7,0.7245,0.0459,0.7501,0.0432,3,0.8099,0.7640,0.7576,0.7830,0.8587,0.7979,0.7312,0.7667,0.6757,0.7964,0.7428,0.7110
layer17,17,False,pooled hidden state (4096),1e-06,0.7729,0.0306,0.8061,0.0322,7,0.7204,0.0438,0.7455,0.0422,3,0.8082,0.7572,0.7534,0.7817,0.8425,0.7939,0.7222,0.7632,0.6757,0.7878,0.7453,0.7033
layer18,18,False,pooled hidden state (4096),1e-06,0.7714,0.0320,0.8157,0.0233,7,0.7220,0.0432,0.7458,0.0518,3,0.8082,0.7561,0.7499,0.8013,0.8425,0.8033,0.7267,0.7627,0.6767,0.8002,0.7401,0.6972
layer19,19,False,pooled hidden state (4096),1e-06,0.7694,0.0316,0.8186,0.0181,7,0.7181,0.0454,0.7465,0.0415,3,0.8058,0.7533,0.7493,0.8052,0.8392,0.8112,0.7227,0.7609,0.6706,0.7897,0.7428,0.7070
layer20,20,False,pooled hidden state (4096),1e-06,0.7648,0.0283,0.8207,0.0233,7,0.7112,0.0479,0.7339,0.0279,3,0.7971,0.7527,0.7445,0.8047,0.8474,0.8099,0.7143,0.7575,0.6619,0.7602,0.7368,0.7046
layer21,21,False,pooled hidden state (4096),1e-06,0.7640,0.0306,0.8194,0.0255,7,0.7061,0.0544,0.7369,0.0329,3,0.7988,0.7516,0.7415,0.8145,0.8470,0.7967,0.7183,0.7535,0.6466,0.7711,0.7342,0.7054
layer22,22,False,pooled hidden state (4096),1e-06,0.7618,0.0314,0.8205,0.0327,7,0.7032,0.0544,0.7359,0.0293,3,0.7971,0.7516,0.7368,0.8224,0.8523,0.7869,0.7178,0.7488,0.6430,0.7684,0.7278,0.7116
layer23,23,False,pooled hidden state (4096),1e-06,0.7583,0.0303,0.8186,0.0305,7,0.6993,0.0606,0.7398,0.0376,3,0.7924,0.7482,0.7344,0.8224,0.8470,0.7864,0.7212,0.7460,0.6308,0.7820,0.7274,0.7099
layer24,24,False,pooled hidden state (4096),1e-06,0.7548,0.0295,0.8124,0.0256,7,0.6998,0.0585,0.7387,0.0360,3,0.7878,0.7459,0.7308,0.8105,0.8388,0.7878,0.7202,0.7454,0.6339,0.7779,0.7312,0.7069
layer25,25,False,pooled hidden state (4096),1e-06,0.7540,0.0297,0.8173,0.0235,7,0.7004,0.0614,0.7329,0.0284,3,0.7872,0.7453,0.7296,0.8208,0.8388,0.7922,0.7138,0.7540,0.6334,0.7552,0.7427,0.7009
layer26,26,False,pooled hidden state (4096),1e-06,0.7521,0.0305,0.8246,0.0237,7,0.7010,0.0620,0.7376,0.0286,3,0.7854,0.7453,0.7255,0.8377,0.8388,0.7972,0.7163,0.7540,0.6328,0.7635,0.7424,0.7069
layer27,27,False,pooled hidden state (4096),1e-06,0.7499,0.0319,0.8223,0.0219,7,0.6945,0.0746,0.7444,0.0326,3,0.7843,0.7442,0.7213,0.8306,0.8389,0.7975,0.7202,0.7529,0.6104,0.7790,0.7397,0.7144
layer28,28,False,pooled hidden state (4096),1e-06,0.7478,0.0281,0.8256,0.0199,7,0.6852,0.0865,0.7482,0.0299,3,0.7773,0.7448,0.7213,0.8234,0.8465,0.8069,0.7188,0.7500,0.5869,0.7745,0.7543,0.7157
layer29,29,False,pooled hidden state (4096),1e-06,0.7431,0.0274,0.8176,0.0226,7,0.6778,0.1013,0.7523,0.0219,3,0.7708,0.7425,0.7160,0.8269,0.8340,0.7918,0.7188,0.7523,0.5625,0.7718,0.7563,0.7286
layer30,30,False,pooled hidden state (4096),1e-06,0.7441,0.0269,0.8363,0.0194,7,0.6759,0.1134,0.7668,0.0306,3,0.7720,0.7419,0.7184,0.8549,0.8378,0.8161,0.7252,0.7563,0.5461,0.7953,0.7707,0.7344
layer31,31,False,pooled hidden state (4096),1e-06,0.7420,0.0275,0.8241,0.0283,7,0.6706,0.1093,0.7580,0.0243,3,0.7708,0.7391,0.7160,0.8549,0.8180,0.7993,0.7212,0.7454,0.5451,0.7820,0.7585,0.7334
layer32,32,True,pooled hidden state (4096),1e-06,0.7490,0.0314,0.8285,0.0335,7,0.6893,0.1175,0.7653,0.0375,3,0.7837,0.7408,0.7225,0.8584,0.8349,0.7922,0.7173,0.7903,0.5604,0.7688,0.8010,0.7262
action_tokens,-1,False,action_token_ids (7),1e-06,0.6273,0.0496,0.6494,0.0593,7,0.5728,0.0648,0.5699,0.1094,3,0.5714,0.6659,0.6447,0.6788,0.6882,0.5811,0.6394,0.5691,0.5099,0.5050,0.5086,0.6963
