probe,layer,post_norm,inputs,c,pooled_seen_mean,pooled_seen_std,per_task_seen_mean,per_task_seen_std,n_tasks_seen,pooled_unseen_mean,pooled_unseen_std,per_task_unseen_mean,per_task_unseen_std,n_tasks_unseen,pooled_seen_s0,pooled_seen_s1,pooled_seen_s2,per_task_seen_s0,per_task_seen_s1,per_task_seen_s2,pooled_unseen_s0,pooled_unseen_s1,pooled_unseen_s2,per_task_unseen_s0,per_task_unseen_s1,per_task_unseen_s2,floor_seen,floor_unseen
layer00,0,False,pooled hidden state (4096),1e-05,0.7404,0.0060,0.8289,0.0143,7,0.7039,0.0892,0.7739,0.0564,3,0.7394,0.7351,0.7469,0.8371,0.8371,0.8124,0.7733,0.7350,0.6033,0.8388,0.7463,0.7367,0.6103,0.5466
layer01,1,False,pooled hidden state (4096),1e-05,0.7999,0.0339,0.8439,0.0221,7,0.7376,0.0365,0.7563,0.0244,3,0.8391,0.7794,0.7813,0.8681,0.8388,0.8248,0.7123,0.7794,0.7211,0.7520,0.7825,0.7343,0.6103,0.5466
layer02,2,False,pooled hidden state (4096),1e-05,0.8028,0.0224,0.8261,0.0042,7,0.7423,0.0262,0.7445,0.0344,3,0.8286,0.7907,0.7891,0.8223,0.8253,0.8306,0.7252,0.7725,0.7292,0.7742,0.7525,0.7068,0.6103,0.5466
layer03,3,False,pooled hidden state (4096),1e-05,0.8043,0.0271,0.8253,0.0104,7,0.7340,0.0305,0.7445,0.0238,3,0.8356,0.7901,0.7873,0.8305,0.8321,0.8132,0.7202,0.7690,0.7129,0.7651,0.7500,0.7185,0.6103,0.5466
layer04,4,False,pooled hidden state (4096),1e-05,0.7987,0.0269,0.8169,0.0124,7,0.7168,0.0477,0.7457,0.0248,3,0.8297,0.7839,0.7825,0.8283,0.8038,0.8185,0.7212,0.7621,0.6670,0.7723,0.7417,0.7232,0.6103,0.5466
layer05,5,False,pooled hidden state (4096),1e-05,0.8015,0.0200,0.8234,0.0264,7,0.7259,0.0271,0.7432,0.0275,3,0.8227,0.7986,0.7831,0.7945,0.8462,0.8295,0.7207,0.7552,0.7017,0.7750,0.7275,0.7271,0.6103,0.5466
layer06,6,False,pooled hidden state (4096),1e-05,0.8067,0.0207,0.8051,0.0291,7,0.7101,0.0306,0.6933,0.0096,3,0.8280,0.8054,0.7867,0.7828,0.8381,0.7944,0.6944,0.7454,0.6905,0.6845,0.7036,0.6919,0.6103,0.5466
layer07,7,False,pooled hidden state (4096),1e-05,0.8061,0.0245,0.7855,0.0128,7,0.7263,0.0155,0.6932,0.0126,3,0.8309,0.8054,0.7819,0.7775,0.8002,0.7787,0.7183,0.7442,0.7165,0.7055,0.6938,0.6804,0.6103,0.5466
layer08,8,False,pooled hidden state (4096),1e-05,0.8091,0.0201,0.7935,0.0084,7,0.7264,0.0180,0.6851,0.0174,3,0.8303,0.8066,0.7903,0.7880,0.8031,0.7893,0.7178,0.7471,0.7144,0.6911,0.6986,0.6655,0.6103,0.5466
layer09,9,False,pooled hidden state (4096),1e-05,0.8056,0.0249,0.8113,0.0292,7,0.7335,0.0186,0.6890,0.0222,3,0.8327,0.8003,0.7837,0.8018,0.8441,0.7881,0.7178,0.7540,0.7287,0.6661,0.7104,0.6906,0.6103,0.5466
layer10,10,False,pooled hidden state (4096),1e-05,0.8075,0.0192,0.8173,0.0414,7,0.7277,0.0133,0.7065,0.0186,3,0.8274,0.8060,0.7891,0.7974,0.8649,0.7896,0.7133,0.7396,0.7302,0.7267,0.6901,0.7029,0.6103,0.5466
layer11,11,False,pooled hidden state (4096),1e-05,0.8031,0.0219,0.7938,0.0351,7,0.7019,0.0247,0.6576,0.0084,3,0.8268,0.7986,0.7837,0.7657,0.8332,0.7827,0.6895,0.7304,0.6859,0.6643,0.6604,0.6482,0.6103,0.5466
layer12,12,False,pooled hidden state (4096),1e-05,0.8075,0.0183,0.8009,0.0355,7,0.6988,0.0461,0.6669,0.0269,3,0.8257,0.8077,0.7891,0.7828,0.8418,0.7781,0.6875,0.7494,0.6594,0.6580,0.6970,0.6455,0.6103,0.5466
layer13,13,False,pooled hidden state (4096),1e-05,0.8096,0.0233,0.8053,0.0205,7,0.7185,0.0249,0.7029,0.0194,3,0.8332,0.8088,0.7867,0.8060,0.8255,0.7845,0.7098,0.7465,0.6991,0.7252,0.6906,0.6929,0.6103,0.5466
layer14,14,False,pooled hidden state (4096),1e-05,0.8117,0.0201,0.8069,0.0437,7,0.7156,0.0333,0.6970,0.0365,3,0.8309,0.8134,0.7908,0.7669,0.8535,0.8002,0.7158,0.7488,0.6823,0.7362,0.6909,0.6639,0.6103,0.5466
layer15,15,False,pooled hidden state (4096),1e-05,0.8149,0.0211,0.8059,0.0490,7,0.7366,0.0197,0.7223,0.0252,3,0.8303,0.8236,0.7908,0.7680,0.8613,0.7885,0.7307,0.7586,0.7206,0.7509,0.7122,0.7037,0.6103,0.5466
layer16,16,False,pooled hidden state (4096),1e-05,0.8162,0.0201,0.8098,0.0349,7,0.7496,0.0181,0.7524,0.0288,3,0.8350,0.8185,0.7950,0.7831,0.8493,0.7970,0.7465,0.7690,0.7333,0.7843,0.7443,0.7286,0.6103,0.5466
layer17,17,False,pooled hidden state (4096),1e-05,0.8158,0.0207,0.8096,0.0384,7,0.7424,0.0184,0.7398,0.0252,3,0.8350,0.8185,0.7938,0.7844,0.8538,0.7905,0.7282,0.7632,0.7358,0.7684,0.7209,0.7300,0.6103,0.5466
layer18,18,False,pooled hidden state (4096),1e-05,0.8156,0.0224,0.8064,0.0290,7,0.7458,0.0223,0.7540,0.0134,3,0.8385,0.8145,0.7938,0.7875,0.8398,0.7917,0.7302,0.7713,0.7358,0.7695,0.7476,0.7450,0.6103,0.5466
layer19,19,False,pooled hidden state (4096),1e-05,0.8137,0.0256,0.8086,0.0236,7,0.7447,0.0221,0.7483,0.0059,3,0.8420,0.8071,0.7920,0.8155,0.8280,0.7824,0.7272,0.7696,0.7374,0.7551,0.7454,0.7444,0.6103,0.5466
layer20,20,False,pooled hidden state (4096),1e-05,0.8126,0.0241,0.8133,0.0210,7,0.7340,0.0290,0.7317,0.0028,3,0.8391,0.8066,0.7920,0.8076,0.8366,0.7957,0.7207,0.7673,0.7139,0.7298,0.7349,0.7305,0.6103,0.5466
layer21,21,False,pooled hidden state (4096),1e-05,0.8112,0.0255,0.8078,0.0229,7,0.7277,0.0332,0.7294,0.0094,3,0.8391,0.8054,0.7891,0.8116,0.8285,0.7832,0.7207,0.7638,0.6986,0.7389,0.7293,0.7200,0.6103,0.5466
layer22,22,False,pooled hidden state (4096),1e-05,0.8094,0.0242,0.8152,0.0267,7,0.7283,0.0280,0.7307,0.0146,3,0.8356,0.8049,0.7879,0.8219,0.8379,0.7858,0.7158,0.7604,0.7088,0.7237,0.7209,0.7474,0.6103,0.5466
layer23,23,False,pooled hidden state (4096),1e-05,0.8083,0.0244,0.8135,0.0184,7,0.7291,0.0323,0.7418,0.0047,3,0.8362,0.7986,0.7903,0.8304,0.8164,0.7939,0.7202,0.7650,0.7022,0.7431,0.7367,0.7457,0.6103,0.5466
layer24,24,False,pooled hidden state (4096),1e-05,0.8091,0.0240,0.8233,0.0223,7,0.7331,0.0288,0.7448,0.0055,3,0.8362,0.8009,0.7903,0.8396,0.8325,0.7979,0.7202,0.7661,0.7129,0.7427,0.7407,0.7511,0.6103,0.5466
layer25,25,False,pooled hidden state (4096),1e-05,0.8077,0.0242,0.8222,0.0315,7,0.7349,0.0288,0.7349,0.0115,3,0.8344,0.8015,0.7873,0.8375,0.8431,0.7860,0.7143,0.7679,0.7226,0.7241,0.7470,0.7337,0.6103,0.5466
layer26,26,False,pooled hidden state (4096),1e-05,0.8045,0.0255,0.8317,0.0242,7,0.7323,0.0303,0.7325,0.0146,3,0.8338,0.7924,0.7873,0.8512,0.8392,0.8046,0.7168,0.7673,0.7129,0.7397,0.7421,0.7156,0.6103,0.5466
layer27,27,False,pooled hidden state (4096),1e-05,0.8066,0.0263,0.8299,0.0174,7,0.7322,0.0341,0.7482,0.0248,3,0.8367,0.7952,0.7879,0.8433,0.8361,0.8103,0.7242,0.7696,0.7027,0.7760,0.7403,0.7283,0.6103,0.5466
layer28,28,False,pooled hidden state (4096),1e-05,0.8037,0.0249,0.8219,0.0198,7,0.7327,0.0345,0.7550,0.0351,3,0.8321,0.7935,0.7855,0.8335,0.8331,0.7991,0.7302,0.7684,0.6996,0.7946,0.7430,0.7275,0.6103,0.5466
layer29,29,False,pooled hidden state (4096),1e-05,0.8020,0.0243,0.8276,0.0242,7,0.7332,0.0438,0.7617,0.0404,3,0.8297,0.7918,0.7843,0.8304,0.8503,0.8022,0.7351,0.7759,0.6884,0.8047,0.7558,0.7245,0.6103,0.5466
layer30,30,False,pooled hidden state (4096),1e-05,0.8020,0.0296,0.8359,0.0269,7,0.7422,0.0441,0.7729,0.0460,3,0.8362,0.7867,0.7831,0.8507,0.8520,0.8049,0.7411,0.7869,0.6986,0.8214,0.7674,0.7298,0.6103,0.5466
layer31,31,False,pooled hidden state (4096),1e-05,0.8023,0.0330,0.8377,0.0246,7,0.7431,0.0454,0.7667,0.0244,3,0.8402,0.7811,0.7855,0.8587,0.8437,0.8106,0.7376,0.7909,0.7007,0.7919,0.7650,0.7432,0.6103,0.5466
layer32,32,True,pooled hidden state (4096),1e-05,0.8067,0.0351,0.8441,0.0224,7,0.7438,0.0523,0.7776,0.0234,3,0.8472,0.7856,0.7873,0.8634,0.8494,0.8195,0.7450,0.7955,0.6910,0.7957,0.7860,0.7512,0.6103,0.5466
action_tokens,-1,False,action_token_ids (7),1e-05,0.6326,0.0398,0.6466,0.0613,7,0.5721,0.0641,0.5667,0.1108,3,0.5883,0.6653,0.6441,0.6815,0.6824,0.5758,0.6379,0.5685,0.5099,0.4997,0.5059,0.6946,0.6103,0.5466
