seed,probe,perm,c,shuffled_pooled_seen,shuffled_per_task_seen,shuffled_pooled_unseen,shuffled_per_task_unseen,real_pooled_seen,real_per_task_seen,real_pooled_unseen,real_per_task_unseen
0,layer01,0,1e-05,0.4280,0.5658,0.6726,0.6288,0.8391,0.8681,0.7123,0.7520
0,layer01,1,1e-05,0.3761,0.4597,0.6027,0.3896,0.8391,0.8681,0.7123,0.7520
0,layer01,2,1e-05,0.5341,0.5085,0.6255,0.4740,0.8391,0.8681,0.7123,0.7520
0,layer01,3,1e-05,0.5207,0.4790,0.5863,0.3912,0.8391,0.8681,0.7123,0.7520
0,layer01,4,1e-05,0.3685,0.2667,0.6081,0.4771,0.8391,0.8681,0.7123,0.7520
1,layer10,0,1e-05,0.5961,0.5738,0.4217,0.3697,0.8060,0.8649,0.7396,0.6901
1,layer10,1,1e-05,0.5683,0.6132,0.5651,0.5017,0.8060,0.8649,0.7396,0.6901
1,layer10,2,1e-05,0.6177,0.5556,0.5328,0.5120,0.8060,0.8649,0.7396,0.6901
1,layer10,3,1e-05,0.5082,0.4144,0.6008,0.4154,0.8060,0.8649,0.7396,0.6901
1,layer10,4,1e-05,0.5445,0.3456,0.5605,0.4703,0.8060,0.8649,0.7396,0.6901
2,layer02,0,1e-05,0.6898,0.7116,0.4141,0.4555,0.7891,0.8306,0.7292,0.7068
2,layer02,1,1e-05,0.6381,0.4899,0.6425,0.4910,0.7891,0.8306,0.7292,0.7068
2,layer02,2,1e-05,0.5401,0.3508,0.4457,0.4857,0.7891,0.8306,0.7292,0.7068
2,layer02,3,1e-05,0.7071,0.6322,0.6639,0.5383,0.7891,0.8306,0.7292,0.7068
2,layer02,4,1e-05,0.5983,0.4703,0.6706,0.5510,0.7891,0.8306,0.7292,0.7068
