target_series,H,persistence_seen_mean,persistence_seen_std,persistence_unseen_mean,persistence_unseen_std,timestep_seen_mean,timestep_seen_std,timestep_unseen_mean,timestep_unseen_std
act_mag,0,1.0000,0.0000,1.0000,0.0000,0.4624,0.0407,0.5035,0.0447
act_mag,10,0.9929,0.0012,0.9917,0.0011,0.4679,0.0414,0.5096,0.0482
act_mag,25,0.9739,0.0021,0.9700,0.0035,0.4700,0.0441,0.5148,0.0516
act_rep,0,1.0000,0.0000,1.0000,0.0000,0.7018,0.0126,0.7253,0.0292
act_rep,10,0.9961,0.0008,0.9959,0.0004,0.7019,0.0130,0.7304,0.0324
act_rep,25,0.9796,0.0045,0.9792,0.0023,0.6986,0.0143,0.7265,0.0333
emb_temp[0],0,1.0000,0.0000,1.0000,0.0000,0.6250,0.0124,0.6583,0.0262
emb_temp[0],10,0.7832,0.0174,0.7880,0.0226,0.5899,0.0122,0.6365,0.0244
emb_temp[0],25,0.7455,0.0165,0.7405,0.0180,0.5356,0.0167,0.5820,0.0338
emb_temp[10],0,1.0000,0.0000,1.0000,0.0000,0.6058,0.0162,0.6354,0.0279
emb_temp[10],10,0.7788,0.0206,0.7808,0.0241,0.5946,0.0163,0.6412,0.0291
emb_temp[10],25,0.7582,0.0179,0.7572,0.0221,0.5366,0.0579,0.5650,0.0691
emb_temp[11],0,1.0000,0.0000,1.0000,0.0000,0.6023,0.0162,0.6298,0.0230
emb_temp[11],10,0.7744,0.0186,0.7755,0.0226,0.5943,0.0202,0.6434,0.0270
emb_temp[11],25,0.7531,0.0144,0.7506,0.0194,0.5301,0.0572,0.5723,0.0599
emb_temp[12],0,1.0000,0.0000,1.0000,0.0000,0.6040,0.0149,0.6302,0.0198
emb_temp[12],10,0.7690,0.0183,0.7704,0.0216,0.6027,0.0162,0.6520,0.0257
emb_temp[12],25,0.7425,0.0177,0.7390,0.0206,0.5393,0.0359,0.5865,0.0526
emb_temp[13],0,1.0000,0.0000,1.0000,0.0000,0.6012,0.0157,0.6294,0.0231
emb_temp[13],10,0.7626,0.0182,0.7626,0.0231,0.6059,0.0152,0.6506,0.0322
emb_temp[13],25,0.7372,0.0170,0.7326,0.0238,0.5420,0.0387,0.5954,0.0485
emb_temp[14],0,1.0000,0.0000,1.0000,0.0000,0.5950,0.0142,0.6238,0.0215
emb_temp[14],10,0.7605,0.0176,0.7596,0.0210,0.6040,0.0167,0.6510,0.0318
emb_temp[14],25,0.7408,0.0159,0.7359,0.0232,0.5434,0.0399,0.5933,0.0448
emb_temp[16],0,1.0000,0.0000,1.0000,0.0000,0.5916,0.0124,0.6213,0.0231
emb_temp[16],10,0.7611,0.0163,0.7618,0.0196,0.6056,0.0156,0.6549,0.0313
emb_temp[16],25,0.7421,0.0129,0.7382,0.0213,0.5625,0.0441,0.6171,0.0331
emb_temp[17],0,1.0000,0.0000,1.0000,0.0000,0.5899,0.0117,0.6200,0.0222
emb_temp[17],10,0.7606,0.0159,0.7614,0.0174,0.6066,0.0139,0.6551,0.0340
emb_temp[17],25,0.7409,0.0106,0.7374,0.0197,0.5625,0.0487,0.6181,0.0357
emb_temp[18],0,1.0000,0.0000,1.0000,0.0000,0.5898,0.0117,0.6209,0.0225
emb_temp[18],10,0.7577,0.0158,0.7584,0.0171,0.6075,0.0135,0.6560,0.0327
emb_temp[18],25,0.7365,0.0091,0.7337,0.0189,0.5638,0.0491,0.6200,0.0339
emb_temp[19],0,1.0000,0.0000,1.0000,0.0000,0.5934,0.0120,0.6247,0.0227
emb_temp[19],10,0.7572,0.0167,0.7579,0.0176,0.6067,0.0131,0.6564,0.0297
emb_temp[19],25,0.7375,0.0082,0.7352,0.0202,0.5610,0.0475,0.6200,0.0340
emb_temp[20],0,1.0000,0.0000,1.0000,0.0000,0.5985,0.0110,0.6303,0.0227
emb_temp[20],10,0.7541,0.0163,0.7565,0.0175,0.6079,0.0112,0.6583,0.0278
emb_temp[20],25,0.7330,0.0092,0.7321,0.0190,0.5725,0.0445,0.6232,0.0273
emb_temp[21],0,1.0000,0.0000,1.0000,0.0000,0.6068,0.0111,0.6390,0.0231
emb_temp[21],10,0.7553,0.0168,0.7577,0.0194,0.6119,0.0089,0.6632,0.0269
emb_temp[21],25,0.7324,0.0091,0.7318,0.0227,0.5916,0.0513,0.6443,0.0214
emb_temp[22],0,1.0000,0.0000,1.0000,0.0000,0.6106,0.0115,0.6442,0.0256
emb_temp[22],10,0.7551,0.0172,0.7574,0.0202,0.6136,0.0096,0.6658,0.0258
emb_temp[22],25,0.7289,0.0086,0.7313,0.0238,0.6032,0.0486,0.6581,0.0259
emb_temp[23],0,1.0000,0.0000,1.0000,0.0000,0.6153,0.0104,0.6511,0.0262
emb_temp[23],10,0.7577,0.0167,0.7599,0.0202,0.6169,0.0084,0.6699,0.0257
emb_temp[23],25,0.7309,0.0093,0.7322,0.0246,0.6148,0.0474,0.6603,0.0284
emb_temp[24],0,1.0000,0.0000,1.0000,0.0000,0.6208,0.0098,0.6557,0.0280
emb_temp[24],10,0.7605,0.0170,0.7626,0.0211,0.6193,0.0059,0.6725,0.0234
emb_temp[24],25,0.7339,0.0112,0.7335,0.0240,0.6269,0.0397,0.6701,0.0296
emb_temp[25],0,1.0000,0.0000,1.0000,0.0000,0.6266,0.0097,0.6607,0.0278
emb_temp[25],10,0.7631,0.0169,0.7661,0.0226,0.6255,0.0057,0.6777,0.0231
emb_temp[25],25,0.7351,0.0152,0.7353,0.0217,0.6383,0.0207,0.6757,0.0367
emb_temp[26],0,1.0000,0.0000,1.0000,0.0000,0.6330,0.0090,0.6661,0.0281
emb_temp[26],10,0.7691,0.0156,0.7717,0.0233,0.6327,0.0054,0.6857,0.0244
emb_temp[26],25,0.7412,0.0129,0.7404,0.0280,0.6406,0.0192,0.6876,0.0286
emb_temp[27],0,1.0000,0.0000,1.0000,0.0000,0.6349,0.0104,0.6687,0.0302
emb_temp[27],10,0.7709,0.0147,0.7743,0.0227,0.6356,0.0059,0.6878,0.0242
emb_temp[27],25,0.7387,0.0158,0.7419,0.0283,0.6391,0.0154,0.6898,0.0227
emb_temp[28],0,1.0000,0.0000,1.0000,0.0000,0.6382,0.0105,0.6721,0.0307
emb_temp[28],10,0.7744,0.0143,0.7779,0.0238,0.6363,0.0059,0.6898,0.0214
emb_temp[28],25,0.7422,0.0160,0.7461,0.0301,0.6425,0.0140,0.6980,0.0202
emb_temp[29],0,1.0000,0.0000,1.0000,0.0000,0.6399,0.0119,0.6730,0.0332
emb_temp[29],10,0.7765,0.0149,0.7794,0.0254,0.6388,0.0061,0.6902,0.0241
emb_temp[29],25,0.7448,0.0173,0.7483,0.0315,0.6474,0.0072,0.6997,0.0289
emb_temp[2],0,1.0000,0.0000,1.0000,0.0000,0.6274,0.0132,0.6609,0.0289
emb_temp[2],10,0.7944,0.0181,0.7978,0.0240,0.5933,0.0109,0.6405,0.0243
emb_temp[2],25,0.7655,0.0208,0.7614,0.0237,0.5360,0.0352,0.5642,0.0517
emb_temp[30],0,1.0000,0.0000,1.0000,0.0000,0.6392,0.0121,0.6726,0.0324
emb_temp[30],10,0.7802,0.0183,0.7803,0.0295,0.6441,0.0095,0.6930,0.0258
emb_temp[30],25,0.7459,0.0202,0.7468,0.0354,0.6464,0.0077,0.7036,0.0293
emb_temp[31],0,1.0000,0.0000,1.0000,0.0000,0.6380,0.0114,0.6702,0.0311
emb_temp[31],10,0.7867,0.0194,0.7873,0.0294,0.6449,0.0072,0.6937,0.0247
emb_temp[31],25,0.7534,0.0203,0.7541,0.0361,0.6469,0.0106,0.7020,0.0267
emb_temp[3],0,1.0000,0.0000,1.0000,0.0000,0.6293,0.0140,0.6621,0.0298
emb_temp[3],10,0.7876,0.0199,0.7909,0.0263,0.5924,0.0103,0.6408,0.0232
emb_temp[3],25,0.7606,0.0216,0.7552,0.0270,0.5341,0.0436,0.5738,0.0541
emb_temp[4],0,1.0000,0.0000,1.0000,0.0000,0.6315,0.0142,0.6647,0.0309
emb_temp[4],10,0.7847,0.0197,0.7894,0.0261,0.5969,0.0110,0.6418,0.0256
emb_temp[4],25,0.7569,0.0230,0.7549,0.0290,0.5314,0.0472,0.5755,0.0566
emb_temp[5],0,1.0000,0.0000,1.0000,0.0000,0.6306,0.0142,0.6624,0.0318
emb_temp[5],10,0.7883,0.0196,0.7931,0.0272,0.5961,0.0127,0.6406,0.0273
emb_temp[5],25,0.7601,0.0229,0.7575,0.0285,0.5365,0.0401,0.5758,0.0640
emb_temp[6],0,1.0000,0.0000,1.0000,0.0000,0.6278,0.0138,0.6581,0.0307
emb_temp[6],10,0.7859,0.0198,0.7913,0.0260,0.5970,0.0110,0.6409,0.0245
emb_temp[6],25,0.7570,0.0228,0.7575,0.0266,0.5358,0.0400,0.5694,0.0538
emb_temp[7],0,1.0000,0.0000,1.0000,0.0000,0.6256,0.0144,0.6556,0.0315
emb_temp[7],10,0.7871,0.0204,0.7914,0.0270,0.5966,0.0115,0.6407,0.0234
emb_temp[7],25,0.7592,0.0228,0.7621,0.0236,0.5412,0.0394,0.5643,0.0670
emb_temp[8],0,1.0000,0.0000,1.0000,0.0000,0.6208,0.0153,0.6508,0.0300
emb_temp[8],10,0.7879,0.0218,0.7910,0.0265,0.5945,0.0104,0.6397,0.0242
emb_temp[8],25,0.7625,0.0219,0.7620,0.0213,0.5347,0.0434,0.5673,0.0714
emb_temp[9],0,1.0000,0.0000,1.0000,0.0000,0.6135,0.0169,0.6405,0.0285
emb_temp[9],10,0.7817,0.0214,0.7841,0.0261,0.5946,0.0141,0.6392,0.0279
emb_temp[9],25,0.7579,0.0224,0.7596,0.0209,0.5339,0.0478,0.5617,0.0769
xl_final[0],0,1.0000,0.0000,1.0000,0.0000,0.5843,0.0158,0.6110,0.0443
xl_final[0],10,0.9764,0.0035,0.9788,0.0021,0.5713,0.0201,0.5984,0.0509
xl_final[0],25,0.9296,0.0061,0.9326,0.0024,0.5616,0.0177,0.5921,0.0505
xl_final[10],0,1.0000,0.0000,1.0000,0.0000,0.5742,0.0384,0.5508,0.0636
xl_final[10],10,0.9779,0.0014,0.9761,0.0009,0.5469,0.0467,0.5183,0.0633
xl_final[10],25,0.9309,0.0025,0.9219,0.0069,0.5210,0.0527,0.4713,0.0705
xl_final[11],0,1.0000,0.0000,1.0000,0.0000,0.5998,0.0363,0.5584,0.0722
xl_final[11],10,0.9780,0.0017,0.9773,0.0019,0.5799,0.0418,0.5288,0.0777
xl_final[11],25,0.9301,0.0048,0.9234,0.0056,0.5595,0.0476,0.4958,0.0858
xl_final[12],0,1.0000,0.0000,1.0000,0.0000,0.6115,0.0412,0.5702,0.0829
xl_final[12],10,0.9815,0.0023,0.9818,0.0026,0.5994,0.0443,0.5506,0.0842
xl_final[12],25,0.9351,0.0050,0.9347,0.0053,0.5786,0.0475,0.5299,0.0745
xl_final[13],0,1.0000,0.0000,1.0000,0.0000,0.5947,0.0530,0.5537,0.1034
xl_final[13],10,0.9848,0.0013,0.9832,0.0017,0.5844,0.0563,0.5409,0.1031
xl_final[13],25,0.9490,0.0021,0.9414,0.0083,0.5711,0.0563,0.5137,0.0971
xl_final[14],0,1.0000,0.0000,1.0000,0.0000,0.5634,0.0450,0.5468,0.0771
xl_final[14],10,0.9842,0.0012,0.9840,0.0023,0.5616,0.0452,0.5410,0.0802
xl_final[14],25,0.9466,0.0030,0.9452,0.0078,0.5551,0.0473,0.5291,0.0835
xl_final[15],0,1.0000,0.0000,1.0000,0.0000,0.5846,0.0462,0.5669,0.0868
xl_final[15],10,0.9847,0.0006,0.9840,0.0045,0.5790,0.0508,0.5484,0.0922
xl_final[15],25,0.9469,0.0026,0.9443,0.0173,0.5750,0.0520,0.5298,0.0963
xl_final[16],0,1.0000,0.0000,1.0000,0.0000,0.5348,0.0472,0.5112,0.0933
xl_final[16],10,0.9822,0.0020,0.9827,0.0003,0.5249,0.0499,0.4977,0.0941
xl_final[16],25,0.9435,0.0028,0.9456,0.0030,0.5179,0.0579,0.4821,0.0941
xl_final[19],0,1.0000,0.0000,1.0000,0.0000,0.6245,0.0289,0.6076,0.0910
xl_final[19],10,0.9789,0.0030,0.9748,0.0096,0.6056,0.0343,0.5768,0.0956
xl_final[19],25,0.9346,0.0018,0.9271,0.0224,0.5814,0.0312,0.5442,0.0954
xl_final[1],0,1.0000,0.0000,1.0000,0.0000,0.5480,0.0224,0.5439,0.0388
xl_final[1],10,0.9756,0.0009,0.9754,0.0009,0.5133,0.0168,0.5088,0.0328
xl_final[1],25,0.9300,0.0024,0.9280,0.0020,0.4706,0.0160,0.4556,0.0471
xl_final[20],0,1.0000,0.0000,1.0000,0.0000,0.6232,0.0397,0.6040,0.1133
xl_final[20],10,0.9778,0.0009,0.9729,0.0075,0.5925,0.0361,0.5680,0.1192
xl_final[20],25,0.9268,0.0039,0.9153,0.0208,0.5674,0.0374,0.5278,0.1120
xl_final[21],0,1.0000,0.0000,1.0000,0.0000,0.6155,0.0329,0.5861,0.0956
xl_final[21],10,0.9739,0.0046,0.9678,0.0088,0.5877,0.0288,0.5468,0.0908
xl_final[21],25,0.9184,0.0127,0.9001,0.0269,0.5580,0.0345,0.5051,0.0841
xl_final[22],0,1.0000,0.0000,1.0000,0.0000,0.5847,0.0292,0.5789,0.0900
xl_final[22],10,0.9690,0.0038,0.9674,0.0058,0.5469,0.0294,0.5323,0.0798
xl_final[22],25,0.9118,0.0065,0.9008,0.0238,0.5141,0.0251,0.4869,0.0659
xl_final[23],0,1.0000,0.0000,1.0000,0.0000,0.5873,0.0428,0.6116,0.0655
xl_final[23],10,0.9775,0.0018,0.9735,0.0051,0.5592,0.0434,0.5654,0.0558
xl_final[23],25,0.9263,0.0056,0.9145,0.0201,0.5148,0.0451,0.5156,0.0422
xl_final[24],0,1.0000,0.0000,1.0000,0.0000,0.5910,0.0358,0.6181,0.0547
xl_final[24],10,0.9773,0.0005,0.9769,0.0046,0.5640,0.0370,0.5770,0.0480
xl_final[24],25,0.9292,0.0061,0.9239,0.0151,0.5327,0.0310,0.5312,0.0252
xl_final[25],0,1.0000,0.0000,1.0000,0.0000,0.5835,0.0374,0.5930,0.0572
xl_final[25],10,0.9775,0.0022,0.9779,0.0035,0.5599,0.0354,0.5651,0.0364
xl_final[25],25,0.9310,0.0055,0.9278,0.0113,0.5221,0.0321,0.5180,0.0318
xl_final[26],0,1.0000,0.0000,1.0000,0.0000,0.5894,0.0353,0.5969,0.0558
xl_final[26],10,0.9779,0.0013,0.9763,0.0049,0.5612,0.0334,0.5562,0.0455
xl_final[26],25,0.9329,0.0037,0.9292,0.0136,0.5280,0.0293,0.5112,0.0420
xl_final[27],0,1.0000,0.0000,1.0000,0.0000,0.5821,0.0355,0.6081,0.0527
xl_final[27],10,0.9784,0.0023,0.9811,0.0029,0.5565,0.0348,0.5752,0.0416
xl_final[27],25,0.9306,0.0070,0.9401,0.0097,0.5253,0.0218,0.5342,0.0116
xl_final[28],0,1.0000,0.0000,1.0000,0.0000,0.5848,0.0301,0.6075,0.0500
xl_final[28],10,0.9787,0.0024,0.9782,0.0045,0.5541,0.0338,0.5680,0.0335
xl_final[28],25,0.9317,0.0094,0.9359,0.0108,0.5261,0.0321,0.5276,0.0125
xl_final[29],0,1.0000,0.0000,1.0000,0.0000,0.5257,0.0217,0.5237,0.0149
xl_final[29],10,0.9781,0.0022,0.9756,0.0054,0.4977,0.0192,0.4861,0.0139
xl_final[29],25,0.9337,0.0045,0.9319,0.0129,0.4661,0.0159,0.4432,0.0389
xl_final[2],0,1.0000,0.0000,1.0000,0.0000,0.5561,0.0123,0.5448,0.0347
xl_final[2],10,0.9765,0.0028,0.9765,0.0022,0.5326,0.0105,0.5131,0.0297
xl_final[2],25,0.9270,0.0061,0.9287,0.0032,0.4936,0.0050,0.4687,0.0218
xl_final[30],0,1.0000,0.0000,1.0000,0.0000,0.4811,0.0176,0.4797,0.0245
xl_final[30],10,0.9740,0.0010,0.9725,0.0033,0.4505,0.0173,0.4464,0.0303
xl_final[30],25,0.9224,0.0003,0.9213,0.0079,0.4149,0.0199,0.4009,0.0446
xl_final[3],0,1.0000,0.0000,1.0000,0.0000,0.5392,0.0128,0.5286,0.0421
xl_final[3],10,0.9772,0.0017,0.9772,0.0014,0.5112,0.0137,0.4943,0.0388
xl_final[3],25,0.9340,0.0042,0.9329,0.0031,0.4815,0.0030,0.4469,0.0389
xl_final[4],0,1.0000,0.0000,1.0000,0.0000,0.5449,0.0188,0.5370,0.0481
xl_final[4],10,0.9773,0.0009,0.9766,0.0011,0.5128,0.0181,0.4971,0.0417
xl_final[4],25,0.9324,0.0032,0.9327,0.0012,0.4776,0.0134,0.4466,0.0436
xl_final[5],0,1.0000,0.0000,1.0000,0.0000,0.5472,0.0229,0.5356,0.0536
xl_final[5],10,0.9783,0.0012,0.9765,0.0023,0.5162,0.0245,0.4981,0.0512
xl_final[5],25,0.9349,0.0012,0.9335,0.0024,0.4838,0.0201,0.4533,0.0462
xl_final[6],0,1.0000,0.0000,1.0000,0.0000,0.5327,0.0199,0.5243,0.0559
xl_final[6],10,0.9769,0.0012,0.9760,0.0014,0.5011,0.0196,0.4912,0.0531
xl_final[6],25,0.9321,0.0016,0.9293,0.0023,0.4727,0.0206,0.4385,0.0578
xl_final[7],0,1.0000,0.0000,1.0000,0.0000,0.5224,0.0284,0.5181,0.0569
xl_final[7],10,0.9762,0.0013,0.9757,0.0004,0.4958,0.0241,0.4810,0.0573
xl_final[7],25,0.9319,0.0001,0.9286,0.0037,0.4625,0.0312,0.4313,0.0572
xl_final[8],0,1.0000,0.0000,1.0000,0.0000,0.5205,0.0293,0.5151,0.0616
xl_final[8],10,0.9763,0.0011,0.9755,0.0014,0.4897,0.0287,0.4722,0.0608
xl_final[8],25,0.9310,0.0014,0.9279,0.0024,0.4662,0.0253,0.4312,0.0596
xl_final[9],0,1.0000,0.0000,1.0000,0.0000,0.5483,0.0338,0.5298,0.0627
xl_final[9],10,0.9781,0.0016,0.9777,0.0015,0.5178,0.0356,0.4952,0.0652
xl_final[9],25,0.9333,0.0035,0.9329,0.0033,0.4952,0.0433,0.4562,0.0707
