H,input,c,coef_mean,coef_std,sign_consistent,coef_s0,coef_s1,coef_s2
0,L00:act_rep:H0,0.01,-0.2113,0.1850,True,-0.4155,-0.0549,-0.1634
0,L00:act_mag:H0,0.01,0.1037,0.0940,True,0.1940,0.1107,0.0064
0,L00:emb_temp:H0,0.01,0.1420,0.1404,True,0.1453,0.2807,0.0000
0,L00:xl_final:H0,0.01,0.0426,0.1026,False,-0.0187,-0.0144,0.1611
0,L01:act_rep:H0,0.01,0.3508,0.4145,False,0.7518,-0.0759,0.3767
0,L01:act_mag:H0,0.01,-0.1519,0.1065,True,-0.2741,-0.1028,-0.0787
0,L01:xl_final:H0,0.01,0.0816,0.0488,True,0.1159,0.1031,0.0257
0,L02:act_rep:H0,0.01,-0.0865,0.0732,True,-0.0055,-0.1062,-0.1478
0,L02:act_mag:H0,0.01,0.1229,0.2545,False,-0.1672,0.3088,0.2270
0,L02:emb_temp:H0,0.01,0.1356,0.1087,True,0.0433,0.1081,0.2554
0,L02:xl_final:H0,0.01,0.0700,0.2253,False,0.3036,0.0526,-0.1461
0,L03:act_rep:H0,0.01,-0.0741,0.0424,True,-0.0329,-0.0718,-0.1176
0,L03:act_mag:H0,0.01,0.1105,0.2022,False,0.3440,-0.0041,-0.0085
0,L03:emb_temp:H0,0.01,0.0228,0.2287,False,0.0262,-0.2075,0.2499
0,L03:xl_final:H0,0.01,0.0812,0.1053,False,0.0884,-0.0275,0.1827
0,L04:act_rep:H0,0.01,-0.0250,0.0626,False,-0.0761,-0.0437,0.0447
0,L04:act_mag:H0,0.01,0.3036,0.1218,True,0.4427,0.2163,0.2519
0,L04:emb_temp:H0,0.01,-0.0876,0.2441,False,-0.3694,0.0561,0.0506
0,L04:xl_final:H0,0.01,0.0813,0.2758,False,-0.0105,-0.1370,0.3913
0,L05:act_rep:H0,0.01,0.1566,0.1080,True,0.1187,0.0727,0.2784
0,L05:act_mag:H0,0.01,-0.1761,0.2462,False,-0.3804,0.0972,-0.2450
0,L05:emb_temp:H0,0.01,-0.1116,0.0917,True,-0.0231,-0.1055,-0.2061
0,L05:xl_final:H0,0.01,-0.4497,0.2642,True,-0.6155,-0.1450,-0.5886
0,L06:act_rep:H0,0.01,-0.2285,0.1677,True,-0.4173,-0.0968,-0.1715
0,L06:act_mag:H0,0.01,-0.3907,0.2778,True,-0.2694,-0.7086,-0.1942
0,L06:emb_temp:H0,0.01,-0.1930,0.2421,False,0.0012,-0.1161,-0.4642
0,L06:xl_final:H0,0.01,-0.2619,0.3766,False,-0.2680,-0.6355,0.1177
0,L07:act_rep:H0,0.01,0.1964,0.3845,False,0.6250,0.0823,-0.1181
0,L07:act_mag:H0,0.01,0.1097,0.1107,False,0.1885,0.1574,-0.0168
0,L07:emb_temp:H0,0.01,0.6217,0.1233,True,0.7540,0.6011,0.5101
0,L07:xl_final:H0,0.01,0.1121,0.4009,False,0.3823,0.3027,-0.3486
0,L08:act_rep:H0,0.01,0.0185,0.4938,False,-0.5295,0.4286,0.1565
0,L08:act_mag:H0,0.01,-0.1517,0.2151,False,-0.3898,-0.0940,0.0286
0,L08:emb_temp:H0,0.01,-0.2261,0.0960,True,-0.2997,-0.1175,-0.2611
0,L08:xl_final:H0,0.01,0.1518,0.1490,True,0.0210,0.1205,0.3139
0,L09:act_rep:H0,0.01,0.1509,0.2817,False,0.3267,0.3001,-0.1740
0,L09:act_mag:H0,0.01,0.1114,0.2578,False,0.3529,-0.1602,0.1414
0,L09:emb_temp:H0,0.01,-0.0595,0.1220,False,0.0440,-0.1940,-0.0286
0,L09:xl_final:H0,0.01,0.0853,0.0687,True,0.0835,0.1549,0.0175
0,L10:act_rep:H0,0.01,0.1428,0.1747,False,0.2344,0.2528,-0.0586
0,L10:act_mag:H0,0.01,0.0003,0.1069,False,-0.0970,-0.0169,0.1148
0,L10:emb_temp:H0,0.01,0.1448,0.1548,True,0.3180,0.0198,0.0966
0,L10:xl_final:H0,0.01,0.4761,0.1304,True,0.5192,0.3296,0.5795
0,L11:act_rep:H0,0.01,0.1681,0.0944,True,0.2692,0.0821,0.1532
0,L11:act_mag:H0,0.01,-0.0400,0.1798,False,0.0008,-0.2367,0.1158
0,L11:emb_temp:H0,0.01,-0.1775,0.2945,False,-0.3697,-0.3242,0.1616
0,L11:xl_final:H0,0.01,-0.4264,0.3260,True,-0.7282,-0.0807,-0.4703
0,L12:act_rep:H0,0.01,0.1326,0.5829,False,-0.3947,0.0340,0.7585
0,L12:act_mag:H0,0.01,0.0508,0.0924,False,0.1571,-0.0100,0.0053
0,L12:emb_temp:H0,0.01,-0.5114,0.1685,True,-0.3216,-0.5687,-0.6437
0,L12:xl_final:H0,0.01,0.0165,0.1714,False,0.1275,-0.1809,0.1029
0,L13:act_rep:H0,0.01,-0.2297,0.0884,True,-0.1986,-0.3294,-0.1610
0,L13:act_mag:H0,0.01,0.4898,0.4454,False,0.7297,0.7638,-0.0242
0,L13:emb_temp:H0,0.01,0.1281,0.0971,True,0.2322,0.1122,0.0400
0,L13:xl_final:H0,0.01,0.0135,0.3118,False,0.1237,0.2553,-0.3385
0,L14:act_rep:H0,0.01,0.0717,0.2662,False,0.3588,0.0232,-0.1669
0,L14:act_mag:H0,0.01,0.1042,0.2244,False,0.0397,-0.0808,0.3538
0,L14:emb_temp:H0,0.01,0.1715,0.3114,False,-0.1125,0.5045,0.1225
0,L14:xl_final:H0,0.01,0.2707,0.2382,True,0.0045,0.4638,0.3438
0,L15:act_rep:H0,0.01,-0.3266,0.1169,True,-0.2118,-0.3225,-0.4456
0,L15:act_mag:H0,0.01,-0.0906,0.2650,False,-0.3613,0.1684,-0.0790
0,L15:xl_final:H0,0.01,-0.7654,0.1625,True,-0.8763,-0.8412,-0.5789
0,L16:act_rep:H0,0.01,0.1655,0.3442,False,0.1669,-0.1794,0.5091
0,L16:act_mag:H0,0.01,-0.2640,0.1854,True,-0.1150,-0.4715,-0.2054
0,L16:emb_temp:H0,0.01,-0.0987,0.1318,False,-0.2204,0.0413,-0.1171
0,L16:xl_final:H0,0.01,0.4839,0.1688,True,0.6783,0.3737,0.3998
0,L17:act_rep:H0,0.01,-0.0529,0.1794,False,-0.1973,-0.1092,0.1479
0,L17:act_mag:H0,0.01,0.0427,0.1910,False,-0.1778,0.1476,0.1584
0,L17:emb_temp:H0,0.01,0.0318,0.1526,False,0.1912,-0.1128,0.0169
0,L18:act_rep:H0,0.01,0.1713,0.3394,False,0.5560,0.0440,-0.0860
0,L18:act_mag:H0,0.01,-0.0342,0.0958,False,-0.1169,0.0708,-0.0564
0,L18:emb_temp:H0,0.01,0.0284,0.0307,False,-0.0062,0.0524,0.0389
0,L19:act_rep:H0,0.01,-0.1863,0.2773,False,-0.4576,0.0966,-0.1978
0,L19:act_mag:H0,0.01,-0.0700,0.0780,True,-0.1582,-0.0099,-0.0419
0,L19:emb_temp:H0,0.01,-0.1144,0.0272,True,-0.1206,-0.1381,-0.0846
0,L19:xl_final:H0,0.01,-0.1867,0.0909,True,-0.0974,-0.1836,-0.2792
0,L20:act_rep:H0,0.01,-0.0548,0.2456,False,0.1045,-0.3376,0.0687
0,L20:act_mag:H0,0.01,0.1600,0.1755,False,0.2840,0.2367,-0.0409
0,L20:emb_temp:H0,0.01,0.2095,0.1483,True,0.1075,0.1412,0.3796
0,L20:xl_final:H0,0.01,0.0496,0.0552,True,0.1099,0.0373,0.0016
0,L21:act_rep:H0,0.01,0.0216,0.0865,False,-0.0036,0.1179,-0.0495
0,L21:act_mag:H0,0.01,0.2627,0.4765,False,0.6130,0.4549,-0.2799
0,L21:emb_temp:H0,0.01,0.2102,0.1545,True,0.0353,0.3285,0.2666
0,L21:xl_final:H0,0.01,0.2790,0.1631,True,0.4414,0.1152,0.2803
0,L22:act_rep:H0,0.01,0.1115,0.3831,False,0.5256,0.0389,-0.2301
0,L22:act_mag:H0,0.01,-0.1487,0.0553,True,-0.1726,-0.0855,-0.1881
0,L22:emb_temp:H0,0.01,-0.0913,0.0824,True,-0.0233,-0.0675,-0.1830
0,L22:xl_final:H0,0.01,-0.4557,0.1852,True,-0.6235,-0.4867,-0.2570
0,L23:act_rep:H0,0.01,-0.1597,0.0268,True,-0.1452,-0.1906,-0.1434
0,L23:act_mag:H0,0.01,0.0596,0.2494,False,0.0597,-0.1899,0.3089
0,L23:emb_temp:H0,0.01,-0.2550,0.0940,True,-0.1725,-0.3574,-0.2351
0,L23:xl_final:H0,0.01,0.0639,0.3051,False,0.0547,0.3736,-0.2364
0,L24:act_rep:H0,0.01,-0.1114,0.3716,False,-0.5259,0.1920,-0.0004
0,L24:act_mag:H0,0.01,0.0075,0.1162,False,0.0520,-0.1243,0.0950
0,L24:emb_temp:H0,0.01,0.2545,0.0877,True,0.3556,0.2084,0.1993
0,L24:xl_final:H0,0.01,0.2400,0.3582,False,0.1207,-0.0434,0.6425
0,L25:act_rep:H0,0.01,0.0447,0.6050,False,-0.6188,0.1869,0.5660
0,L25:act_mag:H0,0.01,-0.1530,0.2015,False,-0.3774,0.0124,-0.0940
0,L25:emb_temp:H0,0.01,0.0707,0.1781,False,-0.0347,0.2764,-0.0295
0,L25:xl_final:H0,0.01,0.0034,0.2894,False,-0.0941,0.3289,-0.2246
0,L26:act_rep:H0,0.01,0.1877,0.2191,False,0.2965,-0.0645,0.3311
0,L26:act_mag:H0,0.01,0.2169,0.1400,True,0.3404,0.2455,0.0648
0,L26:emb_temp:H0,0.01,-0.0541,0.3106,False,0.1051,-0.4121,0.1446
0,L26:xl_final:H0,0.01,-0.1931,0.2560,True,-0.0577,-0.0332,-0.4883
0,L27:act_rep:H0,0.01,-0.0677,0.3335,False,-0.4156,0.2492,-0.0368
0,L27:act_mag:H0,0.01,0.1886,0.0792,True,0.2262,0.0976,0.2419
0,L27:emb_temp:H0,0.01,0.0386,0.1095,False,0.1208,-0.0857,0.0807
0,L27:xl_final:H0,0.01,0.3010,0.1473,True,0.4206,0.3461,0.1365
0,L28:act_rep:H0,0.01,0.0981,0.1652,False,0.2326,-0.0864,0.1480
0,L28:act_mag:H0,0.01,0.0011,0.0856,False,0.0803,-0.0897,0.0127
0,L28:emb_temp:H0,0.01,0.1050,0.1819,False,0.0222,0.3135,-0.0208
0,L28:xl_final:H0,0.01,0.2553,0.3867,False,0.5412,-0.1847,0.4094
0,L29:act_rep:H0,0.01,-0.0588,0.5992,False,0.2519,0.3211,-0.7495
0,L29:act_mag:H0,0.01,-0.3414,0.1426,True,-0.3978,-0.1792,-0.4471
0,L29:emb_temp:H0,0.01,0.1855,0.2119,False,-0.0582,0.2878,0.3270
0,L29:xl_final:H0,0.01,-0.0005,0.1548,False,-0.1650,0.0213,0.1423
0,L30:act_rep:H0,0.01,-0.4472,0.0847,True,-0.3827,-0.5431,-0.4159
0,L30:act_mag:H0,0.01,-0.1085,0.1705,False,-0.1926,0.0877,-0.2206
0,L30:emb_temp:H0,0.01,0.1722,0.2008,False,0.3428,-0.0490,0.2230
0,L30:xl_final:H0,0.01,-0.0328,0.1362,False,0.1109,-0.0492,-0.1600
0,L31:act_rep:H0,0.01,0.3871,0.2538,True,0.4360,0.1125,0.6129
0,L31:act_mag:H0,0.01,-0.2182,0.2527,False,-0.1921,-0.4830,0.0205
0,L31:emb_temp:H0,0.01,-0.1122,0.1418,False,-0.1160,0.0314,-0.2521
0,L31:xl_final:H0,0.01,-0.0194,0.1892,False,-0.1484,0.1978,-0.1077
10,L00:act_rep:H10,0.001,-0.0232,0.0695,False,-0.1003,0.0348,-0.0042
10,L00:act_mag:H10,0.001,0.0407,0.0311,True,0.0761,0.0178,0.0283
10,L00:emb_temp:H10,0.001,0.0475,0.0597,True,0.0140,0.1164,0.0121
10,L00:xl_final:H10,0.001,0.0346,0.0475,False,-0.0063,0.0233,0.0868
10,L01:act_rep:H10,0.001,0.1353,0.1537,False,0.2814,-0.0250,0.1496
10,L01:act_mag:H10,0.001,-0.0262,0.0578,False,-0.0627,-0.0565,0.0405
10,L01:xl_final:H10,0.001,0.0281,0.0353,False,0.0591,-0.0104,0.0357
10,L02:act_rep:H10,0.001,0.0499,0.0728,False,0.1243,-0.0212,0.0466
10,L02:act_mag:H10,0.001,0.0657,0.0969,False,-0.0452,0.1341,0.1082
10,L02:emb_temp:H10,0.001,0.0555,0.0355,True,0.0765,0.0146,0.0755
10,L02:xl_final:H10,0.001,0.0388,0.1363,False,0.1573,0.0693,-0.1101
10,L03:act_rep:H10,0.001,0.0397,0.0493,False,0.0847,-0.0129,0.0472
10,L03:act_mag:H10,0.001,0.0444,0.0200,True,0.0659,0.0408,0.0264
10,L03:emb_temp:H10,0.001,0.0064,0.0142,False,0.0015,-0.0047,0.0225
10,L03:xl_final:H10,0.001,0.0889,0.0482,True,0.0851,0.0427,0.1388
10,L04:act_rep:H10,0.001,0.0483,0.0286,True,0.0705,0.0160,0.0584
10,L04:act_mag:H10,0.001,0.0657,0.0362,True,0.0938,0.0784,0.0249
10,L04:emb_temp:H10,0.001,-0.0428,0.0755,False,-0.1125,-0.0533,0.0374
10,L04:xl_final:H10,0.001,-0.0233,0.1453,False,-0.0652,-0.1431,0.1384
10,L05:act_rep:H10,0.001,0.0514,0.0255,True,0.0656,0.0220,0.0666
10,L05:act_mag:H10,0.001,-0.0517,0.0383,True,-0.0727,-0.0074,-0.0749
10,L05:emb_temp:H10,0.001,-0.0609,0.0396,True,-0.0345,-0.0418,-0.1064
10,L05:xl_final:H10,0.001,-0.2044,0.0530,True,-0.2654,-0.1780,-0.1698
10,L06:act_rep:H10,0.001,-0.0300,0.0427,False,-0.0754,0.0093,-0.0239
10,L06:act_mag:H10,0.001,-0.1329,0.0704,True,-0.0906,-0.2142,-0.0940
10,L06:emb_temp:H10,0.001,-0.0190,0.0848,False,0.0593,-0.0073,-0.1090
10,L06:xl_final:H10,0.001,-0.0889,0.1392,False,-0.1219,-0.2086,0.0638
10,L07:act_rep:H10,0.001,0.0842,0.0407,True,0.1235,0.0869,0.0422
10,L07:act_mag:H10,0.001,0.0066,0.0304,False,0.0283,0.0195,-0.0282
10,L07:emb_temp:H10,0.001,0.0808,0.0776,True,0.1704,0.0336,0.0384
10,L07:xl_final:H10,0.001,0.0198,0.0963,False,0.0628,0.0871,-0.0905
10,L08:act_rep:H10,0.001,0.0486,0.0985,False,-0.0538,0.1428,0.0568
10,L08:act_mag:H10,0.001,-0.0388,0.0554,False,-0.0948,-0.0377,0.0161
10,L08:emb_temp:H10,0.001,0.0263,0.0222,True,0.0069,0.0216,0.0505
10,L08:xl_final:H10,0.001,0.0183,0.0209,False,0.0307,-0.0058,0.0301
10,L09:act_rep:H10,0.001,0.0601,0.0748,False,0.0543,0.1377,-0.0115
10,L09:act_mag:H10,0.001,0.0340,0.0942,False,0.1147,-0.0695,0.0568
10,L09:emb_temp:H10,0.001,0.0692,0.0303,True,0.0974,0.0372,0.0730
10,L09:xl_final:H10,0.001,0.2170,0.0359,True,0.2032,0.2577,0.1902
10,L10:act_rep:H10,0.001,0.0914,0.0467,True,0.0810,0.1425,0.0508
10,L10:act_mag:H10,0.001,0.0132,0.0795,False,0.0333,-0.0745,0.0808
10,L10:emb_temp:H10,0.001,0.0023,0.0537,False,0.0628,-0.0398,-0.0161
10,L10:xl_final:H10,0.001,0.1944,0.0448,True,0.1722,0.1650,0.2460
10,L11:act_rep:H10,0.001,0.0504,0.0106,True,0.0456,0.0429,0.0625
10,L11:act_mag:H10,0.001,-0.0215,0.0996,False,0.0027,-0.1310,0.0637
10,L11:emb_temp:H10,0.001,-0.0540,0.0878,False,-0.0198,-0.1538,0.0114
10,L11:xl_final:H10,0.001,-0.2247,0.0997,True,-0.3324,-0.1356,-0.2062
10,L12:act_rep:H10,0.001,0.0638,0.1670,False,-0.0628,0.0012,0.2530
10,L12:act_mag:H10,0.001,0.0151,0.0447,False,0.0600,0.0146,-0.0293
10,L12:emb_temp:H10,0.001,-0.0478,0.0302,True,-0.0704,-0.0597,-0.0135
10,L12:xl_final:H10,0.001,-0.0682,0.0062,True,-0.0613,-0.0698,-0.0734
10,L13:act_rep:H10,0.001,-0.0284,0.0332,False,-0.0245,-0.0634,0.0027
10,L13:act_mag:H10,0.001,0.1308,0.1874,False,0.2082,0.2671,-0.0829
10,L13:emb_temp:H10,0.001,-0.0388,0.0832,False,-0.1087,0.0533,-0.0611
10,L13:xl_final:H10,0.001,-0.0200,0.1478,False,-0.0102,0.1226,-0.1725
10,L14:act_rep:H10,0.001,-0.0074,0.0352,False,0.0328,-0.0326,-0.0225
10,L14:act_mag:H10,0.001,0.0924,0.0126,True,0.0780,0.1012,0.0979
10,L14:emb_temp:H10,0.001,0.0135,0.0748,False,-0.0259,0.0998,-0.0334
10,L14:xl_final:H10,0.001,-0.0055,0.1656,False,-0.1685,0.1626,-0.0106
10,L15:act_rep:H10,0.001,-0.0915,0.0560,True,-0.0277,-0.1328,-0.1140
10,L15:act_mag:H10,0.001,-0.0166,0.0881,False,-0.1130,0.0596,0.0036
10,L15:xl_final:H10,0.001,-0.2731,0.0456,True,-0.3144,-0.2809,-0.2241
10,L16:act_rep:H10,0.001,0.0004,0.1208,False,0.0435,-0.1360,0.0938
10,L16:act_mag:H10,0.001,-0.0212,0.0387,False,-0.0639,-0.0114,0.0117
10,L16:emb_temp:H10,0.001,0.0046,0.0690,False,-0.0423,0.0838,-0.0278
10,L16:xl_final:H10,0.001,0.1942,0.1424,True,0.3268,0.0438,0.2122
10,L17:act_rep:H10,0.001,0.0089,0.0464,False,0.0109,-0.0384,0.0542
10,L17:act_mag:H10,0.001,-0.0023,0.0416,False,-0.0501,0.0262,0.0169
10,L17:emb_temp:H10,0.001,-0.0042,0.0541,False,0.0530,-0.0110,-0.0545
10,L18:act_rep:H10,0.001,0.0134,0.0658,False,0.0863,-0.0415,-0.0045
10,L18:act_mag:H10,0.001,0.0016,0.0369,False,-0.0378,0.0353,0.0073
10,L18:emb_temp:H10,0.001,-0.0076,0.0359,False,-0.0473,0.0226,0.0019
10,L19:act_rep:H10,0.001,-0.0255,0.0159,True,-0.0223,-0.0115,-0.0428
10,L19:act_mag:H10,0.001,0.0216,0.0207,True,0.0098,0.0455,0.0094
10,L19:emb_temp:H10,0.001,0.0390,0.0244,True,0.0187,0.0660,0.0324
10,L19:xl_final:H10,0.001,-0.0754,0.0899,False,0.0011,-0.0529,-0.1745
10,L20:act_rep:H10,0.001,-0.0138,0.0358,False,-0.0037,-0.0536,0.0157
10,L20:act_mag:H10,0.001,0.0387,0.0680,False,0.0786,0.0773,-0.0398
10,L20:emb_temp:H10,0.001,0.0163,0.0447,False,0.0472,-0.0349,0.0367
10,L20:xl_final:H10,0.001,0.0906,0.0926,False,0.1835,0.0901,-0.0017
10,L21:act_rep:H10,0.001,-0.0016,0.0353,False,0.0131,0.0240,-0.0418
10,L21:act_mag:H10,0.001,0.0483,0.1530,False,0.1433,0.1297,-0.1282
10,L21:emb_temp:H10,0.001,0.0865,0.0226,True,0.0653,0.0840,0.1103
10,L21:xl_final:H10,0.001,0.0834,0.1256,False,0.1461,-0.0611,0.1654
10,L22:act_rep:H10,0.001,0.0100,0.0092,True,0.0203,0.0067,0.0029
10,L22:act_mag:H10,0.001,0.0021,0.0452,False,0.0387,0.0160,-0.0484
10,L22:emb_temp:H10,0.001,0.0650,0.0621,False,0.1196,0.0780,-0.0025
10,L22:xl_final:H10,0.001,-0.2049,0.0898,True,-0.3048,-0.1310,-0.1788
10,L23:act_rep:H10,0.001,-0.0681,0.0491,True,-0.1201,-0.0617,-0.0225
10,L23:act_mag:H10,0.001,0.0102,0.0726,False,0.0339,-0.0713,0.0680
10,L23:emb_temp:H10,0.001,0.0098,0.0534,False,0.0455,0.0355,-0.0516
10,L23:xl_final:H10,0.001,0.0630,0.1085,False,0.0372,0.1821,-0.0302
10,L24:act_rep:H10,0.001,-0.0307,0.1262,False,-0.1763,0.0356,0.0486
10,L24:act_mag:H10,0.001,0.0146,0.0497,False,0.0239,-0.0391,0.0589
10,L24:emb_temp:H10,0.001,0.0646,0.0517,True,0.1047,0.0828,0.0062
10,L24:xl_final:H10,0.001,0.1308,0.0895,True,0.0866,0.0720,0.2339
10,L25:act_rep:H10,0.001,0.0106,0.1763,False,-0.1834,0.0542,0.1611
10,L25:act_mag:H10,0.001,0.0082,0.0458,False,-0.0400,0.0136,0.0511
10,L25:emb_temp:H10,0.001,0.0298,0.0173,True,0.0191,0.0498,0.0204
10,L25:xl_final:H10,0.001,0.0528,0.0323,True,0.0159,0.0758,0.0667
10,L26:act_rep:H10,0.001,0.0404,0.0525,False,-0.0021,0.0242,0.0991
10,L26:act_mag:H10,0.001,0.0584,0.0239,True,0.0859,0.0426,0.0466
10,L26:emb_temp:H10,0.001,0.0596,0.0249,True,0.0837,0.0340,0.0610
10,L26:xl_final:H10,0.001,-0.0362,0.1599,False,0.0615,0.0507,-0.2208
10,L27:act_rep:H10,0.001,0.0294,0.1071,False,-0.0688,0.1437,0.0134
10,L27:act_mag:H10,0.001,0.0659,0.0242,True,0.0633,0.0431,0.0912
10,L27:emb_temp:H10,0.001,0.0147,0.1011,False,-0.0714,-0.0105,0.1260
10,L27:xl_final:H10,0.001,0.1208,0.0636,True,0.1696,0.1441,0.0488
10,L28:act_rep:H10,0.001,0.0350,0.0252,True,0.0637,0.0163,0.0250
10,L28:act_mag:H10,0.001,-0.0044,0.0144,False,0.0069,-0.0207,0.0007
10,L28:emb_temp:H10,0.001,0.0066,0.0601,False,-0.0563,0.0126,0.0634
10,L28:xl_final:H10,0.001,0.1450,0.1654,True,0.3309,0.0143,0.0897
10,L29:act_rep:H10,0.001,-0.0021,0.1806,False,0.1081,0.0961,-0.2106
10,L29:act_mag:H10,0.001,-0.1225,0.0735,True,-0.1241,-0.0482,-0.1953
10,L29:emb_temp:H10,0.001,0.0045,0.0435,False,0.0186,-0.0444,0.0392
10,L29:xl_final:H10,0.001,0.0398,0.0653,False,-0.0285,0.1015,0.0464
10,L30:act_rep:H10,0.001,-0.0687,0.0516,True,-0.0131,-0.0782,-0.1150
10,L30:act_mag:H10,0.001,-0.1442,0.0551,True,-0.2052,-0.0981,-0.1292
10,L30:emb_temp:H10,0.001,0.0648,0.0650,True,0.1358,0.0084,0.0501
10,L30:xl_final:H10,0.001,-0.0155,0.0794,False,0.0125,0.0462,-0.1051
10,L31:act_rep:H10,0.001,0.0714,0.0916,False,0.1331,-0.0339,0.1148
10,L31:act_mag:H10,0.001,-0.1258,0.0673,True,-0.1336,-0.1888,-0.0550
10,L31:emb_temp:H10,0.001,0.0094,0.0272,False,-0.0212,0.0307,0.0186
10,L31:xl_final:H10,0.001,-0.0000,0.0869,False,-0.0073,0.0903,-0.0831
25,L00:act_rep:H25,1e-05,0.0139,0.0016,True,0.0130,0.0131,0.0157
25,L00:act_mag:H25,1e-05,0.0129,0.0007,True,0.0130,0.0121,0.0135
25,L00:emb_temp:H25,1e-05,0.0131,0.0005,True,0.0135,0.0130,0.0126
25,L00:xl_final:H25,1e-05,0.0122,0.0005,True,0.0117,0.0126,0.0124
25,L01:act_rep:H25,1e-05,0.0163,0.0054,True,0.0203,0.0101,0.0185
25,L01:act_mag:H25,1e-05,0.0073,0.0028,True,0.0064,0.0050,0.0105
25,L01:xl_final:H25,1e-05,0.0055,0.0036,True,0.0096,0.0043,0.0026
25,L02:act_rep:H25,1e-05,0.0153,0.0047,True,0.0191,0.0100,0.0168
25,L02:act_mag:H25,1e-05,0.0073,0.0023,True,0.0050,0.0073,0.0095
25,L02:emb_temp:H25,1e-05,0.0166,0.0047,True,0.0210,0.0116,0.0172
25,L02:xl_final:H25,1e-05,0.0103,0.0029,True,0.0119,0.0120,0.0069
25,L03:act_rep:H25,1e-05,0.0153,0.0042,True,0.0186,0.0106,0.0167
25,L03:act_mag:H25,1e-05,0.0072,0.0010,True,0.0066,0.0067,0.0084
25,L03:emb_temp:H25,1e-05,0.0147,0.0005,True,0.0150,0.0142,0.0149
25,L03:xl_final:H25,1e-05,0.0082,0.0009,True,0.0089,0.0086,0.0071
25,L04:act_rep:H25,1e-05,0.0154,0.0037,True,0.0183,0.0113,0.0167
25,L04:act_mag:H25,1e-05,0.0073,0.0006,True,0.0075,0.0067,0.0078
25,L04:emb_temp:H25,1e-05,0.0120,0.0015,True,0.0135,0.0119,0.0104
25,L04:xl_final:H25,1e-05,0.0063,0.0005,True,0.0068,0.0058,0.0064
25,L05:act_rep:H25,1e-05,0.0155,0.0034,True,0.0179,0.0116,0.0170
25,L05:act_mag:H25,1e-05,0.0051,0.0006,True,0.0048,0.0047,0.0058
25,L05:emb_temp:H25,1e-05,0.0120,0.0027,True,0.0151,0.0112,0.0097
25,L05:xl_final:H25,1e-05,0.0052,0.0011,True,0.0064,0.0048,0.0044
25,L06:act_rep:H25,1e-05,0.0137,0.0019,True,0.0149,0.0115,0.0147
25,L06:act_mag:H25,1e-05,0.0040,0.0012,True,0.0042,0.0027,0.0051
25,L06:emb_temp:H25,1e-05,0.0116,0.0045,True,0.0167,0.0079,0.0101
25,L06:xl_final:H25,1e-05,0.0067,0.0013,True,0.0079,0.0053,0.0068
25,L07:act_rep:H25,1e-05,0.0142,0.0025,True,0.0158,0.0114,0.0155
25,L07:act_mag:H25,1e-05,0.0049,0.0008,True,0.0049,0.0041,0.0058
25,L07:emb_temp:H25,1e-05,0.0119,0.0049,True,0.0173,0.0078,0.0107
25,L07:xl_final:H25,1e-05,0.0081,0.0044,True,0.0083,0.0124,0.0037
25,L08:act_rep:H25,1e-05,0.0131,0.0019,True,0.0125,0.0116,0.0153
25,L08:act_mag:H25,1e-05,0.0040,0.0020,True,0.0030,0.0028,0.0063
25,L08:emb_temp:H25,1e-05,0.0118,0.0026,True,0.0145,0.0115,0.0094
25,L08:xl_final:H25,1e-05,0.0109,0.0042,True,0.0089,0.0157,0.0080
25,L09:act_rep:H25,1e-05,0.0125,0.0017,True,0.0126,0.0108,0.0142
25,L09:act_mag:H25,1e-05,0.0051,0.0027,True,0.0055,0.0022,0.0076
25,L09:emb_temp:H25,1e-05,0.0110,0.0017,True,0.0130,0.0101,0.0100
25,L09:xl_final:H25,1e-05,0.0154,0.0051,True,0.0138,0.0212,0.0112
25,L10:act_rep:H25,1e-05,0.0125,0.0024,True,0.0128,0.0100,0.0148
25,L10:act_mag:H25,1e-05,0.0049,0.0026,True,0.0047,0.0025,0.0076
25,L10:emb_temp:H25,1e-05,0.0133,0.0030,True,0.0168,0.0118,0.0112
25,L10:xl_final:H25,1e-05,0.0121,0.0031,True,0.0097,0.0156,0.0109
25,L11:act_rep:H25,1e-05,0.0115,0.0032,True,0.0120,0.0080,0.0144
25,L11:act_mag:H25,1e-05,0.0041,0.0029,True,0.0041,0.0013,0.0070
25,L11:emb_temp:H25,1e-05,0.0128,0.0004,True,0.0131,0.0127,0.0124
25,L11:xl_final:H25,1e-05,-0.0009,0.0083,False,-0.0059,0.0088,-0.0055
25,L12:act_rep:H25,1e-05,0.0108,0.0055,True,0.0094,0.0062,0.0169
25,L12:act_mag:H25,1e-05,0.0052,0.0012,True,0.0051,0.0040,0.0064
25,L12:emb_temp:H25,1e-05,0.0143,0.0009,True,0.0152,0.0133,0.0144
25,L12:xl_final:H25,1e-05,-0.0032,0.0095,False,-0.0097,0.0077,-0.0077
25,L13:act_rep:H25,1e-05,0.0093,0.0042,True,0.0106,0.0046,0.0126
25,L13:act_mag:H25,1e-05,0.0057,0.0026,True,0.0068,0.0076,0.0027
25,L13:emb_temp:H25,1e-05,0.0128,0.0024,True,0.0152,0.0129,0.0104
25,L13:xl_final:H25,1e-05,-0.0070,0.0137,False,-0.0098,0.0078,-0.0191
25,L14:act_rep:H25,1e-05,0.0099,0.0041,True,0.0110,0.0053,0.0134
25,L14:act_mag:H25,1e-05,0.0051,0.0013,True,0.0041,0.0066,0.0047
25,L14:emb_temp:H25,1e-05,0.0132,0.0026,True,0.0159,0.0129,0.0107
25,L14:xl_final:H25,1e-05,-0.0124,0.0086,True,-0.0166,-0.0025,-0.0181
25,L15:act_rep:H25,1e-05,0.0080,0.0039,True,0.0082,0.0040,0.0119
25,L15:act_mag:H25,1e-05,0.0024,0.0024,True,0.0001,0.0049,0.0023
25,L15:xl_final:H25,1e-05,-0.0179,0.0080,True,-0.0218,-0.0087,-0.0232
25,L16:act_rep:H25,1e-05,0.0091,0.0052,True,0.0089,0.0041,0.0145
25,L16:act_mag:H25,1e-05,0.0032,0.0020,True,0.0010,0.0048,0.0037
25,L16:emb_temp:H25,1e-05,0.0119,0.0003,True,0.0122,0.0117,0.0117
25,L16:xl_final:H25,1e-05,-0.0039,0.0090,False,0.0043,-0.0025,-0.0135
25,L17:act_rep:H25,1e-05,0.0089,0.0051,True,0.0074,0.0048,0.0146
25,L17:act_mag:H25,1e-05,0.0031,0.0015,True,0.0014,0.0040,0.0038
25,L17:emb_temp:H25,1e-05,0.0123,0.0008,True,0.0132,0.0116,0.0121
25,L18:act_rep:H25,1e-05,0.0087,0.0041,True,0.0076,0.0052,0.0132
25,L18:act_mag:H25,1e-05,0.0031,0.0017,True,0.0012,0.0046,0.0033
25,L18:emb_temp:H25,1e-05,0.0125,0.0008,True,0.0118,0.0134,0.0125
25,L19:act_rep:H25,1e-05,0.0079,0.0037,True,0.0061,0.0055,0.0122
25,L19:act_mag:H25,1e-05,0.0031,0.0019,True,0.0012,0.0050,0.0031
25,L19:emb_temp:H25,1e-05,0.0117,0.0007,True,0.0113,0.0125,0.0113
25,L19:xl_final:H25,1e-05,-0.0002,0.0138,False,0.0136,-0.0001,-0.0141
25,L20:act_rep:H25,1e-05,0.0080,0.0041,True,0.0060,0.0054,0.0127
25,L20:act_mag:H25,1e-05,0.0026,0.0022,True,0.0010,0.0051,0.0016
25,L20:emb_temp:H25,1e-05,0.0127,0.0008,True,0.0119,0.0135,0.0126
25,L20:xl_final:H25,1e-05,0.0067,0.0148,False,0.0222,0.0052,-0.0073
25,L21:act_rep:H25,1e-05,0.0078,0.0028,True,0.0060,0.0064,0.0111
25,L21:act_mag:H25,1e-05,0.0028,0.0022,True,0.0024,0.0052,0.0008
25,L21:emb_temp:H25,1e-05,0.0107,0.0009,True,0.0109,0.0115,0.0097
25,L21:xl_final:H25,1e-05,0.0081,0.0077,True,0.0171,0.0037,0.0036
25,L22:act_rep:H25,1e-05,0.0077,0.0041,True,0.0054,0.0054,0.0124
25,L22:act_mag:H25,1e-05,0.0025,0.0014,True,0.0011,0.0040,0.0024
25,L22:emb_temp:H25,1e-05,0.0108,0.0024,True,0.0123,0.0121,0.0081
25,L22:xl_final:H25,1e-05,0.0049,0.0070,False,0.0118,0.0051,-0.0022
25,L23:act_rep:H25,1e-05,0.0068,0.0043,True,0.0038,0.0049,0.0117
25,L23:act_mag:H25,1e-05,0.0024,0.0016,True,0.0007,0.0025,0.0040
25,L23:emb_temp:H25,1e-05,0.0107,0.0024,True,0.0127,0.0115,0.0080
25,L23:xl_final:H25,1e-05,0.0126,0.0106,True,0.0181,0.0193,0.0003
25,L24:act_rep:H25,1e-05,0.0069,0.0045,True,0.0029,0.0059,0.0118
25,L24:act_mag:H25,1e-05,0.0027,0.0021,True,0.0005,0.0031,0.0046
25,L24:emb_temp:H25,1e-05,0.0111,0.0014,True,0.0115,0.0122,0.0095
25,L24:xl_final:H25,1e-05,0.0165,0.0081,True,0.0233,0.0187,0.0075
25,L25:act_rep:H25,1e-05,0.0074,0.0059,True,0.0024,0.0059,0.0139
25,L25:act_mag:H25,1e-05,0.0026,0.0025,False,-0.0002,0.0033,0.0047
25,L25:emb_temp:H25,1e-05,0.0094,0.0022,True,0.0119,0.0082,0.0082
25,L25:xl_final:H25,1e-05,0.0154,0.0100,True,0.0216,0.0209,0.0039
25,L26:act_rep:H25,1e-05,0.0070,0.0045,True,0.0037,0.0052,0.0122
25,L26:act_mag:H25,1e-05,0.0026,0.0018,True,0.0007,0.0028,0.0042
25,L26:emb_temp:H25,1e-05,0.0118,0.0019,True,0.0135,0.0122,0.0097
25,L26:xl_final:H25,1e-05,0.0146,0.0124,True,0.0221,0.0215,0.0003
25,L27:act_rep:H25,1e-05,0.0079,0.0040,True,0.0038,0.0080,0.0118
25,L27:act_mag:H25,1e-05,0.0025,0.0025,True,0.0001,0.0023,0.0051
25,L27:emb_temp:H25,1e-05,0.0126,0.0013,True,0.0140,0.0125,0.0114
25,L27:xl_final:H25,1e-05,0.0202,0.0156,True,0.0316,0.0265,0.0025
25,L28:act_rep:H25,1e-05,0.0081,0.0030,True,0.0065,0.0062,0.0116
25,L28:act_mag:H25,1e-05,0.0009,0.0024,False,-0.0014,0.0008,0.0033
25,L28:emb_temp:H25,1e-05,0.0122,0.0019,True,0.0120,0.0143,0.0104
25,L28:xl_final:H25,1e-05,0.0220,0.0116,True,0.0322,0.0245,0.0094
25,L29:act_rep:H25,1e-05,0.0076,0.0006,True,0.0078,0.0069,0.0080
25,L29:act_mag:H25,1e-05,-0.0009,0.0018,False,-0.0027,0.0009,-0.0010
25,L29:emb_temp:H25,1e-05,0.0126,0.0013,True,0.0132,0.0135,0.0110
25,L29:xl_final:H25,1e-05,0.0165,0.0135,True,0.0240,0.0245,0.0009
25,L30:act_rep:H25,1e-05,0.0073,0.0026,True,0.0074,0.0047,0.0099
25,L30:act_mag:H25,1e-05,-0.0022,0.0025,True,-0.0051,-0.0006,-0.0009
25,L30:emb_temp:H25,1e-05,0.0155,0.0012,True,0.0159,0.0165,0.0142
25,L30:xl_final:H25,1e-05,0.0107,0.0181,False,0.0188,0.0233,-0.0101
25,L31:act_rep:H25,1e-05,0.0095,0.0041,True,0.0094,0.0053,0.0136
25,L31:act_mag:H25,1e-05,-0.0019,0.0026,False,-0.0047,-0.0014,0.0005
25,L31:emb_temp:H25,1e-05,0.0166,0.0019,True,0.0164,0.0185,0.0148
25,L31:xl_final:H25,1e-05,0.0112,0.0180,False,0.0183,0.0246,-0.0093
