H,model,c,n_inputs,sign_consistent,pooled_seen_mean,pooled_seen_std,per_task_seen_mean,per_task_seen_std,n_tasks_seen,pooled_unseen_mean,pooled_unseen_std,per_task_unseen_mean,per_task_unseen_std,n_tasks_unseen,pooled_seen_s0,pooled_seen_s1,pooled_seen_s2,per_task_seen_s0,per_task_seen_s1,per_task_seen_s2,pooled_unseen_s0,pooled_unseen_s1,pooled_unseen_s2,per_task_unseen_s0,per_task_unseen_s1,per_task_unseen_s2
0,full,0.01,124,50,0.8008,0.0183,0.7648,0.0392,7,0.7276,0.0615,0.6932,0.0299,3,0.8216,0.7935,0.7873,0.7448,0.7397,0.8099,0.7594,0.7667,0.6568,0.7125,0.7084,0.6588
0,only_act_rep,0.01,32,,0.7141,0.0331,0.7196,0.0337,7,0.6344,0.1090,0.6865,0.0132,3,0.7015,0.6892,0.7516,0.6866,0.7182,0.7539,0.7063,0.6878,0.5089,0.6906,0.6971,0.6718
0,only_act_mag,0.01,32,,0.7272,0.0203,0.7779,0.0260,7,0.6909,0.0557,0.6979,0.0296,3,0.7050,0.7448,0.7320,0.7485,0.7872,0.7980,0.7093,0.7350,0.6283,0.6767,0.6852,0.7318
0,only_emb_temp,0.01,30,,0.7535,0.0054,0.7873,0.0198,7,0.6983,0.0776,0.7094,0.0231,3,0.7580,0.7550,0.7475,0.8062,0.7891,0.7667,0.7247,0.7592,0.6109,0.7153,0.7290,0.6839
0,only_xl_final,0.01,30,,0.7802,0.0288,0.7438,0.0142,7,0.7157,0.0653,0.6934,0.0483,3,0.8122,0.7720,0.7564,0.7393,0.7324,0.7598,0.7614,0.7448,0.6410,0.6973,0.7396,0.6432
10,full,0.001,124,49,0.7861,0.0229,0.7816,0.0193,7,0.7278,0.0455,0.7086,0.0467,3,0.8122,0.7765,0.7695,0.7646,0.7777,0.8026,0.7336,0.7702,0.6798,0.6775,0.7624,0.6860
10,only_act_rep,0.001,32,,0.7082,0.0260,0.7278,0.0025,7,0.6476,0.1082,0.7122,0.0132,3,0.6962,0.6903,0.7380,0.7294,0.7250,0.7292,0.7133,0.7068,0.5227,0.7253,0.6989,0.7126
10,only_act_mag,0.001,32,,0.7257,0.0238,0.7832,0.0250,7,0.6959,0.0800,0.7327,0.0214,3,0.6985,0.7431,0.7356,0.7894,0.7557,0.8045,0.7128,0.7661,0.6089,0.7102,0.7528,0.7351
10,only_emb_temp,0.001,30,,0.7400,0.0080,0.8029,0.0318,7,0.7099,0.0254,0.7386,0.0630,3,0.7312,0.7419,0.7469,0.8366,0.7734,0.7986,0.6930,0.7391,0.6976,0.6659,0.7773,0.7728
10,only_xl_final,0.001,30,,0.7610,0.0249,0.7387,0.0317,7,0.7118,0.0651,0.6932,0.0531,3,0.7866,0.7595,0.7368,0.7132,0.7288,0.7742,0.7272,0.7679,0.6405,0.6753,0.7528,0.6513
25,full,1e-05,124,111,0.7495,0.0079,0.7887,0.0285,7,0.7154,0.0580,0.7305,0.0302,3,0.7586,0.7448,0.7451,0.8109,0.7566,0.7985,0.7024,0.7788,0.6650,0.7068,0.7646,0.7201
25,only_act_rep,1e-05,32,,0.6911,0.0183,0.7110,0.0454,7,0.6378,0.1006,0.7068,0.0189,3,0.6723,0.6920,0.7089,0.7577,0.7082,0.6670,0.6930,0.6987,0.5217,0.6920,0.7003,0.7281
25,only_act_mag,1e-05,32,,0.6970,0.0220,0.7269,0.0656,7,0.6618,0.0992,0.6681,0.0866,3,0.6717,0.7067,0.7124,0.7848,0.6557,0.7401,0.6642,0.7598,0.5614,0.6136,0.7680,0.6227
25,only_emb_temp,1e-05,30,,0.7195,0.0109,0.7930,0.0418,7,0.6877,0.0841,0.7428,0.0337,3,0.7160,0.7317,0.7106,0.8408,0.7634,0.7747,0.6999,0.7650,0.5982,0.7056,0.7712,0.7516
25,only_xl_final,1e-05,30,,0.6833,0.0273,0.6479,0.1249,7,0.6129,0.1071,0.5982,0.0320,3,0.6519,0.7011,0.6970,0.5609,0.5919,0.7910,0.6587,0.6895,0.4906,0.5642,0.6025,0.6278
