H,c,chosen,n_inputs,sign_consistent,pooled_seen_mean,pooled_seen_std,per_task_seen_mean,per_task_seen_std,n_tasks_seen,pooled_unseen_mean,pooled_unseen_std,per_task_unseen_mean,per_task_unseen_std,n_tasks_unseen,pooled_seen_s0,pooled_seen_s1,pooled_seen_s2,per_task_seen_s0,per_task_seen_s1,per_task_seen_s2,pooled_unseen_s0,pooled_unseen_s1,pooled_unseen_s2,per_task_unseen_s0,per_task_unseen_s1,per_task_unseen_s2
0,1,False,124,48,0.7999,0.0102,0.7463,0.0535,7,0.7270,0.0674,0.6845,0.0444,3,0.8117,0.7941,0.7938,0.7078,0.7236,0.8074,0.7639,0.7679,0.6492,0.7227,0.6950,0.6358
0,0.01,True,124,50,0.8008,0.0183,0.7648,0.0392,7,0.7276,0.0615,0.6932,0.0299,3,0.8216,0.7935,0.7873,0.7448,0.7397,0.8099,0.7594,0.7667,0.6568,0.7125,0.7084,0.6588
0,0.001,False,124,57,0.7807,0.0268,0.7529,0.0289,7,0.7272,0.0606,0.6788,0.0412,3,0.8117,0.7663,0.7641,0.7381,0.7345,0.7862,0.7599,0.7644,0.6573,0.6825,0.7181,0.6359
0,0.0001,False,124,67,0.7559,0.0094,0.7234,0.0527,7,0.7082,0.0585,0.6726,0.0649,3,0.7668,0.7504,0.7504,0.7017,0.6850,0.7835,0.7083,0.7667,0.6497,0.6620,0.7421,0.6136
0,1e-05,False,124,107,0.7384,0.0045,0.7289,0.0253,7,0.6922,0.0638,0.6812,0.0488,3,0.7417,0.7402,0.7332,0.7124,0.7163,0.7580,0.6925,0.7558,0.6283,0.6779,0.7315,0.6341
0,1e-06,False,124,115,0.7028,0.0202,0.7534,0.0314,7,0.6330,0.1313,0.6689,0.0640,3,0.6822,0.7226,0.7035,0.7792,0.7185,0.7626,0.6746,0.7385,0.4860,0.6395,0.7424,0.6249
10,1,False,124,38,0.7950,0.0211,0.7480,0.0261,7,0.7100,0.0569,0.6895,0.0438,3,0.8187,0.7879,0.7784,0.7367,0.7296,0.7779,0.7014,0.7707,0.6578,0.6436,0.7309,0.6940
10,0.01,False,124,41,0.8009,0.0236,0.7758,0.0199,7,0.7240,0.0430,0.7130,0.0291,3,0.8268,0.7952,0.7807,0.7605,0.7686,0.7982,0.7257,0.7661,0.6803,0.6806,0.7370,0.7213
10,0.001,True,124,49,0.7861,0.0229,0.7816,0.0193,7,0.7278,0.0455,0.7086,0.0467,3,0.8122,0.7765,0.7695,0.7646,0.7777,0.8026,0.7336,0.7702,0.6798,0.6775,0.7624,0.6860
10,0.0001,False,124,67,0.7587,0.0080,0.7298,0.0151,7,0.7121,0.0516,0.6942,0.0574,3,0.7673,0.7572,0.7516,0.7164,0.7267,0.7462,0.6920,0.7707,0.6736,0.6495,0.7589,0.6743
10,1e-05,False,124,109,0.7417,0.0048,0.7661,0.0115,7,0.7071,0.0505,0.7074,0.0423,3,0.7364,0.7459,0.7427,0.7620,0.7572,0.7791,0.6905,0.7638,0.6670,0.6664,0.7510,0.7049
10,1e-06,False,124,114,0.7098,0.0176,0.7813,0.0479,7,0.6489,0.1279,0.6968,0.0409,3,0.6915,0.7266,0.7112,0.8281,0.7324,0.7835,0.6830,0.7563,0.5074,0.6640,0.7427,0.6837
25,1,False,124,53,0.7909,0.0221,0.7486,0.0417,7,0.7104,0.0903,0.7137,0.0735,3,0.8152,0.7720,0.7855,0.7464,0.7080,0.7913,0.7093,0.8013,0.6206,0.6636,0.7980,0.6795
25,0.01,False,124,46,0.7997,0.0262,0.7825,0.0345,7,0.7252,0.0728,0.7208,0.0603,3,0.8297,0.7873,0.7819,0.8212,0.7550,0.7712,0.7257,0.7978,0.6522,0.6889,0.7904,0.6831
25,0.001,False,124,52,0.7907,0.0279,0.7779,0.0239,7,0.7286,0.0622,0.7254,0.0496,3,0.8227,0.7782,0.7712,0.7986,0.7517,0.7832,0.7178,0.7955,0.6726,0.6972,0.7826,0.6963
25,0.0001,False,124,64,0.7710,0.0167,0.7516,0.0299,7,0.7244,0.0574,0.7208,0.0408,3,0.7901,0.7635,0.7594,0.7637,0.7175,0.7735,0.7044,0.7892,0.6798,0.7043,0.7672,0.6909
25,1e-05,True,124,111,0.7495,0.0079,0.7887,0.0285,7,0.7154,0.0580,0.7305,0.0302,3,0.7586,0.7448,0.7451,0.8109,0.7566,0.7985,0.7024,0.7788,0.6650,0.7068,0.7646,0.7201
25,1e-06,False,124,105,0.7104,0.0115,0.7861,0.0545,7,0.6547,0.1263,0.7187,0.0419,3,0.6997,0.7226,0.7089,0.8393,0.7304,0.7886,0.6880,0.7609,0.5150,0.6783,0.7619,0.7160
