family,beta,best_series,best_per_task_seen,best_pooled_seen,median_per_task_seen,n_unstable,n_series,chosen
action,none,act_dir,0.5246,0.5315,0.5000,0,4,False
action,0.83,act_rep,0.6146,0.6660,0.5915,1,4,False
action,0.91,act_rep,0.6199,0.6710,0.5723,1,4,False
action,0.96,act_rep,0.6230,0.6723,0.5590,0,4,True
emb_temp,none,emb_temp[26],0.7567,0.7507,0.7295,2,32,True
emb_temp,0.83,emb_temp[16],0.7188,0.7397,0.7043,0,32,False
emb_temp,0.91,emb_temp[27],0.7047,0.7317,0.6838,4,32,False
emb_temp,0.96,emb_temp[31],0.6766,0.7083,0.6179,3,32,False
cross_layer,none,xl_adj[3],0.5974,0.5708,0.4458,3,63,False
cross_layer,0.83,xl_final[13],0.6667,0.5392,0.4759,9,63,False
cross_layer,0.91,xl_final[12],0.7032,0.6299,0.4877,12,63,True
cross_layer,0.96,xl_final[12],0.6953,0.6323,0.5134,14,63,False
