input,family,is_abs,beta,c,orientation,unstable,coef_mean,coef_std,coef_sign_consistent,coef_s0,coef_s1,coef_s2
act_mag,action,False,0.96,1e-05,---,False,0.0125,0.0048,True,0.0090,0.0179,0.0105
|act_mag|,action,True,0.96,1e-05,---,False,0.0202,0.0023,True,0.0224,0.0179,0.0205
act_dir,action,False,0.96,1e-05,+++,False,0.0231,0.0123,True,0.0326,0.0092,0.0276
grip_flip,action,False,0.96,1e-05,+++,False,0.0119,0.0046,True,0.0102,0.0171,0.0083
act_rep,action,False,0.96,1e-05,+++,False,0.0313,0.0036,True,0.0335,0.0272,0.0334
emb_temp[0],emb_temp,False,none,1e-05,---,False,0.0115,0.0005,True,0.0111,0.0120,0.0113
|emb_temp[0]|,emb_temp,True,none,1e-05,---,False,0.0028,0.0023,True,0.0035,0.0002,0.0046
emb_temp[1],emb_temp,False,none,1e-05,-+-,True,0.0047,0.0120,False,0.0119,-0.0091,0.0113
|emb_temp[1]|,emb_temp,True,none,1e-05,-+-,True,0.0016,0.0021,False,-0.0004,0.0015,0.0037
emb_temp[2],emb_temp,False,none,1e-05,---,False,0.0124,0.0003,True,0.0124,0.0121,0.0127
|emb_temp[2]|,emb_temp,True,none,1e-05,---,False,-0.0009,0.0013,False,-0.0014,-0.0019,0.0006
emb_temp[3],emb_temp,False,none,1e-05,---,False,0.0111,0.0005,True,0.0115,0.0105,0.0112
|emb_temp[3]|,emb_temp,True,none,1e-05,---,False,0.0002,0.0012,False,-0.0006,-0.0005,0.0016
emb_temp[4],emb_temp,False,none,1e-05,---,False,0.0102,0.0005,True,0.0106,0.0097,0.0103
|emb_temp[4]|,emb_temp,True,none,1e-05,---,False,0.0015,0.0013,True,0.0009,0.0007,0.0030
emb_temp[5],emb_temp,False,none,1e-05,---,False,0.0100,0.0006,True,0.0107,0.0095,0.0099
|emb_temp[5]|,emb_temp,True,none,1e-05,---,False,0.0017,0.0016,True,0.0008,0.0007,0.0036
emb_temp[6],emb_temp,False,none,1e-05,---,False,0.0086,0.0008,True,0.0091,0.0077,0.0090
|emb_temp[6]|,emb_temp,True,none,1e-05,---,False,0.0034,0.0006,True,0.0031,0.0030,0.0041
emb_temp[7],emb_temp,False,none,1e-05,---,False,0.0095,0.0012,True,0.0104,0.0081,0.0099
|emb_temp[7]|,emb_temp,True,none,1e-05,---,False,0.0023,0.0007,True,0.0016,0.0024,0.0030
emb_temp[8],emb_temp,False,none,1e-05,---,False,0.0091,0.0012,True,0.0099,0.0077,0.0097
|emb_temp[8]|,emb_temp,True,none,1e-05,---,False,0.0021,0.0005,True,0.0015,0.0024,0.0024
emb_temp[9],emb_temp,False,none,1e-05,---,False,0.0063,0.0005,True,0.0067,0.0057,0.0064
|emb_temp[9]|,emb_temp,True,none,1e-05,---,False,0.0049,0.0005,True,0.0049,0.0044,0.0053
emb_temp[10],emb_temp,False,none,1e-05,---,False,0.0059,0.0012,True,0.0067,0.0046,0.0065
|emb_temp[10]|,emb_temp,True,none,1e-05,---,False,0.0047,0.0005,True,0.0044,0.0052,0.0044
emb_temp[11],emb_temp,False,none,1e-05,---,False,0.0044,0.0011,True,0.0050,0.0031,0.0052
|emb_temp[11]|,emb_temp,True,none,1e-05,---,False,0.0064,0.0007,True,0.0067,0.0069,0.0056
emb_temp[12],emb_temp,False,none,1e-05,---,False,0.0038,0.0011,True,0.0045,0.0025,0.0043
|emb_temp[12]|,emb_temp,True,none,1e-05,---,False,0.0076,0.0002,True,0.0078,0.0076,0.0074
emb_temp[13],emb_temp,False,none,1e-05,---,False,0.0036,0.0004,True,0.0041,0.0032,0.0035
|emb_temp[13]|,emb_temp,True,none,1e-05,---,False,0.0075,0.0009,True,0.0082,0.0065,0.0079
emb_temp[14],emb_temp,False,none,1e-05,---,False,0.0038,0.0004,True,0.0042,0.0036,0.0037
|emb_temp[14]|,emb_temp,True,none,1e-05,---,False,0.0072,0.0010,True,0.0080,0.0061,0.0076
emb_temp[15],emb_temp,False,none,1e-05,-+-,True,0.0017,0.0043,False,0.0041,-0.0033,0.0043
|emb_temp[15]|,emb_temp,True,none,1e-05,-+-,True,0.0075,0.0009,True,0.0084,0.0066,0.0075
emb_temp[16],emb_temp,False,none,1e-05,---,False,0.0048,0.0005,True,0.0052,0.0043,0.0050
|emb_temp[16]|,emb_temp,True,none,1e-05,---,False,0.0069,0.0010,True,0.0076,0.0057,0.0074
emb_temp[17],emb_temp,False,none,1e-05,---,False,0.0051,0.0003,True,0.0055,0.0048,0.0050
|emb_temp[17]|,emb_temp,True,none,1e-05,---,False,0.0070,0.0015,True,0.0078,0.0053,0.0080
emb_temp[18],emb_temp,False,none,1e-05,---,False,0.0052,0.0004,True,0.0056,0.0049,0.0050
|emb_temp[18]|,emb_temp,True,none,1e-05,---,False,0.0071,0.0015,True,0.0079,0.0054,0.0081
emb_temp[19],emb_temp,False,none,1e-05,---,False,0.0054,0.0005,True,0.0059,0.0049,0.0054
|emb_temp[19]|,emb_temp,True,none,1e-05,---,False,0.0074,0.0014,True,0.0082,0.0059,0.0082
emb_temp[20],emb_temp,False,none,1e-05,---,False,0.0053,0.0007,True,0.0059,0.0046,0.0055
|emb_temp[20]|,emb_temp,True,none,1e-05,---,False,0.0078,0.0013,True,0.0086,0.0063,0.0085
emb_temp[21],emb_temp,False,none,1e-05,---,False,0.0053,0.0010,True,0.0061,0.0043,0.0056
|emb_temp[21]|,emb_temp,True,none,1e-05,---,False,0.0083,0.0011,True,0.0091,0.0070,0.0087
emb_temp[22],emb_temp,False,none,1e-05,---,False,0.0054,0.0011,True,0.0064,0.0042,0.0057
|emb_temp[22]|,emb_temp,True,none,1e-05,---,False,0.0085,0.0009,True,0.0091,0.0074,0.0088
emb_temp[23],emb_temp,False,none,1e-05,---,False,0.0065,0.0012,True,0.0077,0.0053,0.0066
|emb_temp[23]|,emb_temp,True,none,1e-05,---,False,0.0075,0.0010,True,0.0078,0.0064,0.0082
emb_temp[24],emb_temp,False,none,1e-05,---,False,0.0077,0.0015,True,0.0091,0.0061,0.0077
|emb_temp[24]|,emb_temp,True,none,1e-05,---,False,0.0066,0.0008,True,0.0068,0.0057,0.0074
emb_temp[25],emb_temp,False,none,1e-05,---,False,0.0081,0.0014,True,0.0093,0.0066,0.0085
|emb_temp[25]|,emb_temp,True,none,1e-05,---,False,0.0065,0.0008,True,0.0071,0.0055,0.0068
emb_temp[26],emb_temp,False,none,1e-05,---,False,0.0089,0.0015,True,0.0102,0.0073,0.0092
|emb_temp[26]|,emb_temp,True,none,1e-05,---,False,0.0064,0.0010,True,0.0071,0.0053,0.0069
emb_temp[27],emb_temp,False,none,1e-05,---,False,0.0100,0.0016,True,0.0116,0.0083,0.0101
|emb_temp[27]|,emb_temp,True,none,1e-05,---,False,0.0060,0.0011,True,0.0068,0.0048,0.0065
emb_temp[28],emb_temp,False,none,1e-05,---,False,0.0110,0.0017,True,0.0125,0.0091,0.0112
|emb_temp[28]|,emb_temp,True,none,1e-05,---,False,0.0055,0.0010,True,0.0064,0.0045,0.0058
emb_temp[29],emb_temp,False,none,1e-05,---,False,0.0118,0.0018,True,0.0135,0.0100,0.0118
|emb_temp[29]|,emb_temp,True,none,1e-05,---,False,0.0057,0.0010,True,0.0064,0.0045,0.0062
emb_temp[30],emb_temp,False,none,1e-05,---,False,0.0119,0.0020,True,0.0137,0.0097,0.0123
|emb_temp[30]|,emb_temp,True,none,1e-05,---,False,0.0072,0.0009,True,0.0078,0.0061,0.0076
emb_temp[31],emb_temp,False,none,1e-05,---,False,0.0117,0.0017,True,0.0134,0.0101,0.0116
|emb_temp[31]|,emb_temp,True,none,1e-05,---,False,0.0071,0.0018,True,0.0077,0.0052,0.0085
xl_adj[0],cross_layer,False,0.91,1e-05,---,False,-0.0017,0.0057,False,-0.0047,0.0048,-0.0053
xl_adj[1],cross_layer,False,0.91,1e-05,---,False,0.0263,0.0006,True,0.0268,0.0265,0.0257
xl_adj[2],cross_layer,False,0.91,1e-05,---,False,0.0262,0.0042,True,0.0222,0.0256,0.0306
xl_adj[3],cross_layer,False,0.91,1e-05,---,False,0.0229,0.0029,True,0.0242,0.0195,0.0249
xl_adj[4],cross_layer,False,0.91,1e-05,---,False,0.0202,0.0017,True,0.0204,0.0183,0.0218
xl_adj[5],cross_layer,False,0.91,1e-05,---,False,-0.0165,0.0090,True,-0.0193,-0.0238,-0.0063
xl_adj[6],cross_layer,False,0.91,1e-05,++-,True,0.0047,0.0130,False,0.0134,0.0111,-0.0102
xl_adj[7],cross_layer,False,0.91,1e-05,---,False,0.0221,0.0100,True,0.0196,0.0137,0.0331
xl_adj[8],cross_layer,False,0.91,1e-05,---,False,0.0185,0.0018,True,0.0175,0.0206,0.0173
xl_adj[9],cross_layer,False,0.91,1e-05,---,False,-0.0117,0.0084,True,-0.0206,-0.0039,-0.0107
xl_adj[10],cross_layer,False,0.91,1e-05,+--,True,0.0028,0.0199,False,0.0251,-0.0032,-0.0133
xl_adj[11],cross_layer,False,0.91,1e-05,-+-,True,-0.0003,0.0039,False,-0.0034,-0.0017,0.0041
xl_adj[12],cross_layer,False,0.91,1e-05,+-+,True,0.0037,0.0090,False,0.0077,-0.0065,0.0100
xl_adj[13],cross_layer,False,0.91,1e-05,---,False,-0.0149,0.0042,True,-0.0106,-0.0191,-0.0151
xl_adj[14],cross_layer,False,0.91,1e-05,-+-,True,0.0005,0.0104,False,0.0101,0.0020,-0.0106
xl_adj[15],cross_layer,False,0.91,1e-05,-+-,True,-0.0112,0.0219,False,-0.0096,0.0099,-0.0339
xl_adj[16],cross_layer,False,0.91,1e-05,---,False,-0.0222,0.0105,True,-0.0167,-0.0156,-0.0344
xl_adj[17],cross_layer,False,0.91,1e-05,+--,True,0.0044,0.0059,False,0.0106,-0.0012,0.0038
xl_adj[18],cross_layer,False,0.91,1e-05,---,False,0.0164,0.0113,True,0.0293,0.0121,0.0079
xl_adj[19],cross_layer,False,0.91,1e-05,---,False,-0.0004,0.0139,False,0.0090,0.0062,-0.0164
xl_adj[20],cross_layer,False,0.91,1e-05,---,False,-0.0004,0.0026,False,-0.0029,-0.0007,0.0024
xl_adj[21],cross_layer,False,0.91,1e-05,-++,True,-0.0006,0.0173,False,0.0184,-0.0047,-0.0156
xl_adj[22],cross_layer,False,0.91,1e-05,++-,True,0.0003,0.0067,False,-0.0058,0.0074,-0.0007
xl_adj[23],cross_layer,False,0.91,1e-05,---,False,0.0024,0.0015,True,0.0011,0.0041,0.0020
xl_adj[24],cross_layer,False,0.91,1e-05,-+-,True,0.0071,0.0152,False,0.0178,-0.0102,0.0138
xl_adj[25],cross_layer,False,0.91,1e-05,---,False,0.0070,0.0062,True,0.0065,0.0134,0.0010
xl_adj[26],cross_layer,False,0.91,1e-05,---,False,0.0218,0.0041,True,0.0252,0.0231,0.0172
xl_adj[27],cross_layer,False,0.91,1e-05,---,False,0.0190,0.0054,True,0.0178,0.0248,0.0143
xl_adj[28],cross_layer,False,0.91,1e-05,---,False,0.0140,0.0083,True,0.0179,0.0197,0.0045
xl_adj[29],cross_layer,False,0.91,1e-05,---,False,0.0055,0.0051,False,0.0078,-0.0004,0.0092
xl_adj[30],cross_layer,False,0.91,1e-05,---,False,-0.0035,0.0074,False,0.0022,-0.0008,-0.0119
xl_final[0],cross_layer,False,0.91,1e-05,---,False,0.0225,0.0068,True,0.0181,0.0191,0.0304
xl_final[1],cross_layer,False,0.91,1e-05,---,False,0.0080,0.0054,True,0.0123,0.0098,0.0020
xl_final[2],cross_layer,False,0.91,1e-05,---,False,0.0151,0.0066,True,0.0158,0.0214,0.0082
xl_final[3],cross_layer,False,0.91,1e-05,---,False,0.0089,0.0060,True,0.0103,0.0141,0.0023
xl_final[4],cross_layer,False,0.91,1e-05,---,False,0.0071,0.0060,True,0.0089,0.0120,0.0004
xl_final[5],cross_layer,False,0.91,1e-05,---,False,0.0076,0.0060,True,0.0097,0.0122,0.0009
xl_final[6],cross_layer,False,0.91,1e-05,---,False,0.0052,0.0052,False,0.0078,0.0086,-0.0008
xl_final[7],cross_layer,False,0.91,1e-05,---,False,0.0047,0.0052,False,0.0066,0.0087,-0.0012
xl_final[8],cross_layer,False,0.91,1e-05,---,False,0.0070,0.0037,True,0.0079,0.0101,0.0029
xl_final[9],cross_layer,False,0.91,1e-05,---,False,0.0119,0.0046,True,0.0125,0.0161,0.0070
xl_final[10],cross_layer,False,0.91,1e-05,---,False,0.0139,0.0040,True,0.0138,0.0180,0.0099
xl_final[11],cross_layer,False,0.91,1e-05,---,False,0.0137,0.0053,True,0.0123,0.0195,0.0092
xl_final[12],cross_layer,False,0.91,1e-05,---,False,0.0116,0.0059,True,0.0104,0.0180,0.0063
xl_final[13],cross_layer,False,0.91,1e-05,---,False,0.0057,0.0066,True,0.0031,0.0132,0.0009
xl_final[14],cross_layer,False,0.91,1e-05,---,False,0.0015,0.0056,False,-0.0013,0.0080,-0.0021
xl_final[15],cross_layer,False,0.91,1e-05,---,False,-0.0057,0.0051,True,-0.0107,-0.0005,-0.0060
xl_final[16],cross_layer,False,0.91,1e-05,---,False,0.0029,0.0039,False,0.0063,0.0038,-0.0013
xl_final[17],cross_layer,False,0.91,1e-05,-+-,True,0.0009,0.0082,False,0.0100,-0.0058,-0.0015
xl_final[18],cross_layer,False,0.91,1e-05,-+-,True,-0.0015,0.0056,False,0.0030,0.0001,-0.0078
xl_final[19],cross_layer,False,0.91,1e-05,---,False,0.0003,0.0047,False,0.0055,-0.0012,-0.0035
xl_final[20],cross_layer,False,0.91,1e-05,---,False,0.0013,0.0070,False,0.0091,-0.0010,-0.0043
xl_final[21],cross_layer,False,0.91,1e-05,---,False,0.0043,0.0110,False,0.0159,0.0029,-0.0059
xl_final[22],cross_layer,False,0.91,1e-05,---,False,0.0007,0.0089,False,0.0096,0.0009,-0.0082
xl_final[23],cross_layer,False,0.91,1e-05,---,False,0.0059,0.0050,True,0.0093,0.0081,0.0002
xl_final[24],cross_layer,False,0.91,1e-05,---,False,0.0105,0.0032,True,0.0133,0.0111,0.0070
xl_final[25],cross_layer,False,0.91,1e-05,---,False,0.0089,0.0036,True,0.0106,0.0114,0.0048
xl_final[26],cross_layer,False,0.91,1e-05,---,False,0.0073,0.0027,True,0.0092,0.0086,0.0042
xl_final[27],cross_layer,False,0.91,1e-05,---,False,0.0125,0.0047,True,0.0160,0.0144,0.0071
xl_final[28],cross_layer,False,0.91,1e-05,---,False,0.0110,0.0029,True,0.0137,0.0115,0.0079
xl_final[29],cross_layer,False,0.91,1e-05,---,False,0.0073,0.0032,True,0.0099,0.0084,0.0038
xl_final[30],cross_layer,False,0.91,1e-05,---,False,-0.0035,0.0074,False,0.0022,-0.0008,-0.0119
xl_spread,cross_layer,False,0.91,1e-05,---,False,0.0028,0.0070,False,0.0071,0.0067,-0.0053
