model,c,pooled_seen_mean,pooled_seen_std,per_task_seen_mean,per_task_seen_std,n_tasks_seen,pooled_unseen_mean,pooled_unseen_std,per_task_unseen_mean,per_task_unseen_std,n_tasks_unseen,pooled_seen_s0,pooled_seen_s1,pooled_seen_s2,per_task_seen_s0,per_task_seen_s1,per_task_seen_s2,pooled_unseen_s0,pooled_unseen_s1,pooled_unseen_s2,per_task_unseen_s0,per_task_unseen_s1,per_task_unseen_s2
layer00,1,0.6963,0.0269,0.7533,0.0311,7,0.6420,0.0826,0.6843,0.0457,3,0.6653,0.7124,0.7112,0.7767,0.7652,0.7180,0.7103,0.6653,0.5502,0.7091,0.7122,0.6315
layer01,1,0.7131,0.0062,0.6920,0.0252,7,0.6912,0.0492,0.6562,0.0466,3,0.7143,0.7187,0.7065,0.6878,0.6692,0.7191,0.6979,0.7368,0.6390,0.6176,0.7079,0.6430
layer02,1,0.7255,0.0055,0.7096,0.0537,7,0.6773,0.0877,0.6410,0.0638,3,0.7207,0.7243,0.7314,0.7237,0.6502,0.7548,0.6796,0.7638,0.5885,0.6192,0.7129,0.5909
layer03,1,0.7305,0.0128,0.7227,0.0380,7,0.6507,0.1328,0.6603,0.0657,3,0.7160,0.7351,0.7403,0.7008,0.7007,0.7666,0.6751,0.7696,0.5074,0.6271,0.7361,0.6178
layer04,1,0.7214,0.0046,0.6929,0.0480,7,0.6973,0.0776,0.6791,0.0295,3,0.7160,0.7243,0.7237,0.7138,0.6380,0.7268,0.7118,0.7667,0.6135,0.6593,0.7130,0.6650
layer05,1,0.7118,0.0074,0.6999,0.0484,7,0.6673,0.0803,0.6468,0.0328,3,0.7190,0.7124,0.7041,0.7293,0.6440,0.7264,0.6726,0.7448,0.5844,0.6406,0.6823,0.6175
layer06,1,0.7068,0.0163,0.6980,0.0041,7,0.6698,0.1097,0.6913,0.0506,3,0.6997,0.7255,0.6952,0.6950,0.7027,0.6963,0.6920,0.7667,0.5507,0.6761,0.7477,0.6501
layer07,1,0.7253,0.0213,0.6855,0.0488,7,0.7432,0.0408,0.7088,0.0377,3,0.7149,0.7499,0.7112,0.6936,0.7297,0.6332,0.7495,0.7805,0.6996,0.6951,0.7513,0.6798
layer08,1,0.7168,0.0340,0.7223,0.0295,7,0.7294,0.0643,0.7149,0.0476,3,0.6962,0.7561,0.6982,0.7505,0.7247,0.6917,0.7376,0.7892,0.6614,0.6987,0.7685,0.6775
layer09,1,0.7065,0.0252,0.6496,0.0493,7,0.6966,0.0601,0.6363,0.0756,3,0.6875,0.7351,0.6970,0.6016,0.6472,0.7001,0.6801,0.7632,0.6466,0.5781,0.7217,0.6091
layer10,1,0.7094,0.0233,0.6767,0.0274,7,0.7143,0.0463,0.6808,0.0412,3,0.6950,0.7362,0.6970,0.6450,0.6923,0.6928,0.7054,0.7644,0.6731,0.6430,0.7247,0.6748
layer11,1,0.7072,0.0453,0.7164,0.0207,7,0.7001,0.0784,0.6773,0.0470,3,0.6723,0.7584,0.6910,0.7151,0.7377,0.6964,0.7262,0.7621,0.6119,0.6924,0.7149,0.6245
layer12,1,0.7062,0.0421,0.7577,0.0066,7,0.6635,0.0652,0.6979,0.0852,3,0.6659,0.7499,0.7029,0.7502,0.7602,0.7627,0.6959,0.7062,0.5885,0.6876,0.7878,0.6183
layer13,1,0.6909,0.0603,0.7059,0.0248,7,0.6736,0.0255,0.6500,0.0493,3,0.6344,0.7544,0.6839,0.6920,0.7345,0.6913,0.6954,0.6797,0.6456,0.6849,0.5936,0.6714
layer14,1,0.6620,0.0340,0.6815,0.0350,7,0.5948,0.0832,0.6182,0.0833,3,0.6257,0.6931,0.6673,0.6967,0.7062,0.6415,0.6404,0.6452,0.4987,0.5233,0.6792,0.6523
layer15,1,0.6706,0.0344,0.6904,0.0488,7,0.6277,0.0587,0.6127,0.0438,3,0.6309,0.6892,0.6916,0.7309,0.7041,0.6363,0.6602,0.6630,0.5599,0.5834,0.6631,0.5916
layer16,1,0.6784,0.0192,0.6527,0.0492,7,0.6123,0.0688,0.5896,0.1087,3,0.6566,0.6858,0.6928,0.7088,0.6170,0.6324,0.6438,0.6596,0.5334,0.5189,0.7147,0.5352
layer17,1,0.6554,0.0339,0.6650,0.0357,7,0.5916,0.0688,0.6064,0.0753,3,0.6163,0.6767,0.6732,0.6858,0.6855,0.6238,0.6404,0.6215,0.5130,0.5223,0.6678,0.6290
layer18,1,0.6668,0.0198,0.6384,0.0284,7,0.5852,0.0409,0.5598,0.1135,3,0.6443,0.6744,0.6815,0.6130,0.6690,0.6331,0.6076,0.6100,0.5380,0.4296,0.6382,0.6115
layer19,1,0.6593,0.0139,0.6633,0.0944,7,0.5859,0.0866,0.6001,0.0854,3,0.6437,0.6704,0.6637,0.7642,0.6485,0.5771,0.6394,0.6325,0.4860,0.5106,0.6806,0.6089
layer20,1,0.6526,0.0258,0.6287,0.0053,7,0.6034,0.0898,0.6095,0.0626,3,0.6233,0.6625,0.6720,0.6334,0.6229,0.6298,0.6508,0.6596,0.4997,0.5456,0.6707,0.6123
layer21,1,0.6669,0.0292,0.6707,0.0601,7,0.6012,0.0912,0.6019,0.0802,3,0.6379,0.6665,0.6964,0.6203,0.6547,0.7372,0.6389,0.6676,0.4972,0.5128,0.6682,0.6247
layer22,1,0.6638,0.0335,0.6405,0.0471,7,0.5938,0.0828,0.5982,0.0722,3,0.6280,0.6943,0.6690,0.5882,0.6797,0.6536,0.6409,0.6423,0.4982,0.5158,0.6503,0.6286
layer23,1,0.6737,0.0063,0.6062,0.0195,7,0.6275,0.1004,0.6158,0.0243,3,0.6665,0.6773,0.6774,0.6278,0.5898,0.6009,0.6662,0.7028,0.5135,0.5977,0.6434,0.6062
layer24,1,0.6709,0.0107,0.5859,0.0214,7,0.6318,0.0832,0.6028,0.0273,3,0.6624,0.6829,0.6673,0.5792,0.6098,0.5687,0.6587,0.6982,0.5385,0.5716,0.6143,0.6225
layer25,1,0.6802,0.0048,0.6205,0.0472,7,0.6497,0.0735,0.6135,0.0120,3,0.6799,0.6756,0.6851,0.6406,0.5666,0.6543,0.6687,0.7120,0.5686,0.6029,0.6266,0.6109
layer26,1,0.7119,0.0130,0.6420,0.0485,7,0.6852,0.0352,0.6335,0.0126,3,0.7178,0.7209,0.6970,0.6082,0.6976,0.6202,0.6880,0.7189,0.6486,0.6254,0.6481,0.6270
layer27,1,0.6979,0.0113,0.6425,0.0102,7,0.6971,0.0492,0.6589,0.0357,3,0.6939,0.7107,0.6892,0.6360,0.6372,0.6543,0.6870,0.7506,0.6537,0.6256,0.6966,0.6546
layer28,1,0.7047,0.0142,0.6478,0.0347,7,0.6728,0.0705,0.6422,0.0391,3,0.7061,0.7181,0.6898,0.6741,0.6085,0.6607,0.6721,0.7437,0.6028,0.6080,0.6848,0.6337
layer29,1,0.7046,0.0067,0.6740,0.0219,7,0.6841,0.0478,0.6414,0.0398,3,0.7096,0.7073,0.6970,0.6609,0.6619,0.6993,0.6860,0.7310,0.6354,0.6377,0.6829,0.6035
layer30,1,0.7022,0.0218,0.6891,0.0138,7,0.6493,0.0942,0.6522,0.0624,3,0.6974,0.7260,0.6833,0.7021,0.6906,0.6746,0.6781,0.7258,0.5441,0.6162,0.7243,0.6161
layer31,1,0.7025,0.0281,0.6879,0.0391,7,0.6615,0.0782,0.6513,0.0659,3,0.6974,0.7328,0.6774,0.7016,0.7183,0.6437,0.6741,0.7327,0.5778,0.6083,0.7272,0.6184
action,1,0.7342,0.0201,0.7603,0.0238,7,0.6778,0.0667,0.7072,0.0349,3,0.7120,0.7510,0.7398,0.7353,0.7827,0.7628,0.7302,0.7005,0.6028,0.7180,0.7355,0.6683
final:full,1,0.7921,0.0085,0.7646,0.0483,7,0.7726,0.0307,0.7439,0.0385,3,0.7825,0.7952,0.7986,0.7100,0.7821,0.8016,0.7480,0.8070,0.7629,0.7164,0.7879,0.7274
final:no_action,1,0.7904,0.0131,0.7607,0.0518,7,0.7679,0.0208,0.7360,0.0357,3,0.7784,0.8043,0.7885,0.7045,0.8064,0.7713,0.7520,0.7915,0.7603,0.7123,0.7771,0.7187
final:no_emb_temp,1,0.7860,0.0079,0.7472,0.0436,7,0.7651,0.0339,0.7298,0.0505,3,0.7825,0.7805,0.7950,0.6994,0.7578,0.7846,0.7396,0.8036,0.7522,0.6972,0.7879,0.7042
final:no_cross_layer,1,0.7846,0.0090,0.8139,0.0522,7,0.7432,0.0497,0.7500,0.0464,3,0.7773,0.7947,0.7819,0.7538,0.8406,0.8474,0.7594,0.7828,0.6874,0.7601,0.7906,0.6994
compare,1,0.6938,0.0170,0.7068,0.0622,7,0.6573,0.0620,0.6501,0.0699,3,0.6805,0.7130,0.6881,0.7699,0.7050,0.6456,0.6682,0.7131,0.5905,0.5936,0.7283,0.6284
compare_max,1,0.7544,0.0502,0.7416,0.0826,7,0.7192,0.0356,0.7250,0.0550,3,0.7277,0.8123,0.7231,0.7594,0.8138,0.6515,0.6895,0.7586,0.7093,0.6625,0.7656,0.7471
layer00,0.01,0.6955,0.0272,0.7520,0.0297,7,0.6407,0.0838,0.6833,0.0474,3,0.6641,0.7124,0.7100,0.7728,0.7652,0.7180,0.7103,0.6642,0.5477,0.7091,0.7122,0.6285
layer01,0.01,0.7131,0.0066,0.6938,0.0229,7,0.6908,0.0499,0.6562,0.0466,3,0.7149,0.7187,0.7059,0.6878,0.6745,0.7191,0.6989,0.7362,0.6374,0.6176,0.7079,0.6430
layer02,0.01,0.7245,0.0046,0.7096,0.0537,7,0.6769,0.0879,0.6416,0.0635,3,0.7207,0.7232,0.7296,0.7237,0.6502,0.7548,0.6801,0.7632,0.5875,0.6211,0.7129,0.5909
layer03,0.01,0.7305,0.0128,0.7227,0.0380,7,0.6511,0.1331,0.6603,0.0657,3,0.7160,0.7351,0.7403,0.7008,0.7007,0.7666,0.6756,0.7702,0.5074,0.6271,0.7361,0.6178
layer04,0.01,0.7206,0.0055,0.6929,0.0480,7,0.6973,0.0782,0.6803,0.0302,3,0.7143,0.7243,0.7231,0.7138,0.6380,0.7268,0.7118,0.7673,0.6130,0.6593,0.7149,0.6665
layer05,0.01,0.7114,0.0078,0.6984,0.0473,7,0.6673,0.0803,0.6468,0.0328,3,0.7184,0.7130,0.7029,0.7293,0.6440,0.7219,0.6726,0.7448,0.5844,0.6406,0.6823,0.6175
layer06,0.01,0.7062,0.0158,0.6980,0.0041,7,0.6693,0.1112,0.6913,0.0506,3,0.6991,0.7243,0.6952,0.6950,0.7027,0.6963,0.6930,0.7667,0.5482,0.6761,0.7477,0.6501
layer07,0.01,0.7249,0.0207,0.6855,0.0488,7,0.7425,0.0411,0.7088,0.0377,3,0.7149,0.7487,0.7112,0.6936,0.7297,0.6332,0.7490,0.7800,0.6986,0.6951,0.7513,0.6798
layer08,0.01,0.7166,0.0337,0.7223,0.0295,7,0.7296,0.0640,0.7149,0.0476,3,0.6962,0.7555,0.6982,0.7505,0.7247,0.6917,0.7376,0.7892,0.6619,0.6987,0.7685,0.6775
layer09,0.01,0.7067,0.0244,0.6496,0.0493,7,0.6963,0.0603,0.6364,0.0751,3,0.6892,0.7345,0.6964,0.6016,0.6472,0.7001,0.6796,0.7632,0.6461,0.5800,0.7217,0.6076
layer10,0.01,0.7096,0.0231,0.6781,0.0287,7,0.7145,0.0475,0.6796,0.0415,3,0.6956,0.7362,0.6970,0.6450,0.6923,0.6969,0.7049,0.7661,0.6726,0.6430,0.7247,0.6710
layer11,0.01,0.7078,0.0458,0.7178,0.0188,7,0.6994,0.0783,0.6778,0.0473,3,0.6723,0.7595,0.6916,0.7151,0.7377,0.7004,0.7252,0.7615,0.6114,0.6939,0.7149,0.6245
layer12,0.01,0.7058,0.0415,0.7577,0.0066,7,0.6630,0.0651,0.6989,0.0839,3,0.6659,0.7487,0.7029,0.7502,0.7602,0.7627,0.6959,0.7051,0.5880,0.6876,0.7878,0.6213
layer13,0.01,0.6905,0.0597,0.7059,0.0248,7,0.6731,0.0268,0.6500,0.0493,3,0.6344,0.7533,0.6839,0.6920,0.7345,0.6913,0.6959,0.6797,0.6435,0.6849,0.5936,0.6714
layer14,0.01,0.6618,0.0338,0.6815,0.0350,7,0.5947,0.0823,0.6177,0.0830,3,0.6257,0.6926,0.6673,0.6967,0.7062,0.6415,0.6404,0.6440,0.4997,0.5233,0.6792,0.6508
layer15,0.01,0.6706,0.0349,0.6904,0.0488,7,0.6268,0.0593,0.6122,0.0442,3,0.6303,0.6892,0.6922,0.7309,0.7041,0.6363,0.6602,0.6619,0.5584,0.5834,0.6631,0.5901
layer16,0.01,0.6782,0.0186,0.6527,0.0492,7,0.6112,0.0700,0.5896,0.1087,3,0.6571,0.6852,0.6922,0.7088,0.6170,0.6324,0.6438,0.6590,0.5309,0.5189,0.7147,0.5352
layer17,0.01,0.6550,0.0341,0.6650,0.0357,7,0.5911,0.0692,0.6064,0.0753,3,0.6157,0.6767,0.6726,0.6858,0.6855,0.6238,0.6404,0.6210,0.5120,0.5223,0.6678,0.6290
layer18,0.01,0.6664,0.0200,0.6384,0.0284,7,0.5838,0.0428,0.5598,0.1135,3,0.6437,0.6739,0.6815,0.6130,0.6690,0.6331,0.6076,0.6094,0.5344,0.4296,0.6382,0.6115
layer19,0.01,0.6587,0.0132,0.6633,0.0944,7,0.5859,0.0862,0.6013,0.0856,3,0.6437,0.6687,0.6637,0.7642,0.6485,0.5771,0.6394,0.6319,0.4865,0.5106,0.6806,0.6128
layer20,0.01,0.6530,0.0251,0.6305,0.0079,7,0.6038,0.0902,0.6095,0.0626,3,0.6245,0.6625,0.6720,0.6387,0.6229,0.6298,0.6508,0.6607,0.4997,0.5456,0.6707,0.6123
layer21,0.01,0.6659,0.0286,0.6679,0.0585,7,0.6009,0.0917,0.6024,0.0793,3,0.6373,0.6659,0.6946,0.6203,0.6502,0.7332,0.6394,0.6671,0.4962,0.5143,0.6682,0.6247
layer22,0.01,0.6640,0.0337,0.6405,0.0471,7,0.5936,0.0817,0.6006,0.0731,3,0.6280,0.6948,0.6690,0.5882,0.6797,0.6536,0.6409,0.6406,0.4992,0.5173,0.6544,0.6301
layer23,0.01,0.6729,0.0061,0.6047,0.0171,7,0.6263,0.1000,0.6153,0.0234,3,0.6659,0.6761,0.6768,0.6233,0.5898,0.6009,0.6667,0.6999,0.5125,0.5977,0.6419,0.6062
layer24,0.01,0.6697,0.0102,0.5814,0.0192,7,0.6324,0.0847,0.6037,0.0265,3,0.6618,0.6812,0.6661,0.5792,0.6017,0.5634,0.6592,0.7005,0.5375,0.5731,0.6187,0.6193
layer25,0.01,0.6794,0.0052,0.6205,0.0472,7,0.6486,0.0755,0.6138,0.0120,3,0.6781,0.6750,0.6851,0.6406,0.5666,0.6543,0.6687,0.7120,0.5650,0.6029,0.6266,0.6117
layer26,0.01,0.7119,0.0130,0.6449,0.0460,7,0.6831,0.0364,0.6311,0.0137,3,0.7184,0.7204,0.6970,0.6126,0.6976,0.6246,0.6855,0.7183,0.6456,0.6239,0.6469,0.6225
layer27,0.01,0.6974,0.0115,0.6400,0.0089,7,0.6966,0.0499,0.6585,0.0351,3,0.6939,0.7102,0.6881,0.6360,0.6337,0.6502,0.6870,0.7506,0.6522,0.6256,0.6954,0.6546
layer28,0.01,0.7041,0.0139,0.6489,0.0350,7,0.6728,0.0683,0.6414,0.0372,3,0.7050,0.7175,0.6898,0.6728,0.6086,0.6652,0.6721,0.7414,0.6048,0.6091,0.6821,0.6330
layer29,0.01,0.7050,0.0065,0.6754,0.0242,7,0.6831,0.0472,0.6420,0.0405,3,0.7085,0.7090,0.6976,0.6609,0.6619,0.7033,0.6840,0.7298,0.6354,0.6396,0.6837,0.6028
layer30,0.01,0.7020,0.0220,0.6876,0.0162,7,0.6479,0.0954,0.6527,0.0620,3,0.6974,0.7260,0.6827,0.7021,0.6906,0.6701,0.6781,0.7247,0.5411,0.6177,0.7243,0.6161
layer31,0.01,0.7010,0.0272,0.6865,0.0376,7,0.6603,0.0798,0.6513,0.0659,3,0.6968,0.7300,0.6762,0.7016,0.7143,0.6437,0.6736,0.7327,0.5747,0.6083,0.7272,0.6184
action,0.01,0.7340,0.0194,0.7579,0.0206,7,0.6780,0.0667,0.7081,0.0349,3,0.7131,0.7516,0.7374,0.7353,0.7756,0.7628,0.7297,0.7016,0.6028,0.7165,0.7381,0.6698
final:full,0.01,0.7891,0.0038,0.7631,0.0347,7,0.7757,0.0292,0.7406,0.0530,3,0.7895,0.7850,0.7926,0.7242,0.7744,0.7908,0.7604,0.8093,0.7573,0.7149,0.8016,0.7053
final:no_action,0.01,0.7885,0.0066,0.7640,0.0226,7,0.7701,0.0254,0.7264,0.0481,3,0.7942,0.7901,0.7813,0.7380,0.7788,0.7753,0.7480,0.7978,0.7644,0.6968,0.7819,0.7004
final:no_emb_temp,0.01,0.7837,0.0067,0.7450,0.0243,7,0.7676,0.0352,0.7301,0.0549,3,0.7872,0.7760,0.7879,0.7229,0.7410,0.7710,0.7480,0.8082,0.7466,0.7021,0.7933,0.6949
final:no_cross_layer,0.01,0.7750,0.0038,0.8034,0.0381,7,0.7399,0.0577,0.7440,0.0541,3,0.7726,0.7794,0.7730,0.7622,0.8106,0.8374,0.7564,0.7874,0.6757,0.7454,0.7974,0.6892
compare,0.01,0.6931,0.0162,0.7068,0.0622,7,0.6560,0.0629,0.6501,0.0699,3,0.6805,0.7113,0.6875,0.7699,0.7050,0.6456,0.6682,0.7120,0.5880,0.5936,0.7283,0.6284
compare_max,0.01,0.7544,0.0502,0.7416,0.0826,7,0.7192,0.0356,0.7250,0.0550,3,0.7277,0.8123,0.7231,0.7594,0.8138,0.6515,0.6895,0.7586,0.7093,0.6625,0.7656,0.7471
layer00,0.001,0.6942,0.0245,0.7557,0.0340,7,0.6365,0.0862,0.6831,0.0473,3,0.6659,0.7096,0.7071,0.7839,0.7652,0.7180,0.7088,0.6596,0.5411,0.7087,0.7122,0.6285
layer01,0.001,0.7114,0.0084,0.6999,0.0215,7,0.6883,0.0554,0.6595,0.0499,3,0.7079,0.7209,0.7053,0.6917,0.6837,0.7243,0.6994,0.7373,0.6283,0.6210,0.7159,0.6415
layer02,0.001,0.7229,0.0027,0.7179,0.0520,7,0.6745,0.0924,0.6451,0.0655,3,0.7201,0.7232,0.7255,0.7348,0.6595,0.7593,0.6771,0.7656,0.5808,0.6245,0.7185,0.5924
layer03,0.001,0.7275,0.0150,0.7233,0.0419,7,0.6494,0.1346,0.6619,0.0679,3,0.7102,0.7362,0.7362,0.6929,0.7060,0.7711,0.6736,0.7702,0.5043,0.6294,0.7399,0.6163
layer04,0.001,0.7182,0.0078,0.6931,0.0475,7,0.6908,0.0798,0.6777,0.0271,3,0.7096,0.7249,0.7201,0.7138,0.6388,0.7268,0.7039,0.7632,0.6053,0.6593,0.7088,0.6650
layer05,0.001,0.7095,0.0052,0.6949,0.0487,7,0.6619,0.0861,0.6459,0.0338,3,0.7125,0.7124,0.7035,0.7240,0.6387,0.7219,0.6721,0.7425,0.5711,0.6391,0.6826,0.6160
layer06,0.001,0.7033,0.0138,0.6995,0.0040,7,0.6641,0.1166,0.6921,0.0504,3,0.6962,0.7192,0.6946,0.6950,0.7027,0.7008,0.6910,0.7650,0.5365,0.6761,0.7485,0.6516
layer07,0.001,0.7222,0.0221,0.6836,0.0528,7,0.7393,0.0448,0.7123,0.0414,3,0.7120,0.7476,0.7071,0.6949,0.7297,0.6261,0.7475,0.7794,0.6910,0.6981,0.7589,0.6800
layer08,0.001,0.7153,0.0349,0.7212,0.0316,7,0.7254,0.0639,0.7165,0.0505,3,0.6939,0.7555,0.6964,0.7545,0.7176,0.6917,0.7312,0.7863,0.6588,0.7006,0.7731,0.6760
layer09,0.001,0.7073,0.0242,0.6563,0.0454,7,0.6953,0.0607,0.6398,0.0734,3,0.6915,0.7351,0.6952,0.6095,0.6594,0.7001,0.6761,0.7632,0.6466,0.5868,0.7236,0.6091
layer10,0.001,0.7098,0.0249,0.6828,0.0202,7,0.7147,0.0462,0.6807,0.0434,3,0.6968,0.7385,0.6940,0.6614,0.7015,0.6854,0.7014,0.7661,0.6767,0.6415,0.7274,0.6732
layer11,0.001,0.7080,0.0460,0.7185,0.0249,7,0.6938,0.0839,0.6759,0.0480,3,0.6729,0.7601,0.6910,0.7191,0.7430,0.6933,0.7192,0.7621,0.6002,0.6939,0.7122,0.6215
layer12,0.001,0.7047,0.0415,0.7522,0.0034,7,0.6584,0.0691,0.6987,0.0828,3,0.6647,0.7476,0.7017,0.7502,0.7562,0.7503,0.6930,0.7033,0.5788,0.6827,0.7882,0.6251
layer13,0.001,0.6884,0.0602,0.7077,0.0278,7,0.6663,0.0353,0.6487,0.0451,3,0.6309,0.7510,0.6833,0.6920,0.7398,0.6913,0.6925,0.6803,0.6262,0.6800,0.5970,0.6692
layer14,0.001,0.6611,0.0333,0.6762,0.0313,7,0.5933,0.0815,0.6201,0.0833,3,0.6245,0.6897,0.6690,0.6851,0.7021,0.6415,0.6424,0.6382,0.4992,0.5251,0.6806,0.6546
layer15,0.001,0.6687,0.0328,0.6922,0.0510,7,0.6238,0.0681,0.6169,0.0417,3,0.6309,0.6846,0.6904,0.7361,0.7041,0.6363,0.6627,0.6636,0.5451,0.5910,0.6650,0.5947
layer16,0.001,0.6747,0.0194,0.6527,0.0492,7,0.6076,0.0711,0.5899,0.1086,3,0.6531,0.6807,0.6904,0.7088,0.6170,0.6324,0.6434,0.6538,0.5258,0.5174,0.7147,0.5376
layer17,0.001,0.6529,0.0362,0.6637,0.0346,7,0.5853,0.0723,0.6049,0.0782,3,0.6111,0.6739,0.6738,0.6858,0.6814,0.6238,0.6379,0.6152,0.5028,0.5170,0.6671,0.6306
layer18,0.001,0.6641,0.0218,0.6393,0.0260,7,0.5757,0.0552,0.5618,0.1156,3,0.6397,0.6710,0.6815,0.6210,0.6690,0.6278,0.6091,0.6060,0.5120,0.4296,0.6442,0.6115
layer19,0.001,0.6587,0.0129,0.6633,0.0944,7,0.5839,0.0850,0.6018,0.0863,3,0.6443,0.6693,0.6625,0.7642,0.6485,0.5771,0.6389,0.6267,0.4860,0.5106,0.6821,0.6128
layer20,0.001,0.6538,0.0254,0.6328,0.0162,7,0.6000,0.0922,0.6129,0.0661,3,0.6251,0.6631,0.6732,0.6503,0.6185,0.6298,0.6503,0.6561,0.4936,0.5471,0.6792,0.6123
layer21,0.001,0.6628,0.0274,0.6688,0.0630,7,0.5986,0.0894,0.6045,0.0807,3,0.6350,0.6636,0.6898,0.6203,0.6461,0.7401,0.6389,0.6607,0.4962,0.5143,0.6701,0.6290
layer22,0.001,0.6590,0.0311,0.6365,0.0523,7,0.5926,0.0813,0.6050,0.0749,3,0.6239,0.6829,0.6702,0.5793,0.6820,0.6483,0.6409,0.6382,0.4987,0.5196,0.6593,0.6362
layer23,0.001,0.6689,0.0122,0.6057,0.0324,7,0.6191,0.1037,0.6125,0.0234,3,0.6548,0.6750,0.6768,0.6416,0.5786,0.5969,0.6657,0.6912,0.5003,0.5939,0.6388,0.6047
layer24,0.001,0.6680,0.0098,0.5780,0.0202,7,0.6329,0.0851,0.6068,0.0285,3,0.6577,0.6773,0.6690,0.5676,0.6013,0.5650,0.6602,0.7010,0.5375,0.5743,0.6184,0.6276
layer25,0.001,0.6767,0.0064,0.6192,0.0418,7,0.6401,0.0824,0.6097,0.0193,3,0.6746,0.6716,0.6839,0.6393,0.5711,0.6472,0.6632,0.7085,0.5487,0.5875,0.6194,0.6223
layer26,0.001,0.7019,0.0117,0.6303,0.0237,7,0.6800,0.0377,0.6335,0.0126,3,0.7108,0.7062,0.6887,0.6033,0.6478,0.6397,0.6776,0.7189,0.6435,0.6216,0.6467,0.6323
layer27,0.001,0.6958,0.0107,0.6470,0.0132,7,0.6921,0.0475,0.6545,0.0282,3,0.6921,0.7079,0.6875,0.6472,0.6338,0.6602,0.6840,0.7431,0.6492,0.6256,0.6819,0.6559
layer28,0.001,0.7024,0.0127,0.6497,0.0212,7,0.6710,0.0641,0.6361,0.0304,3,0.7032,0.7147,0.6892,0.6585,0.6256,0.6652,0.6701,0.7356,0.6073,0.6102,0.6696,0.6286
layer29,0.001,0.7046,0.0095,0.6762,0.0237,7,0.6841,0.0485,0.6503,0.0432,3,0.7055,0.7136,0.6946,0.6564,0.6698,0.7025,0.6815,0.7339,0.6369,0.6415,0.6972,0.6121
layer30,0.001,0.6980,0.0187,0.6890,0.0180,7,0.6413,0.1032,0.6527,0.0607,3,0.6933,0.7187,0.6821,0.7061,0.6907,0.6701,0.6756,0.7229,0.5252,0.6177,0.7228,0.6176
layer31,0.001,0.6983,0.0256,0.6850,0.0397,7,0.6533,0.0880,0.6522,0.0635,3,0.6933,0.7260,0.6756,0.7061,0.7098,0.6392,0.6721,0.7304,0.5574,0.6113,0.7253,0.6199
action,0.001,0.7285,0.0216,0.7576,0.0265,7,0.6765,0.0674,0.7074,0.0353,3,0.7073,0.7504,0.7279,0.7375,0.7876,0.7476,0.7282,0.7010,0.6002,0.7146,0.7385,0.6690
final:full,0.001,0.7881,0.0056,0.7538,0.0565,7,0.7690,0.0240,0.7276,0.0514,3,0.7918,0.7816,0.7908,0.6906,0.7714,0.7995,0.7545,0.7967,0.7557,0.7130,0.7847,0.6851
final:no_action,0.001,0.7845,0.0068,0.7556,0.0399,7,0.7613,0.0213,0.7123,0.0500,3,0.7883,0.7884,0.7766,0.7144,0.7942,0.7582,0.7440,0.7851,0.7547,0.6923,0.7693,0.6754
final:no_emb_temp,0.001,0.7858,0.0066,0.7526,0.0478,7,0.7635,0.0249,0.7221,0.0548,3,0.7918,0.7788,0.7867,0.6990,0.7677,0.7911,0.7525,0.7921,0.7460,0.7074,0.7828,0.6762
final:no_cross_layer,0.001,0.7614,0.0077,0.7892,0.0304,7,0.7251,0.0583,0.7425,0.0510,3,0.7534,0.7686,0.7623,0.7567,0.7940,0.8169,0.7480,0.7684,0.6588,0.7474,0.7910,0.6892
compare,0.001,0.6898,0.0136,0.7068,0.0622,7,0.6489,0.0694,0.6501,0.0699,3,0.6776,0.7045,0.6875,0.7699,0.7050,0.6456,0.6672,0.7074,0.5722,0.5936,0.7283,0.6284
compare_max,0.001,0.7544,0.0502,0.7416,0.0826,7,0.7192,0.0356,0.7250,0.0550,3,0.7277,0.8123,0.7231,0.7594,0.8138,0.6515,0.6895,0.7586,0.7093,0.6625,0.7656,0.7471
layer00,0.0001,0.6800,0.0277,0.7451,0.0344,7,0.6083,0.1023,0.6820,0.0438,3,0.6484,0.6999,0.6916,0.7678,0.7620,0.7056,0.7004,0.6262,0.4982,0.7087,0.7058,0.6315
layer01,0.0001,0.6962,0.0152,0.7122,0.0177,7,0.6489,0.0815,0.6613,0.0512,3,0.6822,0.7124,0.6940,0.7126,0.6943,0.7296,0.6741,0.7149,0.5579,0.6274,0.7202,0.6362
layer02,0.0001,0.7058,0.0088,0.7319,0.0470,7,0.6536,0.1153,0.6508,0.0662,3,0.6980,0.7153,0.7041,0.7531,0.6781,0.7646,0.6652,0.7627,0.5329,0.6317,0.7245,0.5963
layer03,0.0001,0.7004,0.0163,0.7335,0.0327,7,0.6408,0.1402,0.6660,0.0697,3,0.6816,0.7107,0.7089,0.7119,0.7174,0.7711,0.6721,0.7627,0.4875,0.6377,0.7454,0.6148
layer04,0.0001,0.7009,0.0111,0.6895,0.0436,7,0.6542,0.1096,0.6840,0.0372,3,0.6892,0.7113,0.7023,0.7130,0.6391,0.7163,0.6806,0.7483,0.5339,0.6639,0.7270,0.6612
layer05,0.0001,0.6929,0.0110,0.6915,0.0473,7,0.6311,0.1283,0.6479,0.0384,3,0.6805,0.6971,0.7011,0.7089,0.6379,0.7277,0.6736,0.7327,0.4870,0.6361,0.6908,0.6168
layer06,0.0001,0.6862,0.0221,0.6939,0.0150,7,0.6429,0.1296,0.6922,0.0481,3,0.6612,0.7033,0.6940,0.6795,0.6929,0.7093,0.6860,0.7454,0.4972,0.6777,0.7458,0.6531
layer07,0.0001,0.6979,0.0263,0.6844,0.0542,7,0.7036,0.0835,0.7139,0.0465,3,0.6840,0.7283,0.6815,0.7055,0.7249,0.6229,0.7217,0.7765,0.6124,0.7076,0.7632,0.6709
layer08,0.0001,0.7016,0.0353,0.7226,0.0296,7,0.6966,0.0843,0.7181,0.0536,3,0.6711,0.7402,0.6934,0.7505,0.7256,0.6917,0.6974,0.7805,0.6119,0.7028,0.7776,0.6738
layer09,0.0001,0.6909,0.0238,0.6614,0.0383,7,0.6799,0.0803,0.6553,0.0679,3,0.6676,0.7153,0.6898,0.6201,0.6683,0.6957,0.6662,0.7661,0.6073,0.6061,0.7328,0.6271
layer10,0.0001,0.6909,0.0255,0.6800,0.0235,7,0.6893,0.0715,0.6824,0.0448,3,0.6676,0.7181,0.6869,0.6529,0.6949,0.6923,0.6786,0.7656,0.6237,0.6427,0.7310,0.6736
layer11,0.0001,0.6931,0.0405,0.7207,0.0275,7,0.6502,0.1144,0.6789,0.0565,3,0.6519,0.7328,0.6946,0.7325,0.7403,0.6893,0.6905,0.7391,0.5212,0.6916,0.7279,0.6170
layer12,0.0001,0.6871,0.0331,0.7516,0.0054,7,0.6161,0.1056,0.6966,0.0793,3,0.6501,0.7141,0.6970,0.7547,0.7453,0.7548,0.6855,0.6682,0.4946,0.6774,0.7837,0.6287
layer13,0.0001,0.6704,0.0442,0.7082,0.0203,7,0.6173,0.0796,0.6558,0.0266,3,0.6204,0.7045,0.6863,0.7128,0.7258,0.6860,0.6830,0.6400,0.5288,0.6721,0.6251,0.6701
layer14,0.0001,0.6575,0.0357,0.6832,0.0410,7,0.5831,0.0789,0.6174,0.0757,3,0.6163,0.6790,0.6774,0.6772,0.7268,0.6455,0.6404,0.6158,0.4931,0.5323,0.6774,0.6423
layer15,0.0001,0.6546,0.0382,0.6901,0.0444,7,0.5945,0.0883,0.6131,0.0480,3,0.6105,0.6773,0.6762,0.7313,0.6959,0.6431,0.6622,0.6267,0.4946,0.5891,0.6684,0.5820
layer16,0.0001,0.6624,0.0265,0.6535,0.0423,7,0.5800,0.0978,0.5945,0.1045,3,0.6338,0.6670,0.6863,0.6999,0.6170,0.6436,0.6409,0.6319,0.4671,0.5219,0.7143,0.5474
layer17,0.0001,0.6484,0.0410,0.6607,0.0453,7,0.5740,0.0770,0.5995,0.0819,3,0.6012,0.6744,0.6696,0.6778,0.6949,0.6093,0.6349,0.5997,0.4875,0.5061,0.6588,0.6336
layer18,0.0001,0.6534,0.0317,0.6381,0.0242,7,0.5625,0.0690,0.5667,0.1160,3,0.6169,0.6682,0.6750,0.6241,0.6660,0.6242,0.6106,0.5933,0.4834,0.4341,0.6498,0.6160
layer19,0.0001,0.6565,0.0253,0.6799,0.0819,7,0.5759,0.0787,0.6026,0.0854,3,0.6274,0.6687,0.6732,0.7682,0.6651,0.6064,0.6369,0.6037,0.4870,0.5106,0.6794,0.6179
layer20,0.0001,0.6524,0.0361,0.6383,0.0174,7,0.5803,0.0865,0.6127,0.0653,3,0.6117,0.6653,0.6803,0.6583,0.6268,0.6298,0.6498,0.6077,0.4834,0.5483,0.6789,0.6108
layer21,0.0001,0.6511,0.0422,0.6486,0.0611,7,0.5804,0.0882,0.5976,0.0850,3,0.6041,0.6636,0.6857,0.5808,0.6653,0.6996,0.6374,0.6250,0.4788,0.5090,0.6784,0.6054
layer22,0.0001,0.6456,0.0411,0.5961,0.0547,7,0.5774,0.0769,0.6074,0.0897,3,0.5983,0.6659,0.6726,0.5410,0.6505,0.5967,0.6369,0.6048,0.4906,0.5087,0.6840,0.6294
layer23,0.0001,0.6479,0.0282,0.5932,0.0247,7,0.5871,0.0908,0.5863,0.0273,3,0.6198,0.6478,0.6762,0.6055,0.5647,0.6093,0.6528,0.6250,0.4834,0.5558,0.5946,0.6084
layer24,0.0001,0.6546,0.0162,0.5698,0.0204,7,0.6058,0.1091,0.5913,0.0196,3,0.6367,0.6585,0.6684,0.5463,0.5830,0.5800,0.6577,0.6791,0.4804,0.5697,0.6081,0.5961
layer25,0.0001,0.6601,0.0165,0.5887,0.0464,7,0.6103,0.1061,0.5978,0.0262,3,0.6466,0.6551,0.6786,0.5899,0.5418,0.6345,0.6592,0.6832,0.4885,0.5758,0.5910,0.6268
layer26,0.0001,0.6827,0.0137,0.6300,0.0363,7,0.6469,0.0853,0.6280,0.0129,3,0.6700,0.6971,0.6809,0.5923,0.6330,0.6647,0.6691,0.7189,0.5528,0.6201,0.6429,0.6211
layer27,0.0001,0.6833,0.0076,0.6433,0.0289,7,0.6551,0.0916,0.6402,0.0204,3,0.6752,0.6903,0.6845,0.6200,0.6343,0.6756,0.6716,0.7373,0.5563,0.6219,0.6621,0.6365
layer28,0.0001,0.6849,0.0072,0.6261,0.0428,7,0.6350,0.1084,0.6274,0.0128,3,0.6776,0.6920,0.6851,0.6084,0.5951,0.6749,0.6696,0.7218,0.5135,0.6159,0.6412,0.6250
layer29,0.0001,0.6887,0.0131,0.6738,0.0349,7,0.6495,0.0826,0.6571,0.0425,3,0.6746,0.7005,0.6910,0.6358,0.6810,0.7044,0.6786,0.7137,0.5563,0.6419,0.7051,0.6242
layer30,0.0001,0.6777,0.0093,0.6770,0.0189,7,0.6142,0.1130,0.6532,0.0586,3,0.6671,0.6841,0.6821,0.6942,0.6802,0.6568,0.6726,0.6861,0.4839,0.6188,0.7209,0.6199
layer31,0.0001,0.6796,0.0119,0.6738,0.0227,7,0.6166,0.1131,0.6514,0.0633,3,0.6676,0.6914,0.6797,0.6942,0.6780,0.6493,0.6677,0.6953,0.4870,0.6049,0.7234,0.6258
action,0.0001,0.7003,0.0341,0.7510,0.0804,7,0.6466,0.0763,0.6978,0.0259,3,0.6653,0.7334,0.7023,0.7034,0.8438,0.7059,0.7059,0.6734,0.5604,0.7047,0.7195,0.6691
final:full,0.0001,0.7779,0.0131,0.7675,0.0458,7,0.7488,0.0339,0.7207,0.0539,3,0.7930,0.7720,0.7689,0.7147,0.7972,0.7906,0.7381,0.7869,0.7216,0.6934,0.7827,0.6858
final:no_action,0.0001,0.7677,0.0071,0.7442,0.0366,7,0.7413,0.0318,0.7000,0.0481,3,0.7755,0.7657,0.7617,0.7021,0.7681,0.7624,0.7277,0.7776,0.7185,0.6682,0.7553,0.6764
final:no_emb_temp,0.0001,0.7716,0.0054,0.7568,0.0600,7,0.7428,0.0327,0.7077,0.0576,3,0.7778,0.7680,0.7689,0.6876,0.7900,0.7929,0.7326,0.7794,0.7165,0.6836,0.7734,0.6660
final:no_cross_layer,0.0001,0.7385,0.0100,0.8075,0.0316,7,0.6884,0.0689,0.7363,0.0588,3,0.7312,0.7499,0.7344,0.7771,0.8402,0.8053,0.7272,0.7293,0.6089,0.7418,0.7922,0.6750
compare,0.0001,0.6710,0.0176,0.7068,0.0622,7,0.6061,0.0992,0.6530,0.0696,3,0.6507,0.6795,0.6827,0.7699,0.7050,0.6456,0.6637,0.6630,0.4916,0.5951,0.7302,0.6337
compare_max,0.0001,0.7544,0.0502,0.7416,0.0826,7,0.7192,0.0356,0.7250,0.0550,3,0.7277,0.8123,0.7231,0.7594,0.8138,0.6515,0.6895,0.7586,0.7093,0.6625,0.7656,0.7471
layer00,1e-05,0.6510,0.0502,0.7466,0.0359,7,0.5979,0.0985,0.6827,0.0358,3,0.5930,0.6784,0.6815,0.7723,0.7620,0.7056,0.6935,0.6037,0.4967,0.7057,0.7010,0.6415
layer01,1e-05,0.6573,0.0420,0.7314,0.0064,7,0.5947,0.0905,0.6639,0.0495,3,0.6099,0.6721,0.6898,0.7388,0.7271,0.7284,0.6721,0.6169,0.4952,0.6331,0.7210,0.6377
layer02,1e-05,0.6632,0.0385,0.7447,0.0380,7,0.5969,0.1014,0.6558,0.0711,3,0.6216,0.6704,0.6976,0.7753,0.7022,0.7565,0.6711,0.6382,0.4814,0.6355,0.7348,0.5971
layer03,1e-05,0.6576,0.0478,0.7342,0.0240,7,0.5959,0.0952,0.6677,0.0713,3,0.6047,0.6704,0.6976,0.7159,0.7253,0.7613,0.6701,0.6290,0.4885,0.6309,0.7499,0.6224
layer04,1e-05,0.6494,0.0461,0.6831,0.0376,7,0.6008,0.0929,0.6825,0.0488,3,0.5977,0.6642,0.6863,0.6979,0.6403,0.7110,0.6815,0.6215,0.4992,0.6560,0.7388,0.6528
layer05,1e-05,0.6449,0.0475,0.6919,0.0526,7,0.5917,0.0952,0.6522,0.0305,3,0.5918,0.6597,0.6833,0.7169,0.6314,0.7273,0.6761,0.6106,0.4885,0.6440,0.6859,0.6266
layer06,1e-05,0.6431,0.0517,0.6911,0.0197,7,0.6032,0.0983,0.6943,0.0480,3,0.5843,0.6642,0.6809,0.6795,0.6800,0.7138,0.6885,0.6256,0.4957,0.6864,0.7458,0.6507
layer07,1e-05,0.6461,0.0445,0.6725,0.0618,7,0.6105,0.1003,0.7139,0.0527,3,0.5948,0.6716,0.6720,0.6936,0.7210,0.6028,0.6984,0.6319,0.5013,0.7049,0.7705,0.6663
layer08,1e-05,0.6481,0.0462,0.7185,0.0222,7,0.6119,0.0990,0.7225,0.0573,3,0.5948,0.6727,0.6768,0.7363,0.7255,0.6937,0.6959,0.6371,0.5028,0.7070,0.7860,0.6746
layer09,1e-05,0.6386,0.0543,0.6688,0.0267,7,0.5945,0.0916,0.6628,0.0658,3,0.5761,0.6653,0.6744,0.6383,0.6801,0.6881,0.6687,0.6227,0.4921,0.6110,0.7368,0.6406
layer10,1e-05,0.6415,0.0521,0.6862,0.0239,7,0.5999,0.0950,0.6793,0.0426,3,0.5813,0.6699,0.6732,0.6635,0.7111,0.6838,0.6825,0.6210,0.4962,0.6551,0.7285,0.6543
layer11,1e-05,0.6496,0.0480,0.7278,0.0400,7,0.5972,0.1035,0.6756,0.0531,3,0.5942,0.6767,0.6780,0.7481,0.7536,0.6817,0.6890,0.6175,0.4850,0.6894,0.7204,0.6170
layer12,1e-05,0.6483,0.0522,0.7446,0.0063,7,0.6006,0.1006,0.6922,0.0717,3,0.5883,0.6733,0.6833,0.7468,0.7375,0.7495,0.6830,0.6302,0.4885,0.6725,0.7718,0.6324
layer13,1e-05,0.6442,0.0509,0.7051,0.0317,7,0.5925,0.0876,0.6581,0.0139,3,0.5854,0.6721,0.6750,0.7078,0.7353,0.6721,0.6791,0.5945,0.5038,0.6612,0.6428,0.6702
layer14,1e-05,0.6416,0.0532,0.6864,0.0482,7,0.5788,0.0773,0.6185,0.0717,3,0.5802,0.6727,0.6720,0.6737,0.7397,0.6458,0.6419,0.6020,0.4926,0.5384,0.6764,0.6408
layer15,1e-05,0.6389,0.0529,0.6836,0.0480,7,0.5799,0.0954,0.6100,0.0514,3,0.5778,0.6682,0.6708,0.7242,0.6959,0.6306,0.6632,0.6008,0.4758,0.5921,0.6680,0.5700
layer16,1e-05,0.6414,0.0404,0.6489,0.0457,7,0.5747,0.0933,0.5945,0.1031,3,0.5953,0.6580,0.6708,0.6999,0.6117,0.6352,0.6414,0.6146,0.4681,0.5234,0.7128,0.5474
layer17,1e-05,0.6377,0.0509,0.6629,0.0575,7,0.5709,0.0760,0.5959,0.0737,3,0.5790,0.6687,0.6655,0.6831,0.7075,0.5980,0.6364,0.5887,0.4875,0.5110,0.6430,0.6336
layer18,1e-05,0.6341,0.0503,0.6263,0.0253,7,0.5620,0.0688,0.5658,0.1232,3,0.5761,0.6614,0.6649,0.6196,0.6543,0.6049,0.6081,0.5950,0.4829,0.4254,0.6558,0.6161
layer19,1e-05,0.6401,0.0404,0.6758,0.0746,7,0.5759,0.0817,0.6027,0.0854,3,0.5936,0.6614,0.6655,0.7589,0.6535,0.6148,0.6384,0.6060,0.4834,0.5159,0.6866,0.6058
layer20,1e-05,0.6336,0.0503,0.6382,0.0455,7,0.5786,0.0850,0.6117,0.0677,3,0.5761,0.6551,0.6696,0.6857,0.5950,0.6338,0.6483,0.6037,0.4839,0.5437,0.6792,0.6123
layer21,1e-05,0.6311,0.0633,0.6192,0.0764,7,0.5713,0.0819,0.5886,0.0868,3,0.5586,0.6591,0.6756,0.5345,0.6402,0.6829,0.6329,0.6025,0.4783,0.4970,0.6697,0.5990
layer22,1e-05,0.6252,0.0673,0.5614,0.1107,7,0.5782,0.0756,0.6112,0.0939,3,0.5475,0.6619,0.6661,0.4400,0.6569,0.5873,0.6359,0.6060,0.4926,0.5068,0.6889,0.6378
layer23,1e-05,0.6228,0.0569,0.5449,0.0402,7,0.5709,0.0804,0.5778,0.0413,3,0.5580,0.6455,0.6649,0.5209,0.5224,0.5914,0.6473,0.5783,0.4870,0.5380,0.5748,0.6205
layer24,1e-05,0.6276,0.0500,0.5611,0.0113,7,0.5721,0.0901,0.5808,0.0134,3,0.5703,0.6506,0.6619,0.5494,0.5619,0.5720,0.6572,0.5812,0.4778,0.5663,0.5835,0.5926
layer25,1e-05,0.6267,0.0530,0.5667,0.0606,7,0.5741,0.0832,0.5832,0.0386,3,0.5673,0.6438,0.6690,0.5742,0.5027,0.6233,0.6548,0.5789,0.4885,0.5618,0.5600,0.6277
layer26,1e-05,0.6396,0.0399,0.6064,0.0386,7,0.5806,0.0968,0.6101,0.0166,3,0.5942,0.6557,0.6690,0.5728,0.5978,0.6486,0.6701,0.5939,0.4778,0.6147,0.6239,0.5917
layer27,1e-05,0.6416,0.0391,0.6245,0.0490,7,0.5915,0.0960,0.6191,0.0218,3,0.5977,0.6546,0.6726,0.5929,0.5997,0.6810,0.6672,0.6238,0.4834,0.5999,0.6428,0.6147
layer28,1e-05,0.6409,0.0431,0.6209,0.0757,7,0.5798,0.0916,0.6056,0.0095,3,0.5936,0.6512,0.6780,0.5826,0.5721,0.7081,0.6657,0.5904,0.4834,0.5958,0.6066,0.6146
layer29,1e-05,0.6406,0.0537,0.6670,0.0483,7,0.5918,0.0959,0.6496,0.0386,3,0.5790,0.6648,0.6780,0.6142,0.6778,0.7090,0.6761,0.6118,0.4875,0.6336,0.6936,0.6215
layer30,1e-05,0.6410,0.0505,0.6640,0.0053,7,0.5902,0.0936,0.6495,0.0594,3,0.5831,0.6636,0.6762,0.6611,0.6701,0.6607,0.6696,0.6141,0.4870,0.6074,0.7174,0.6235
layer31,1e-05,0.6400,0.0512,0.6616,0.0081,7,0.5891,0.0925,0.6467,0.0641,3,0.5813,0.6631,0.6756,0.6522,0.6657,0.6668,0.6662,0.6146,0.4865,0.5980,0.7193,0.6228
action,1e-05,0.6631,0.0462,0.7360,0.0825,7,0.5967,0.0937,0.6701,0.0139,3,0.6099,0.6931,0.6863,0.6966,0.8308,0.6806,0.6880,0.6014,0.5008,0.6779,0.6783,0.6540
final:full,1e-05,0.7425,0.0127,0.7878,0.0216,7,0.7041,0.0695,0.7169,0.0489,3,0.7417,0.7555,0.7302,0.7661,0.7880,0.8092,0.7004,0.7753,0.6364,0.6901,0.7733,0.6874
final:no_action,1e-05,0.7326,0.0152,0.7673,0.0106,7,0.6980,0.0690,0.7111,0.0491,3,0.7289,0.7493,0.7195,0.7555,0.7705,0.7760,0.6925,0.7696,0.6318,0.6826,0.7677,0.6829
final:no_emb_temp,1e-05,0.7175,0.0166,0.7197,0.0693,7,0.6770,0.0806,0.6879,0.0469,3,0.7020,0.7351,0.7154,0.6433,0.7373,0.7784,0.6796,0.7563,0.5951,0.6504,0.7404,0.6727
final:no_cross_layer,1e-05,0.6963,0.0201,0.7945,0.0526,7,0.6370,0.1044,0.7234,0.0515,3,0.6735,0.7113,0.7041,0.7974,0.8455,0.7405,0.7019,0.6924,0.5166,0.7117,0.7798,0.6788
compare,1e-05,0.6434,0.0467,0.7092,0.0658,7,0.5912,0.0904,0.6544,0.0704,3,0.5895,0.6687,0.6720,0.7770,0.7050,0.6456,0.6642,0.6192,0.4901,0.5966,0.7329,0.6337
compare_max,1e-05,0.7544,0.0502,0.7416,0.0826,7,0.7191,0.0354,0.7250,0.0550,3,0.7277,0.8123,0.7231,0.7594,0.8138,0.6515,0.6895,0.7584,0.7093,0.6625,0.7656,0.7471
layer00,1e-06,0.6451,0.0552,0.7477,0.0304,7,0.5981,0.0982,0.6832,0.0349,3,0.5813,0.6767,0.6774,0.7683,0.7620,0.7127,0.6935,0.6037,0.4972,0.7057,0.7010,0.6430
layer01,1e-06,0.6442,0.0550,0.7363,0.0104,7,0.5936,0.0917,0.6609,0.0478,3,0.5808,0.6727,0.6791,0.7480,0.7324,0.7284,0.6726,0.6152,0.4931,0.6350,0.7161,0.6317
layer02,1e-06,0.6462,0.0540,0.7506,0.0423,7,0.5922,0.0988,0.6576,0.0689,3,0.5848,0.6676,0.6863,0.7806,0.7022,0.7690,0.6726,0.6221,0.4819,0.6408,0.7333,0.5986
layer03,1e-06,0.6449,0.0582,0.7328,0.0248,7,0.5964,0.0953,0.6715,0.0736,3,0.5784,0.6693,0.6869,0.7159,0.7212,0.7613,0.6711,0.6290,0.4890,0.6343,0.7563,0.6239
layer04,1e-06,0.6389,0.0550,0.6844,0.0384,7,0.6007,0.0924,0.6823,0.0526,3,0.5761,0.6619,0.6786,0.7019,0.6403,0.7110,0.6801,0.6227,0.4992,0.6511,0.7430,0.6528
layer05,1e-06,0.6397,0.0565,0.6932,0.0540,7,0.5915,0.0948,0.6514,0.0294,3,0.5761,0.6591,0.6839,0.7169,0.6314,0.7314,0.6756,0.6100,0.4888,0.6421,0.6844,0.6277
layer06,1e-06,0.6389,0.0592,0.6904,0.0265,7,0.6027,0.0983,0.6920,0.0468,3,0.5714,0.6631,0.6821,0.6755,0.6747,0.7209,0.6880,0.6250,0.4952,0.6848,0.7420,0.6492
layer07,1e-06,0.6363,0.0549,0.6720,0.0664,7,0.6098,0.1002,0.7119,0.0513,3,0.5732,0.6721,0.6637,0.6936,0.7250,0.5976,0.6979,0.6308,0.5008,0.7031,0.7671,0.6656
layer08,1e-06,0.6421,0.0552,0.7174,0.0217,7,0.6125,0.0998,0.7247,0.0600,3,0.5784,0.6716,0.6762,0.7363,0.7223,0.6937,0.6969,0.6382,0.5023,0.7105,0.7905,0.6731
layer09,1e-06,0.6355,0.0596,0.6694,0.0265,7,0.5952,0.0907,0.6649,0.0674,3,0.5668,0.6659,0.6738,0.6388,0.6846,0.6849,0.6682,0.6238,0.4936,0.6102,0.7401,0.6443
layer10,1e-06,0.6376,0.0579,0.6869,0.0214,7,0.5990,0.0933,0.6765,0.0410,3,0.5708,0.6687,0.6732,0.6692,0.7107,0.6808,0.6806,0.6192,0.4972,0.6487,0.7236,0.6573
layer11,1e-06,0.6440,0.0553,0.7297,0.0416,7,0.5967,0.1034,0.6736,0.0538,3,0.5802,0.6739,0.6780,0.7534,0.7539,0.6817,0.6880,0.6175,0.4844,0.6860,0.7200,0.6147
layer12,1e-06,0.6448,0.0572,0.7462,0.0040,7,0.6007,0.1008,0.6923,0.0709,3,0.5790,0.6727,0.6827,0.7468,0.7420,0.7500,0.6835,0.6302,0.4885,0.6740,0.7706,0.6324
layer13,1e-06,0.6405,0.0578,0.7027,0.0316,7,0.5924,0.0876,0.6589,0.0158,3,0.5738,0.6721,0.6756,0.7007,0.7353,0.6721,0.6796,0.5933,0.5043,0.6627,0.6415,0.6725
layer14,1e-06,0.6385,0.0586,0.6867,0.0525,7,0.5786,0.0769,0.6181,0.0693,3,0.5708,0.6733,0.6714,0.6737,0.7445,0.6419,0.6424,0.6002,0.4931,0.5399,0.6720,0.6423
layer15,1e-06,0.6382,0.0538,0.6822,0.0476,7,0.5801,0.0955,0.6103,0.0525,3,0.5761,0.6676,0.6708,0.7242,0.6918,0.6306,0.6632,0.6014,0.4758,0.5921,0.6694,0.5693
layer16,1e-06,0.6342,0.0516,0.6489,0.0457,7,0.5745,0.0931,0.5943,0.1035,3,0.5749,0.6580,0.6696,0.6999,0.6117,0.6352,0.6409,0.6146,0.4681,0.5219,0.7128,0.5482
layer17,1e-06,0.6350,0.0546,0.6616,0.0560,7,0.5708,0.0768,0.5956,0.0719,3,0.5720,0.6682,0.6649,0.6831,0.7035,0.5980,0.6369,0.5890,0.4865,0.5129,0.6440,0.6298
layer18,1e-06,0.6295,0.0573,0.6233,0.0249,7,0.5622,0.0690,0.5663,0.1237,3,0.5633,0.6608,0.6643,0.6196,0.6498,0.6004,0.6081,0.5956,0.4829,0.4254,0.6573,0.6161
layer19,1e-06,0.6365,0.0478,0.6790,0.0707,7,0.5760,0.0829,0.6039,0.0894,3,0.5813,0.6614,0.6667,0.7589,0.6535,0.6246,0.6384,0.6077,0.4819,0.5159,0.6946,0.6012
layer20,1e-06,0.6326,0.0520,0.6395,0.0476,7,0.5789,0.0855,0.6126,0.0698,3,0.5732,0.6551,0.6696,0.6897,0.5950,0.6338,0.6483,0.6048,0.4834,0.5437,0.6833,0.6108
layer21,1e-06,0.6288,0.0669,0.6090,0.0873,7,0.5702,0.0813,0.5850,0.0885,3,0.5522,0.6585,0.6756,0.5109,0.6375,0.6785,0.6310,0.6020,0.4778,0.4910,0.6666,0.5975
layer22,1e-06,0.6242,0.0700,0.5631,0.1144,7,0.5790,0.0755,0.6136,0.0931,3,0.5434,0.6619,0.6673,0.4356,0.6569,0.5967,0.6369,0.6066,0.4936,0.5102,0.6908,0.6400
layer23,1e-06,0.6197,0.0604,0.5347,0.0452,7,0.5699,0.0806,0.5737,0.0409,3,0.5510,0.6438,0.6643,0.5098,0.5074,0.5869,0.6473,0.5760,0.4865,0.5376,0.5653,0.6182
layer24,1e-06,0.6225,0.0592,0.5612,0.0161,7,0.5705,0.0911,0.5751,0.0101,3,0.5545,0.6506,0.6625,0.5561,0.5483,0.5792,0.6567,0.5795,0.4753,0.5644,0.5767,0.5843
layer25,1e-06,0.6237,0.0576,0.5644,0.0631,7,0.5730,0.0819,0.5786,0.0453,3,0.5589,0.6432,0.6690,0.5720,0.4978,0.6233,0.6533,0.5760,0.4895,0.5565,0.5486,0.6307
layer26,1e-06,0.6280,0.0606,0.6078,0.0453,7,0.5805,0.0961,0.6091,0.0152,3,0.5586,0.6551,0.6702,0.5683,0.5978,0.6573,0.6691,0.5939,0.4783,0.6106,0.6235,0.5932
layer27,1e-06,0.6294,0.0599,0.6215,0.0484,7,0.5830,0.0943,0.6160,0.0245,3,0.5609,0.6551,0.6720,0.5916,0.5956,0.6774,0.6667,0.6014,0.4809,0.5984,0.6440,0.6057
layer28,1e-06,0.6296,0.0618,0.6193,0.0761,7,0.5778,0.0909,0.6006,0.0128,3,0.5598,0.6517,0.6774,0.5741,0.5766,0.7071,0.6642,0.5864,0.4829,0.5901,0.5970,0.6148
layer29,1e-06,0.6355,0.0620,0.6656,0.0470,7,0.5913,0.0967,0.6475,0.0405,3,0.5644,0.6642,0.6780,0.6142,0.6764,0.7063,0.6761,0.6118,0.4860,0.6332,0.6932,0.6162
layer30,1e-06,0.6359,0.0584,0.6616,0.0040,7,0.5902,0.0934,0.6488,0.0554,3,0.5691,0.6619,0.6768,0.6606,0.6582,0.6660,0.6701,0.6129,0.4875,0.6093,0.7121,0.6250
layer31,1e-06,0.6357,0.0581,0.6631,0.0033,7,0.5891,0.0913,0.6469,0.0613,3,0.5691,0.6625,0.6756,0.6606,0.6617,0.6668,0.6657,0.6135,0.4880,0.5965,0.7151,0.6289
action,1e-06,0.6453,0.0615,0.7228,0.0675,7,0.5958,0.0919,0.6675,0.0057,3,0.5743,0.6829,0.6786,0.6921,0.8003,0.6762,0.6860,0.5991,0.5023,0.6707,0.6708,0.6609
final:full,1e-06,0.6827,0.0206,0.7662,0.0128,7,0.6211,0.1026,0.7072,0.0565,3,0.6618,0.6835,0.7029,0.7647,0.7797,0.7542,0.6870,0.6734,0.5028,0.6818,0.7720,0.6678
final:no_action,1e-06,0.6806,0.0214,0.7594,0.0081,7,0.6194,0.1026,0.7062,0.0595,3,0.6589,0.6812,0.7017,0.7607,0.7668,0.7508,0.6865,0.6705,0.5013,0.6803,0.7743,0.6641
final:no_emb_temp,1e-06,0.6515,0.0431,0.6837,0.0849,7,0.5987,0.0804,0.6614,0.0343,3,0.6029,0.6665,0.6851,0.5941,0.6941,0.7629,0.6706,0.6135,0.5120,0.6228,0.6727,0.6886
final:no_cross_layer,1e-06,0.6688,0.0318,0.7696,0.0601,7,0.6036,0.0976,0.6994,0.0570,3,0.6321,0.6875,0.6869,0.8063,0.8021,0.7003,0.6855,0.6296,0.4957,0.6819,0.7632,0.6532
compare,1e-06,0.6415,0.0506,0.7106,0.0639,7,0.5912,0.0904,0.6544,0.0704,3,0.5831,0.6687,0.6726,0.7770,0.7050,0.6497,0.6642,0.6192,0.4901,0.5966,0.7329,0.6337
compare_max,1e-06,0.7543,0.0500,0.7402,0.0828,7,0.7191,0.0354,0.7245,0.0551,3,0.7277,0.8120,0.7231,0.7594,0.8118,0.6496,0.6895,0.7584,0.7096,0.6617,0.7648,0.7471
