probe,inputs,c,betas,unstable_inputs,has_unstable,pooled_seen_mean,pooled_seen_std,per_task_seen_mean,per_task_seen_std,n_tasks_seen,pooled_unseen_mean,pooled_unseen_std,per_task_unseen_mean,per_task_unseen_std,n_tasks_unseen,pooled_seen_s0,pooled_seen_s1,pooled_seen_s2,per_task_seen_s0,per_task_seen_s1,per_task_seen_s2,pooled_unseen_s0,pooled_unseen_s1,pooled_unseen_s2,per_task_unseen_s0,per_task_unseen_s1,per_task_unseen_s2
layer00,emb_temp[0] xl_adj[0] xl_final[0],1.0000,emb_temp=none cross_layer=0.91,,False,0.6963,0.0269,0.7533,0.0311,7,0.6420,0.0826,0.6843,0.0457,3,0.6653,0.7124,0.7112,0.7767,0.7652,0.7180,0.7103,0.6653,0.5502,0.7091,0.7122,0.6315
layer01,emb_temp[1] xl_adj[1] xl_final[1],1.0000,emb_temp=none cross_layer=0.91,emb_temp[1],True,0.7131,0.0062,0.6920,0.0252,7,0.6912,0.0492,0.6562,0.0466,3,0.7143,0.7187,0.7065,0.6878,0.6692,0.7191,0.6979,0.7368,0.6390,0.6176,0.7079,0.6430
layer02,emb_temp[2] xl_adj[2] xl_final[2],1.0000,emb_temp=none cross_layer=0.91,,False,0.7255,0.0055,0.7096,0.0537,7,0.6773,0.0877,0.6410,0.0638,3,0.7207,0.7243,0.7314,0.7237,0.6502,0.7548,0.6796,0.7638,0.5885,0.6192,0.7129,0.5909
layer03,emb_temp[3] xl_adj[3] xl_final[3],1.0000,emb_temp=none cross_layer=0.91,,False,0.7305,0.0128,0.7227,0.0380,7,0.6507,0.1328,0.6603,0.0657,3,0.7160,0.7351,0.7403,0.7008,0.7007,0.7666,0.6751,0.7696,0.5074,0.6271,0.7361,0.6178
layer04,emb_temp[4] xl_adj[4] xl_final[4],1.0000,emb_temp=none cross_layer=0.91,,False,0.7214,0.0046,0.6929,0.0480,7,0.6973,0.0776,0.6791,0.0295,3,0.7160,0.7243,0.7237,0.7138,0.6380,0.7268,0.7118,0.7667,0.6135,0.6593,0.7130,0.6650
layer05,emb_temp[5] xl_adj[5] xl_final[5],1.0000,emb_temp=none cross_layer=0.91,,False,0.7118,0.0074,0.6999,0.0484,7,0.6673,0.0803,0.6468,0.0328,3,0.7190,0.7124,0.7041,0.7293,0.6440,0.7264,0.6726,0.7448,0.5844,0.6406,0.6823,0.6175
layer06,emb_temp[6] xl_adj[6] xl_final[6],1.0000,emb_temp=none cross_layer=0.91,xl_adj[6],True,0.7068,0.0163,0.6980,0.0041,7,0.6698,0.1097,0.6913,0.0506,3,0.6997,0.7255,0.6952,0.6950,0.7027,0.6963,0.6920,0.7667,0.5507,0.6761,0.7477,0.6501
layer07,emb_temp[7] xl_adj[7] xl_final[7],1.0000,emb_temp=none cross_layer=0.91,,False,0.7253,0.0213,0.6855,0.0488,7,0.7432,0.0408,0.7088,0.0377,3,0.7149,0.7499,0.7112,0.6936,0.7297,0.6332,0.7495,0.7805,0.6996,0.6951,0.7513,0.6798
layer08,emb_temp[8] xl_adj[8] xl_final[8],1.0000,emb_temp=none cross_layer=0.91,,False,0.7168,0.0340,0.7223,0.0295,7,0.7294,0.0643,0.7149,0.0476,3,0.6962,0.7561,0.6982,0.7505,0.7247,0.6917,0.7376,0.7892,0.6614,0.6987,0.7685,0.6775
layer09,emb_temp[9] xl_adj[9] xl_final[9],1.0000,emb_temp=none cross_layer=0.91,,False,0.7065,0.0252,0.6496,0.0493,7,0.6966,0.0601,0.6363,0.0756,3,0.6875,0.7351,0.6970,0.6016,0.6472,0.7001,0.6801,0.7632,0.6466,0.5781,0.7217,0.6091
layer10,emb_temp[10] xl_adj[10] xl_final[10],1.0000,emb_temp=none cross_layer=0.91,xl_adj[10],True,0.7094,0.0233,0.6767,0.0274,7,0.7143,0.0463,0.6808,0.0412,3,0.6950,0.7362,0.6970,0.6450,0.6923,0.6928,0.7054,0.7644,0.6731,0.6430,0.7247,0.6748
layer11,emb_temp[11] xl_adj[11] xl_final[11],1.0000,emb_temp=none cross_layer=0.91,xl_adj[11],True,0.7072,0.0453,0.7164,0.0207,7,0.7001,0.0784,0.6773,0.0470,3,0.6723,0.7584,0.6910,0.7151,0.7377,0.6964,0.7262,0.7621,0.6119,0.6924,0.7149,0.6245
layer12,emb_temp[12] xl_adj[12] xl_final[12],1.0000,emb_temp=none cross_layer=0.91,xl_adj[12],True,0.7062,0.0421,0.7577,0.0066,7,0.6635,0.0652,0.6979,0.0852,3,0.6659,0.7499,0.7029,0.7502,0.7602,0.7627,0.6959,0.7062,0.5885,0.6876,0.7878,0.6183
layer13,emb_temp[13] xl_adj[13] xl_final[13],1.0000,emb_temp=none cross_layer=0.91,,False,0.6909,0.0603,0.7059,0.0248,7,0.6736,0.0255,0.6500,0.0493,3,0.6344,0.7544,0.6839,0.6920,0.7345,0.6913,0.6954,0.6797,0.6456,0.6849,0.5936,0.6714
layer14,emb_temp[14] xl_adj[14] xl_final[14],1.0000,emb_temp=none cross_layer=0.91,xl_adj[14],True,0.6620,0.0340,0.6815,0.0350,7,0.5948,0.0832,0.6182,0.0833,3,0.6257,0.6931,0.6673,0.6967,0.7062,0.6415,0.6404,0.6452,0.4987,0.5233,0.6792,0.6523
layer15,emb_temp[15] xl_adj[15] xl_final[15],1.0000,emb_temp=none cross_layer=0.91,emb_temp[15] xl_adj[15],True,0.6706,0.0344,0.6904,0.0488,7,0.6277,0.0587,0.6127,0.0438,3,0.6309,0.6892,0.6916,0.7309,0.7041,0.6363,0.6602,0.6630,0.5599,0.5834,0.6631,0.5916
layer16,emb_temp[16] xl_adj[16] xl_final[16],1.0000,emb_temp=none cross_layer=0.91,,False,0.6784,0.0192,0.6527,0.0492,7,0.6123,0.0688,0.5896,0.1087,3,0.6566,0.6858,0.6928,0.7088,0.6170,0.6324,0.6438,0.6596,0.5334,0.5189,0.7147,0.5352
layer17,emb_temp[17] xl_adj[17] xl_final[17],1.0000,emb_temp=none cross_layer=0.91,xl_adj[17] xl_final[17],True,0.6554,0.0339,0.6650,0.0357,7,0.5916,0.0688,0.6064,0.0753,3,0.6163,0.6767,0.6732,0.6858,0.6855,0.6238,0.6404,0.6215,0.5130,0.5223,0.6678,0.6290
layer18,emb_temp[18] xl_adj[18] xl_final[18],1.0000,emb_temp=none cross_layer=0.91,xl_final[18],True,0.6668,0.0198,0.6384,0.0284,7,0.5852,0.0409,0.5598,0.1135,3,0.6443,0.6744,0.6815,0.6130,0.6690,0.6331,0.6076,0.6100,0.5380,0.4296,0.6382,0.6115
layer19,emb_temp[19] xl_adj[19] xl_final[19],1.0000,emb_temp=none cross_layer=0.91,,False,0.6593,0.0139,0.6633,0.0944,7,0.5859,0.0866,0.6001,0.0854,3,0.6437,0.6704,0.6637,0.7642,0.6485,0.5771,0.6394,0.6325,0.4860,0.5106,0.6806,0.6089
layer20,emb_temp[20] xl_adj[20] xl_final[20],1.0000,emb_temp=none cross_layer=0.91,,False,0.6526,0.0258,0.6287,0.0053,7,0.6034,0.0898,0.6095,0.0626,3,0.6233,0.6625,0.6720,0.6334,0.6229,0.6298,0.6508,0.6596,0.4997,0.5456,0.6707,0.6123
layer21,emb_temp[21] xl_adj[21] xl_final[21],1.0000,emb_temp=none cross_layer=0.91,xl_adj[21],True,0.6669,0.0292,0.6707,0.0601,7,0.6012,0.0912,0.6019,0.0802,3,0.6379,0.6665,0.6964,0.6203,0.6547,0.7372,0.6389,0.6676,0.4972,0.5128,0.6682,0.6247
layer22,emb_temp[22] xl_adj[22] xl_final[22],1.0000,emb_temp=none cross_layer=0.91,xl_adj[22],True,0.6638,0.0335,0.6405,0.0471,7,0.5938,0.0828,0.5982,0.0722,3,0.6280,0.6943,0.6690,0.5882,0.6797,0.6536,0.6409,0.6423,0.4982,0.5158,0.6503,0.6286
layer23,emb_temp[23] xl_adj[23] xl_final[23],1.0000,emb_temp=none cross_layer=0.91,,False,0.6737,0.0063,0.6062,0.0195,7,0.6275,0.1004,0.6158,0.0243,3,0.6665,0.6773,0.6774,0.6278,0.5898,0.6009,0.6662,0.7028,0.5135,0.5977,0.6434,0.6062
layer24,emb_temp[24] xl_adj[24] xl_final[24],1.0000,emb_temp=none cross_layer=0.91,xl_adj[24],True,0.6709,0.0107,0.5859,0.0214,7,0.6318,0.0832,0.6028,0.0273,3,0.6624,0.6829,0.6673,0.5792,0.6098,0.5687,0.6587,0.6982,0.5385,0.5716,0.6143,0.6225
layer25,emb_temp[25] xl_adj[25] xl_final[25],1.0000,emb_temp=none cross_layer=0.91,,False,0.6802,0.0048,0.6205,0.0472,7,0.6497,0.0735,0.6135,0.0120,3,0.6799,0.6756,0.6851,0.6406,0.5666,0.6543,0.6687,0.7120,0.5686,0.6029,0.6266,0.6109
layer26,emb_temp[26] xl_adj[26] xl_final[26],1.0000,emb_temp=none cross_layer=0.91,,False,0.7119,0.0130,0.6420,0.0485,7,0.6852,0.0352,0.6335,0.0126,3,0.7178,0.7209,0.6970,0.6082,0.6976,0.6202,0.6880,0.7189,0.6486,0.6254,0.6481,0.6270
layer27,emb_temp[27] xl_adj[27] xl_final[27],1.0000,emb_temp=none cross_layer=0.91,,False,0.6979,0.0113,0.6425,0.0102,7,0.6971,0.0492,0.6589,0.0357,3,0.6939,0.7107,0.6892,0.6360,0.6372,0.6543,0.6870,0.7506,0.6537,0.6256,0.6966,0.6546
layer28,emb_temp[28] xl_adj[28] xl_final[28],1.0000,emb_temp=none cross_layer=0.91,,False,0.7047,0.0142,0.6478,0.0347,7,0.6728,0.0705,0.6422,0.0391,3,0.7061,0.7181,0.6898,0.6741,0.6085,0.6607,0.6721,0.7437,0.6028,0.6080,0.6848,0.6337
layer29,emb_temp[29] xl_adj[29] xl_final[29],1.0000,emb_temp=none cross_layer=0.91,,False,0.7046,0.0067,0.6740,0.0219,7,0.6841,0.0478,0.6414,0.0398,3,0.7096,0.7073,0.6970,0.6609,0.6619,0.6993,0.6860,0.7310,0.6354,0.6377,0.6829,0.6035
layer30,emb_temp[30] xl_adj[30] xl_final[30],1.0000,emb_temp=none cross_layer=0.91,,False,0.7022,0.0218,0.6891,0.0138,7,0.6493,0.0942,0.6522,0.0624,3,0.6974,0.7260,0.6833,0.7021,0.6906,0.6746,0.6781,0.7258,0.5441,0.6162,0.7243,0.6161
layer31,emb_temp[31] xl_adj[30] xl_final[30],1.0000,emb_temp=none cross_layer=0.91,,False,0.7025,0.0281,0.6879,0.0391,7,0.6615,0.0782,0.6513,0.0659,3,0.6974,0.7328,0.6774,0.7016,0.7183,0.6437,0.6741,0.7327,0.5778,0.6083,0.7272,0.6184
action,act_mag act_dir grip_flip act_rep,1.0000,action=0.96,,False,0.7342,0.0201,0.7603,0.0238,7,0.6778,0.0667,0.7072,0.0349,3,0.7120,0.7510,0.7398,0.7353,0.7827,0.7628,0.7302,0.7005,0.6028,0.7180,0.7355,0.6683
