detector,seed,alpha,variant,h,t_end,n_d1,n_d2,bal_acc,tpr,tnr,det_time
A,0,0.0200,full,inf,438,17,18,0.5000,0.0000,1.0000,1.0000
A,0,0.0200,cut,inf,438,17,18,0.5000,0.0000,1.0000,1.0000
A,0,0.0829,full,1.8826,438,17,18,0.9658,0.9524,0.9792,0.7580
A,0,0.0829,cut,1.8826,438,17,18,0.5476,0.0952,1.0000,0.9762
A,0,0.1457,full,1.5862,438,17,18,0.9658,0.9524,0.9792,0.7384
A,0,0.1457,cut,1.5862,438,17,18,0.5833,0.1667,1.0000,0.9645
A,0,0.2086,full,1.5472,438,17,18,0.9554,0.9524,0.9583,0.7313
A,0,0.2086,cut,1.5472,438,17,18,0.5729,0.1667,0.9792,0.9609
A,0,0.2714,full,1.1316,438,17,18,0.9137,0.9524,0.8750,0.6377
A,0,0.2714,cut,1.1316,438,17,18,0.5774,0.2381,0.9167,0.8925
A,0,0.3343,full,0.9252,438,17,18,0.9137,0.9524,0.8750,0.5752
A,0,0.3343,cut,0.9252,438,17,18,0.6131,0.3095,0.9167,0.8264
A,0,0.3971,full,0.8279,438,17,18,0.8720,0.9524,0.7917,0.5093
A,0,0.3971,cut,0.8279,438,17,18,0.6071,0.3810,0.8333,0.7615
A,0,0.4600,full,0.6322,438,17,18,0.8318,0.9762,0.6875,0.3971
A,0,0.4600,cut,0.6322,438,17,18,0.6146,0.5000,0.7292,0.6621
A,0,0.5229,full,0.4270,438,17,18,0.7798,0.9762,0.5833,0.2685
A,0,0.5229,cut,0.4270,438,17,18,0.6696,0.7143,0.6250,0.4970
A,0,0.5857,full,0.1981,438,17,18,0.7068,0.9762,0.4375,0.1548
A,0,0.5857,cut,0.1981,438,17,18,0.6458,0.8333,0.4583,0.3128
A,0,0.6486,full,0.0853,438,17,18,0.6860,0.9762,0.3958,0.1164
A,0,0.6486,cut,0.0853,438,17,18,0.6488,0.8810,0.4167,0.2551
A,0,0.7114,full,-0.0749,438,17,18,0.6771,1.0000,0.3542,0.0560
A,0,0.7114,cut,-0.0749,438,17,18,0.6518,0.9286,0.3750,0.1576
A,0,0.7743,full,-0.1276,438,17,18,0.6667,1.0000,0.3333,0.0508
A,0,0.7743,cut,-0.1276,438,17,18,0.6518,0.9286,0.3750,0.1438
A,0,0.8371,full,-0.5962,438,17,18,0.5208,1.0000,0.0417,0.0181
A,0,0.8371,cut,-0.5962,438,17,18,0.5402,0.9762,0.1042,0.0544
A,0,0.9000,full,-0.7722,438,17,18,0.5000,1.0000,0.0000,0.0147
A,0,0.9000,cut,-0.7722,438,17,18,0.4881,0.9762,0.0000,0.0464
A,0,0.1000,full,1.8826,438,17,18,0.9658,0.9524,0.9792,0.7580
A,0,0.1000,cut,1.8826,438,17,18,0.5476,0.0952,1.0000,0.9762
A,1,0.0200,full,inf,369,21,22,0.5000,0.0000,1.0000,1.0000
A,1,0.0200,cut,inf,369,21,22,0.5000,0.0000,1.0000,1.0000
A,1,0.0829,full,3.2408,369,21,22,0.8468,0.6935,1.0000,0.7507
A,1,0.0829,cut,3.2408,369,21,22,0.5565,0.1129,1.0000,0.9460
A,1,0.1457,full,2.5068,369,21,22,0.8612,0.7581,0.9643,0.6237
A,1,0.1457,cut,2.5068,369,21,22,0.6434,0.3226,0.9643,0.8439
A,1,0.2086,full,2.0328,369,21,22,0.7684,0.8226,0.7143,0.4864
A,1,0.2086,cut,2.0328,369,21,22,0.6394,0.5645,0.7143,0.6767
A,1,0.2714,full,1.8944,369,21,22,0.6970,0.8226,0.5714,0.4708
A,1,0.2714,cut,1.8944,369,21,22,0.6198,0.5968,0.6429,0.6472
A,1,0.3343,full,1.8270,369,21,22,0.6694,0.8387,0.5000,0.4419
A,1,0.3343,cut,1.8270,369,21,22,0.6359,0.6290,0.6429,0.6138
A,1,0.3971,full,1.2746,369,21,22,0.6935,0.8871,0.5000,0.3166
A,1,0.3971,cut,1.2746,369,21,22,0.6146,0.6935,0.5357,0.4082
A,1,0.4600,full,1.1832,369,21,22,0.6935,0.8871,0.5000,0.2828
A,1,0.4600,cut,1.1832,369,21,22,0.6308,0.7258,0.5357,0.3640
A,1,0.5229,full,0.7015,369,21,22,0.7258,0.9516,0.5000,0.2270
A,1,0.5229,cut,0.7015,369,21,22,0.6469,0.7581,0.5357,0.2759
A,1,0.5857,full,0.3214,369,21,22,0.7160,0.9677,0.4643,0.2002
A,1,0.5857,cut,0.3214,369,21,22,0.6452,0.7903,0.5000,0.2311
A,1,0.6486,full,0.2813,369,21,22,0.7160,0.9677,0.4643,0.1938
A,1,0.6486,cut,0.2813,369,21,22,0.6452,0.7903,0.5000,0.2195
A,1,0.7114,full,-0.8091,369,21,22,0.5000,1.0000,0.0000,0.0485
A,1,0.7114,cut,-0.8091,369,21,22,0.4758,0.9516,0.0000,0.1098
A,1,0.7743,full,-0.8210,369,21,22,0.5000,1.0000,0.0000,0.0464
A,1,0.7743,cut,-0.8210,369,21,22,0.4758,0.9516,0.0000,0.1050
A,1,0.8371,full,-1.3286,369,21,22,0.5000,1.0000,0.0000,0.0055
A,1,0.8371,cut,-1.3286,369,21,22,0.5000,1.0000,0.0000,0.0131
A,1,0.9000,full,-1.4144,369,21,22,0.5000,1.0000,0.0000,0.0046
A,1,0.9000,cut,-1.4144,369,21,22,0.5000,1.0000,0.0000,0.0109
A,1,0.1000,full,3.0612,369,21,22,0.8450,0.7258,0.9643,0.7210
A,1,0.1000,cut,3.0612,369,21,22,0.5628,0.1613,0.9643,0.9121
A,2,0.0200,full,inf,417,16,17,0.5000,0.0000,1.0000,1.0000
A,2,0.0200,cut,inf,417,16,17,0.5000,0.0000,1.0000,1.0000
A,2,0.0829,full,122.8653,417,16,17,0.8947,0.8649,0.9245,0.8021
A,2,0.0829,cut,122.8653,417,16,17,0.5000,0.0000,1.0000,1.0000
A,2,0.1457,full,43.5865,417,16,17,0.9488,0.9730,0.9245,0.7841
A,2,0.1457,cut,43.5865,417,16,17,0.5000,0.0000,1.0000,1.0000
A,2,0.2086,full,20.1912,417,16,17,0.9623,1.0000,0.9245,0.7734
A,2,0.2086,cut,20.1912,417,16,17,0.5000,0.0000,1.0000,1.0000
A,2,0.2714,full,17.7332,417,16,17,0.9623,1.0000,0.9245,0.7696
A,2,0.2714,cut,17.7332,417,16,17,0.5000,0.0000,1.0000,1.0000
A,2,0.3343,full,5.0108,417,16,17,0.9340,1.0000,0.8679,0.6098
A,2,0.3343,cut,5.0108,417,16,17,0.5135,0.0270,1.0000,0.9984
A,2,0.3971,full,2.4071,417,16,17,0.8302,1.0000,0.6604,0.4302
A,2,0.3971,cut,2.4071,417,16,17,0.5314,0.2703,0.7925,0.7842
A,2,0.4600,full,1.5256,417,16,17,0.6604,1.0000,0.3208,0.2372
A,2,0.4600,cut,1.5256,417,16,17,0.5454,0.6757,0.4151,0.4525
A,2,0.5229,full,1.4413,417,16,17,0.6604,1.0000,0.3208,0.2214
A,2,0.5229,cut,1.4413,417,16,17,0.5495,0.7027,0.3962,0.4167
A,2,0.5857,full,1.4336,417,16,17,0.6509,1.0000,0.3019,0.2213
A,2,0.5857,cut,1.4336,417,16,17,0.5400,0.7027,0.3774,0.4165
A,2,0.6486,full,1.1507,417,16,17,0.6132,1.0000,0.2264,0.1599
A,2,0.6486,cut,1.1507,417,16,17,0.5334,0.7838,0.2830,0.2818
A,2,0.7114,full,1.0226,417,16,17,0.5849,1.0000,0.1698,0.0956
A,2,0.7114,cut,1.0226,417,16,17,0.5362,0.8649,0.2075,0.1698
A,2,0.7743,full,0.9782,417,16,17,0.5660,1.0000,0.1321,0.0855
A,2,0.7743,cut,0.9782,417,16,17,0.5309,0.8919,0.1698,0.1512
A,2,0.8371,full,0.5099,417,16,17,0.5283,1.0000,0.0566,0.0427
A,2,0.8371,cut,0.5099,417,16,17,0.5013,0.9459,0.0566,0.0656
A,2,0.9000,full,0.0001,417,16,17,0.5000,1.0000,0.0000,0.0019
A,2,0.9000,cut,0.0001,417,16,17,0.5000,1.0000,0.0000,0.0044
A,2,0.1000,full,122.8653,417,16,17,0.8947,0.8649,0.9245,0.8021
A,2,0.1000,cut,122.8653,417,16,17,0.5000,0.0000,1.0000,1.0000
C,0,0.0200,full,inf,438,17,18,0.5000,0.0000,1.0000,1.0000
C,0,0.0200,cut,inf,438,17,18,0.5000,0.0000,1.0000,1.0000
C,0,0.0829,full,3.3921,438,17,18,0.9673,0.9762,0.9583,0.7244
C,0,0.0829,cut,3.3921,438,17,18,0.5000,0.0000,1.0000,1.0000
C,0,0.1457,full,3.3028,438,17,18,0.9673,0.9762,0.9583,0.7074
C,0,0.1457,cut,3.3028,438,17,18,0.5000,0.0000,1.0000,1.0000
C,0,0.2086,full,2.6140,438,17,18,0.9464,0.9762,0.9167,0.6349
C,0,0.2086,cut,2.6140,438,17,18,0.5610,0.1429,0.9792,0.9584
C,0,0.2714,full,1.8207,438,17,18,0.9152,0.9762,0.8542,0.5393
C,0,0.2714,cut,1.8207,438,17,18,0.5789,0.2619,0.8958,0.8587
C,0,0.3343,full,1.5337,438,17,18,0.8958,1.0000,0.7917,0.4728
C,0,0.3343,cut,1.5337,438,17,18,0.5833,0.3333,0.8333,0.7799
C,0,0.3971,full,1.3076,438,17,18,0.8542,1.0000,0.7083,0.3626
C,0,0.3971,cut,1.3076,438,17,18,0.6012,0.4524,0.7500,0.6370
C,0,0.4600,full,1.2095,438,17,18,0.8125,1.0000,0.6250,0.3570
C,0,0.4600,cut,1.2095,438,17,18,0.5818,0.4762,0.6875,0.6338
C,0,0.5229,full,1.0929,438,17,18,0.7917,1.0000,0.5833,0.3200
C,0,0.5229,cut,1.0929,438,17,18,0.5967,0.5476,0.6458,0.5783
C,0,0.5857,full,0.5680,438,17,18,0.6667,1.0000,0.3333,0.1772
C,0,0.5857,cut,0.5680,438,17,18,0.5923,0.8095,0.3750,0.3332
C,0,0.6486,full,0.5284,438,17,18,0.6562,1.0000,0.3125,0.1511
C,0,0.6486,cut,0.5284,438,17,18,0.6057,0.8571,0.3542,0.3029
C,0,0.7114,full,0.1855,438,17,18,0.5625,1.0000,0.1250,0.0516
C,0,0.7114,cut,0.1855,438,17,18,0.5714,0.9762,0.1667,0.1317
C,0,0.7743,full,0.1335,438,17,18,0.5521,1.0000,0.1042,0.0466
C,0,0.7743,cut,0.1335,438,17,18,0.5714,0.9762,0.1667,0.1181
C,0,0.8371,full,-0.1273,438,17,18,0.5208,1.0000,0.0417,0.0297
C,0,0.8371,cut,-0.1273,438,17,18,0.5193,0.9762,0.0625,0.0783
C,0,0.9000,full,-0.6940,438,17,18,0.5000,1.0000,0.0000,0.0084
C,0,0.9000,cut,-0.6940,438,17,18,0.5000,1.0000,0.0000,0.0211
C,0,0.1000,full,3.3921,438,17,18,0.9673,0.9762,0.9583,0.7244
C,0,0.1000,cut,3.3921,438,17,18,0.5000,0.0000,1.0000,1.0000
C,1,0.0200,full,inf,369,21,22,0.5000,0.0000,1.0000,1.0000
C,1,0.0200,cut,inf,369,21,22,0.5000,0.0000,1.0000,1.0000
C,1,0.0829,full,9.2568,369,21,22,0.9741,0.9839,0.9643,0.8196
C,1,0.0829,cut,9.2568,369,21,22,0.5000,0.0000,1.0000,1.0000
C,1,0.1457,full,3.7875,369,21,22,0.9821,1.0000,0.9643,0.6497
C,1,0.1457,cut,3.7875,369,21,22,0.5484,0.0968,1.0000,0.9639
C,1,0.2086,full,3.4215,369,21,22,0.9821,1.0000,0.9643,0.6025
C,1,0.2086,cut,3.4215,369,21,22,0.5887,0.1774,1.0000,0.8995
C,1,0.2714,full,2.2789,369,21,22,0.9464,1.0000,0.8929,0.5072
C,1,0.2714,cut,2.2789,369,21,22,0.6659,0.4032,0.9286,0.7894
C,1,0.3343,full,1.3545,369,21,22,0.8214,1.0000,0.6429,0.3803
C,1,0.3343,cut,1.3545,369,21,22,0.6296,0.5806,0.6786,0.6017
C,1,0.3971,full,0.7298,369,21,22,0.7679,1.0000,0.5357,0.2566
C,1,0.3971,cut,0.7298,369,21,22,0.6406,0.7097,0.5714,0.4320
C,1,0.4600,full,0.6367,369,21,22,0.7679,1.0000,0.5357,0.2270
C,1,0.4600,cut,0.6367,369,21,22,0.6728,0.7742,0.5714,0.3872
C,1,0.5229,full,0.5394,369,21,22,0.7500,1.0000,0.5000,0.2169
C,1,0.5229,cut,0.5394,369,21,22,0.6728,0.7742,0.5714,0.3653
C,1,0.5857,full,0.5039,369,21,22,0.7500,1.0000,0.5000,0.2131
C,1,0.5857,cut,0.5039,369,21,22,0.6809,0.7903,0.5714,0.3621
C,1,0.6486,full,0.4485,369,21,22,0.7321,1.0000,0.4643,0.1898
C,1,0.6486,cut,0.4485,369,21,22,0.6711,0.8065,0.5357,0.3316
C,1,0.7114,full,-0.3884,369,21,22,0.5714,1.0000,0.1429,0.0816
C,1,0.7114,cut,-0.3884,369,21,22,0.5392,0.9355,0.1429,0.1504
C,1,0.7743,full,-0.4521,369,21,22,0.5714,1.0000,0.1429,0.0806
C,1,0.7743,cut,-0.4521,369,21,22,0.5392,0.9355,0.1429,0.1481
C,1,0.8371,full,-0.8370,369,21,22,0.5179,1.0000,0.0357,0.0313
C,1,0.8371,cut,-0.8370,369,21,22,0.5098,0.9839,0.0357,0.0643
C,1,0.9000,full,-1.0696,369,21,22,0.5179,1.0000,0.0357,0.0084
C,1,0.9000,cut,-1.0696,369,21,22,0.5179,1.0000,0.0357,0.0206
C,1,0.1000,full,6.1974,369,21,22,0.9821,1.0000,0.9643,0.7472
C,1,0.1000,cut,6.1974,369,21,22,0.5000,0.0000,1.0000,1.0000
C,2,0.0200,full,inf,417,16,17,0.5000,0.0000,1.0000,1.0000
C,2,0.0200,cut,inf,417,16,17,0.5000,0.0000,1.0000,1.0000
C,2,0.0829,full,4.6711,417,16,17,0.9340,1.0000,0.8679,0.7157
C,2,0.0829,cut,4.6711,417,16,17,0.5028,0.0811,0.9245,0.9369
C,2,0.1457,full,3.2112,417,16,17,0.9057,1.0000,0.8113,0.6274
C,2,0.1457,cut,3.2112,417,16,17,0.5015,0.1351,0.8679,0.9009
C,2,0.2086,full,2.9671,417,16,17,0.9057,1.0000,0.8113,0.6089
C,2,0.2086,cut,2.9671,417,16,17,0.5015,0.1351,0.8679,0.8986
C,2,0.2714,full,2.2397,417,16,17,0.8491,1.0000,0.6981,0.4596
C,2,0.2714,cut,2.2397,417,16,17,0.5490,0.3243,0.7736,0.7345
C,2,0.3343,full,1.8504,417,16,17,0.7925,1.0000,0.5849,0.3822
C,2,0.3343,cut,1.8504,417,16,17,0.5829,0.4865,0.6792,0.6340
C,2,0.3971,full,1.4738,417,16,17,0.7642,1.0000,0.5283,0.3016
C,2,0.3971,cut,1.4738,417,16,17,0.6033,0.6216,0.5849,0.5147
C,2,0.4600,full,1.3872,417,16,17,0.7358,1.0000,0.4717,0.2573
C,2,0.4600,cut,1.3872,417,16,17,0.5926,0.6757,0.5094,0.4364
C,2,0.5229,full,1.1208,417,16,17,0.6887,1.0000,0.3774,0.1761
C,2,0.5229,cut,1.1208,417,16,17,0.5724,0.7297,0.4151,0.3160
C,2,0.5857,full,1.0864,417,16,17,0.6887,1.0000,0.3774,0.1658
C,2,0.5857,cut,1.0864,417,16,17,0.5994,0.7838,0.4151,0.3059
C,2,0.6486,full,1.0709,417,16,17,0.6792,1.0000,0.3585,0.1654
C,2,0.6486,cut,1.0709,417,16,17,0.5806,0.7838,0.3774,0.3056
C,2,0.7114,full,0.1385,417,16,17,0.5849,1.0000,0.1698,0.0743
C,2,0.7114,cut,0.1385,417,16,17,0.5309,0.8919,0.1698,0.1447
C,2,0.7743,full,0.1266,417,16,17,0.5755,1.0000,0.1509,0.0742
C,2,0.7743,cut,0.1266,417,16,17,0.5214,0.8919,0.1509,0.1447
C,2,0.8371,full,-0.0827,417,16,17,0.5660,1.0000,0.1321,0.0493
C,2,0.8371,cut,-0.0827,417,16,17,0.5255,0.9189,0.1321,0.1073
C,2,0.9000,full,-0.3514,417,16,17,0.5377,1.0000,0.0755,0.0303
C,2,0.9000,cut,-0.3514,417,16,17,0.5107,0.9459,0.0755,0.0657
C,2,0.1000,full,4.6711,417,16,17,0.9340,1.0000,0.8679,0.7157
C,2,0.1000,cut,4.6711,417,16,17,0.5028,0.0811,0.9245,0.9369
B H=0,0,0.0200,full,inf,438,17,18,0.5000,0.0000,1.0000,1.0000
B H=0,0,0.0200,cut,inf,438,17,18,0.5000,0.0000,1.0000,1.0000
B H=0,0,0.0829,full,2.6432,438,17,18,0.7991,0.6190,0.9792,0.7674
B H=0,0,0.0829,cut,2.6432,438,17,18,0.5119,0.0238,1.0000,0.9989
B H=0,0,0.1457,full,2.3905,438,17,18,0.8006,0.6429,0.9583,0.7075
B H=0,0,0.1457,cut,2.3905,438,17,18,0.5357,0.0714,1.0000,0.9738
B H=0,0,0.2086,full,2.3784,438,17,18,0.8125,0.6667,0.9583,0.7068
B H=0,0,0.2086,cut,2.3784,438,17,18,0.5357,0.0714,1.0000,0.9735
B H=0,0,0.2714,full,2.0460,438,17,18,0.8289,0.7619,0.8958,0.6315
B H=0,0,0.2714,cut,2.0460,438,17,18,0.5372,0.0952,0.9792,0.9528
B H=0,0,0.3343,full,1.7820,438,17,18,0.7991,0.7857,0.8125,0.5637
B H=0,0,0.3343,cut,1.7820,438,17,18,0.5759,0.2143,0.9375,0.8672
B H=0,0,0.3971,full,1.2005,438,17,18,0.7277,0.8095,0.6458,0.3995
B H=0,0,0.3971,cut,1.2005,438,17,18,0.6176,0.5476,0.6875,0.6362
B H=0,0,0.4600,full,0.8854,438,17,18,0.7083,0.8333,0.5833,0.3123
B H=0,0,0.4600,cut,0.8854,438,17,18,0.6711,0.7381,0.6042,0.5010
B H=0,0,0.5229,full,0.7848,438,17,18,0.6979,0.8333,0.5625,0.2882
B H=0,0,0.5229,cut,0.7848,438,17,18,0.6726,0.7619,0.5833,0.4446
B H=0,0,0.5857,full,0.6964,438,17,18,0.6994,0.8571,0.5417,0.2698
B H=0,0,0.5857,cut,0.6964,438,17,18,0.6622,0.7619,0.5625,0.4277
B H=0,0,0.6486,full,0.5591,438,17,18,0.6682,0.8571,0.4792,0.2430
B H=0,0,0.6486,cut,0.5591,438,17,18,0.6205,0.7619,0.4792,0.3729
B H=0,0,0.7114,full,0.5145,438,17,18,0.6369,0.8571,0.4167,0.2383
B H=0,0,0.7114,cut,0.5145,438,17,18,0.5893,0.7619,0.4167,0.3695
B H=0,0,0.7743,full,-0.0497,438,17,18,0.5283,0.9524,0.1042,0.0921
B H=0,0,0.7743,cut,-0.0497,438,17,18,0.5595,0.9524,0.1667,0.1459
B H=0,0,0.8371,full,-0.0929,438,17,18,0.5179,0.9524,0.0833,0.0912
B H=0,0,0.8371,cut,-0.0929,438,17,18,0.5491,0.9524,0.1458,0.1440
B H=0,0,0.9000,full,-0.7100,438,17,18,0.5000,1.0000,0.0000,0.0126
B H=0,0,0.9000,cut,-0.7100,438,17,18,0.5000,1.0000,0.0000,0.0288
B H=0,0,0.1000,full,2.6432,438,17,18,0.7991,0.6190,0.9792,0.7674
B H=0,0,0.1000,cut,2.6432,438,17,18,0.5119,0.0238,1.0000,0.9989
B H=0,1,0.0200,full,inf,369,21,22,0.5000,0.0000,1.0000,1.0000
B H=0,1,0.0200,cut,inf,369,21,22,0.5000,0.0000,1.0000,1.0000
B H=0,1,0.0829,full,2.9362,369,21,22,0.8370,0.7097,0.9643,0.7802
B H=0,1,0.0829,cut,2.9362,369,21,22,0.5225,0.0806,0.9643,0.9461
B H=0,1,0.1457,full,1.7401,369,21,22,0.8756,0.8226,0.9286,0.5926
B H=0,1,0.1457,cut,1.7401,369,21,22,0.6676,0.3710,0.9643,0.7900
B H=0,1,0.2086,full,1.5420,369,21,22,0.8917,0.8548,0.9286,0.5046
B H=0,1,0.2086,cut,1.5420,369,21,22,0.7079,0.4516,0.9643,0.6953
B H=0,1,0.2714,full,1.3959,369,21,22,0.8738,0.8548,0.8929,0.4667
B H=0,1,0.2714,cut,1.3959,369,21,22,0.7143,0.5000,0.9286,0.6388
B H=0,1,0.3343,full,1.3762,369,21,22,0.8738,0.8548,0.8929,0.4655
B H=0,1,0.3343,cut,1.3762,369,21,22,0.7143,0.5000,0.9286,0.6373
B H=0,1,0.3971,full,1.3089,369,21,22,0.8560,0.8548,0.8571,0.4498
B H=0,1,0.3971,cut,1.3089,369,21,22,0.7045,0.5161,0.8929,0.6183
B H=0,1,0.4600,full,1.0965,369,21,22,0.8283,0.8710,0.7857,0.3906
B H=0,1,0.4600,cut,1.0965,369,21,22,0.7189,0.5806,0.8571,0.5455
B H=0,1,0.5229,full,0.9068,369,21,22,0.7748,0.8710,0.6786,0.3551
B H=0,1,0.5229,cut,0.9068,369,21,22,0.6797,0.6452,0.7143,0.4977
B H=0,1,0.5857,full,0.7665,369,21,22,0.7212,0.8710,0.5714,0.3306
B H=0,1,0.5857,cut,0.7665,369,21,22,0.6601,0.6774,0.6429,0.4735
B H=0,1,0.6486,full,0.7367,369,21,22,0.7212,0.8710,0.5714,0.3199
B H=0,1,0.6486,cut,0.7367,369,21,22,0.6682,0.6935,0.6429,0.4553
B H=0,1,0.7114,full,0.6006,369,21,22,0.7114,0.8871,0.5357,0.2968
B H=0,1,0.7114,cut,0.6006,369,21,22,0.6406,0.7097,0.5714,0.4011
B H=0,1,0.7743,full,0.4962,369,21,22,0.7195,0.9032,0.5357,0.2692
B H=0,1,0.7743,cut,0.4962,369,21,22,0.6486,0.7258,0.5714,0.3593
B H=0,1,0.8371,full,-0.2925,369,21,22,0.5829,0.9516,0.2143,0.1210
B H=0,1,0.8371,cut,-0.2925,369,21,22,0.5507,0.8871,0.2143,0.1719
B H=0,1,0.9000,full,-0.4700,369,21,22,0.5910,0.9677,0.2143,0.0887
B H=0,1,0.9000,cut,-0.4700,369,21,22,0.5668,0.9194,0.2143,0.1332
B H=0,1,0.1000,full,2.7998,369,21,22,0.8531,0.7419,0.9643,0.7579
B H=0,1,0.1000,cut,2.7998,369,21,22,0.5386,0.1129,0.9643,0.9290
B H=0,2,0.0200,full,inf,417,16,17,0.5000,0.0000,1.0000,1.0000
B H=0,2,0.0200,cut,inf,417,16,17,0.5000,0.0000,1.0000,1.0000
B H=0,2,0.0829,full,3.5142,417,16,17,0.8975,0.9459,0.8491,0.6709
B H=0,2,0.0829,cut,3.5142,417,16,17,0.4987,0.0541,0.9434,0.9566
B H=0,2,0.1457,full,2.4598,417,16,17,0.8032,0.9459,0.6604,0.5469
B H=0,2,0.1457,cut,2.4598,417,16,17,0.4679,0.1622,0.7736,0.8705
B H=0,2,0.2086,full,2.2566,417,16,17,0.7466,0.9459,0.5472,0.5108
B H=0,2,0.2086,cut,2.2566,417,16,17,0.4289,0.2162,0.6415,0.8396
B H=0,2,0.2714,full,2.2116,417,16,17,0.7371,0.9459,0.5283,0.4783
B H=0,2,0.2714,cut,2.2116,417,16,17,0.4465,0.2703,0.6226,0.7865
B H=0,2,0.3343,full,1.7695,417,16,17,0.6428,0.9459,0.3396,0.3667
B H=0,2,0.3343,cut,1.7695,417,16,17,0.4008,0.4054,0.3962,0.6281
B H=0,2,0.3971,full,1.6014,417,16,17,0.6239,0.9459,0.3019,0.3169
B H=0,2,0.3971,cut,1.6014,417,16,17,0.3807,0.4595,0.3019,0.5694
B H=0,2,0.4600,full,1.5168,417,16,17,0.5997,0.9730,0.2264,0.2549
B H=0,2,0.4600,cut,1.5168,417,16,17,0.4199,0.5946,0.2453,0.4924
B H=0,2,0.5229,full,1.4803,417,16,17,0.5903,0.9730,0.2075,0.2361
B H=0,2,0.5229,cut,1.4803,417,16,17,0.4240,0.6216,0.2264,0.4706
B H=0,2,0.5857,full,1.4062,417,16,17,0.5808,0.9730,0.1887,0.2208
B H=0,2,0.5857,cut,1.4062,417,16,17,0.4551,0.7027,0.2075,0.4398
B H=0,2,0.6486,full,0.7296,417,16,17,0.5337,0.9730,0.0943,0.0823
B H=0,2,0.6486,cut,0.7296,417,16,17,0.5201,0.9459,0.0943,0.1497
B H=0,2,0.7114,full,0.6809,417,16,17,0.5242,0.9730,0.0755,0.0815
B H=0,2,0.7114,cut,0.6809,417,16,17,0.5201,0.9459,0.0943,0.1480
B H=0,2,0.7743,full,0.6058,417,16,17,0.5242,0.9730,0.0755,0.0796
B H=0,2,0.7743,cut,0.6058,417,16,17,0.5201,0.9459,0.0943,0.1441
B H=0,2,0.8371,full,0.4487,417,16,17,0.5242,0.9730,0.0755,0.0569
B H=0,2,0.8371,cut,0.4487,417,16,17,0.5107,0.9459,0.0755,0.0931
B H=0,2,0.9000,full,-0.2112,417,16,17,0.5000,1.0000,0.0000,0.0063
B H=0,2,0.9000,cut,-0.2112,417,16,17,0.5000,1.0000,0.0000,0.0136
B H=0,2,0.1000,full,3.5142,417,16,17,0.8975,0.9459,0.8491,0.6709
B H=0,2,0.1000,cut,3.5142,417,16,17,0.4987,0.0541,0.9434,0.9566
B H=10,0,0.0200,full,inf,438,17,18,0.5000,0.0000,1.0000,1.0000
B H=10,0,0.0200,cut,inf,438,17,18,0.5000,0.0000,1.0000,1.0000
B H=10,0,0.0829,full,2.5973,438,17,18,0.8631,0.8095,0.9167,0.6431
B H=10,0,0.0829,cut,2.5973,438,17,18,0.5000,0.0000,1.0000,1.0000
B H=10,0,0.1457,full,2.5343,438,17,18,0.8631,0.8095,0.9167,0.6352
B H=10,0,0.1457,cut,2.5343,438,17,18,0.5000,0.0000,1.0000,1.0000
B H=10,0,0.2086,full,1.9547,438,17,18,0.9003,0.9048,0.8958,0.5580
B H=10,0,0.2086,cut,1.9547,438,17,18,0.5610,0.1429,0.9792,0.9527
B H=10,0,0.2714,full,1.8558,438,17,18,0.8795,0.9048,0.8542,0.5440
B H=10,0,0.2714,cut,1.8558,438,17,18,0.5729,0.1667,0.9792,0.9448
B H=10,0,0.3343,full,1.2138,438,17,18,0.7753,0.9048,0.6458,0.3451
B H=10,0,0.3343,cut,1.2138,438,17,18,0.6756,0.6429,0.7083,0.6864
B H=10,0,0.3971,full,1.1685,438,17,18,0.7440,0.9048,0.5833,0.3237
B H=10,0,0.3971,cut,1.1685,438,17,18,0.7009,0.7143,0.6875,0.6409
B H=10,0,0.4600,full,0.9523,438,17,18,0.6741,0.9524,0.3958,0.2709
B H=10,0,0.4600,cut,0.9523,438,17,18,0.6429,0.7857,0.5000,0.5239
B H=10,0,0.5229,full,0.9081,438,17,18,0.6741,0.9524,0.3958,0.2620
B H=10,0,0.5229,cut,0.9081,438,17,18,0.6429,0.7857,0.5000,0.5031
B H=10,0,0.5857,full,0.4433,438,17,18,0.5402,0.9762,0.1042,0.1107
B H=10,0,0.5857,cut,0.4433,438,17,18,0.5268,0.9286,0.1250,0.2168
B H=10,0,0.6486,full,0.2708,438,17,18,0.5208,1.0000,0.0417,0.0681
B H=10,0,0.6486,cut,0.2708,438,17,18,0.5193,0.9762,0.0625,0.1490
B H=10,0,0.7114,full,0.0165,438,17,18,0.5000,1.0000,0.0000,0.0208
B H=10,0,0.7114,cut,0.0165,438,17,18,0.5104,1.0000,0.0208,0.0640
B H=10,0,0.7743,full,-0.0852,438,17,18,0.5000,1.0000,0.0000,0.0195
B H=10,0,0.7743,cut,-0.0852,438,17,18,0.5104,1.0000,0.0208,0.0601
B H=10,0,0.8371,full,-0.0884,438,17,18,0.5000,1.0000,0.0000,0.0194
B H=10,0,0.8371,cut,-0.0884,438,17,18,0.5104,1.0000,0.0208,0.0599
B H=10,0,0.9000,full,-0.5560,438,17,18,0.5000,1.0000,0.0000,0.0038
B H=10,0,0.9000,cut,-0.5560,438,17,18,0.5000,1.0000,0.0000,0.0101
B H=10,0,0.1000,full,2.5973,438,17,18,0.8631,0.8095,0.9167,0.6431
B H=10,0,0.1000,cut,2.5973,438,17,18,0.5000,0.0000,1.0000,1.0000
B H=10,1,0.0200,full,inf,369,21,22,0.5000,0.0000,1.0000,1.0000
B H=10,1,0.0200,cut,inf,369,21,22,0.5000,0.0000,1.0000,1.0000
B H=10,1,0.0829,full,3.0825,369,21,22,0.8468,0.6935,1.0000,0.8067
B H=10,1,0.0829,cut,3.0825,369,21,22,0.5161,0.0323,1.0000,0.9997
B H=10,1,0.1457,full,1.5461,369,21,22,0.9078,0.8871,0.9286,0.5648
B H=10,1,0.1457,cut,1.5461,369,21,22,0.6676,0.3710,0.9643,0.7828
B H=10,1,0.2086,full,1.3070,369,21,22,0.8802,0.9032,0.8571,0.4865
B H=10,1,0.2086,cut,1.3070,369,21,22,0.6884,0.4839,0.8929,0.7002
B H=10,1,0.2714,full,1.1802,369,21,22,0.8882,0.9194,0.8571,0.4723
B H=10,1,0.2714,cut,1.1802,369,21,22,0.7045,0.5161,0.8929,0.6828
B H=10,1,0.3343,full,1.1796,369,21,22,0.8882,0.9194,0.8571,0.4723
B H=10,1,0.3343,cut,1.1796,369,21,22,0.7045,0.5161,0.8929,0.6828
B H=10,1,0.3971,full,1.0092,369,21,22,0.8785,0.9355,0.8214,0.4265
B H=10,1,0.3971,cut,1.0092,369,21,22,0.7189,0.5806,0.8571,0.6175
B H=10,1,0.4600,full,0.9803,369,21,22,0.8606,0.9355,0.7857,0.4244
B H=10,1,0.4600,cut,0.9803,369,21,22,0.7010,0.5806,0.8214,0.6149
B H=10,1,0.5229,full,0.6509,369,21,22,0.7615,0.9516,0.5714,0.3016
B H=10,1,0.5229,cut,0.6509,369,21,22,0.6843,0.7258,0.6429,0.4343
B H=10,1,0.5857,full,0.5117,369,21,22,0.7160,0.9677,0.4643,0.2670
B H=10,1,0.5857,cut,0.5117,369,21,22,0.6388,0.7419,0.5357,0.3970
B H=10,1,0.6486,full,0.4112,369,21,22,0.7062,0.9839,0.4286,0.2042
B H=10,1,0.6486,cut,0.4112,369,21,22,0.6354,0.8065,0.4643,0.3199
B H=10,1,0.7114,full,-0.1914,369,21,22,0.5893,1.0000,0.1786,0.1140
B H=10,1,0.7114,cut,-0.1914,369,21,22,0.5409,0.9032,0.1786,0.1882
B H=10,1,0.7743,full,-0.2053,369,21,22,0.5893,1.0000,0.1786,0.1135
B H=10,1,0.7743,cut,-0.2053,369,21,22,0.5409,0.9032,0.1786,0.1875
B H=10,1,0.8371,full,-0.4246,369,21,22,0.5714,1.0000,0.1429,0.0464
B H=10,1,0.8371,cut,-0.4246,369,21,22,0.5634,0.9839,0.1429,0.0977
B H=10,1,0.9000,full,-0.4829,369,21,22,0.5536,1.0000,0.1071,0.0435
B H=10,1,0.9000,cut,-0.4829,369,21,22,0.5455,0.9839,0.1071,0.0908
B H=10,1,0.1000,full,2.4202,369,21,22,0.8773,0.7903,0.9643,0.7331
B H=10,1,0.1000,cut,2.4202,369,21,22,0.5565,0.1129,1.0000,0.9536
B H=10,2,0.0200,full,inf,417,16,17,0.5000,0.0000,1.0000,1.0000
B H=10,2,0.0200,cut,inf,417,16,17,0.5000,0.0000,1.0000,1.0000
B H=10,2,0.0829,full,2.6513,417,16,17,0.8126,0.9459,0.6792,0.5847
B H=10,2,0.0829,cut,2.6513,417,16,17,0.4949,0.2162,0.7736,0.8123
B H=10,2,0.1457,full,2.2958,417,16,17,0.7466,0.9459,0.5472,0.4803
B H=10,2,0.1457,cut,2.2958,417,16,17,0.4735,0.3243,0.6226,0.7015
B H=10,2,0.2086,full,2.0471,417,16,17,0.7183,0.9459,0.4906,0.4213
B H=10,2,0.2086,cut,2.0471,417,16,17,0.4628,0.3784,0.5472,0.6455
B H=10,2,0.2714,full,1.9664,417,16,17,0.6900,0.9459,0.4340,0.4151
B H=10,2,0.2714,cut,1.9664,417,16,17,0.4345,0.3784,0.4906,0.6437
B H=10,2,0.3343,full,1.7069,417,16,17,0.6617,0.9459,0.3774,0.3156
B H=10,2,0.3343,cut,1.7069,417,16,17,0.4737,0.5135,0.4340,0.5050
B H=10,2,0.3971,full,1.4855,417,16,17,0.6374,0.9730,0.3019,0.2275
B H=10,2,0.3971,cut,1.4855,417,16,17,0.4806,0.6216,0.3396,0.3953
B H=10,2,0.4600,full,1.3330,417,16,17,0.6280,0.9730,0.2830,0.2151
B H=10,2,0.4600,cut,1.3330,417,16,17,0.4982,0.6757,0.3208,0.3863
B H=10,2,0.5229,full,1.2725,417,16,17,0.6091,0.9730,0.2453,0.2122
B H=10,2,0.5229,cut,1.2725,417,16,17,0.4793,0.6757,0.2830,0.3836
B H=10,2,0.5857,full,1.0942,417,16,17,0.5997,0.9730,0.2264,0.1755
B H=10,2,0.5857,cut,1.0942,417,16,17,0.5051,0.7838,0.2264,0.3338
B H=10,2,0.6486,full,1.0548,417,16,17,0.5903,0.9730,0.2075,0.1397
B H=10,2,0.6486,cut,1.0548,417,16,17,0.5321,0.8378,0.2264,0.2576
B H=10,2,0.7114,full,1.0287,417,16,17,0.5903,0.9730,0.2075,0.1392
B H=10,2,0.7114,cut,1.0287,417,16,17,0.5321,0.8378,0.2264,0.2570
B H=10,2,0.7743,full,0.6326,417,16,17,0.5431,0.9730,0.1132,0.0911
B H=10,2,0.7743,cut,0.6326,417,16,17,0.5296,0.9459,0.1132,0.1518
B H=10,2,0.8371,full,0.0619,417,16,17,0.5189,1.0000,0.0377,0.0302
B H=10,2,0.8371,cut,0.0619,417,16,17,0.5054,0.9730,0.0377,0.0358
B H=10,2,0.9000,full,0.0294,417,16,17,0.5189,1.0000,0.0377,0.0302
B H=10,2,0.9000,cut,0.0294,417,16,17,0.5054,0.9730,0.0377,0.0358
B H=10,2,0.1000,full,2.6513,417,16,17,0.8126,0.9459,0.6792,0.5847
B H=10,2,0.1000,cut,2.6513,417,16,17,0.4949,0.2162,0.7736,0.8123
B H=25,0,0.0200,full,inf,438,17,18,0.5000,0.0000,1.0000,1.0000
B H=25,0,0.0200,cut,inf,438,17,18,0.5000,0.0000,1.0000,1.0000
B H=25,0,0.0829,full,2.0590,438,17,18,0.9777,0.9762,0.9792,0.7178
B H=25,0,0.0829,cut,2.0590,438,17,18,0.5714,0.1429,1.0000,0.9846
B H=25,0,0.1457,full,1.8359,438,17,18,0.9568,0.9762,0.9375,0.6737
B H=25,0,0.1457,cut,1.8359,438,17,18,0.5729,0.1667,0.9792,0.9553
B H=25,0,0.2086,full,1.7454,438,17,18,0.9360,0.9762,0.8958,0.6524
B H=25,0,0.2086,cut,1.7454,438,17,18,0.5848,0.1905,0.9792,0.9498
B H=25,0,0.2714,full,1.3729,438,17,18,0.9167,1.0000,0.8333,0.5493
B H=25,0,0.2714,cut,1.3729,438,17,18,0.5893,0.2619,0.9167,0.8797
B H=25,0,0.3343,full,1.2154,438,17,18,0.8958,1.0000,0.7917,0.4886
B H=25,0,0.3343,cut,1.2154,438,17,18,0.6161,0.3571,0.8750,0.8210
B H=25,0,0.3971,full,1.1108,438,17,18,0.8854,1.0000,0.7708,0.4473
B H=25,0,0.3971,cut,1.1108,438,17,18,0.6057,0.3571,0.8542,0.7669
B H=25,0,0.4600,full,1.0852,438,17,18,0.8854,1.0000,0.7708,0.4390
B H=25,0,0.4600,cut,1.0852,438,17,18,0.6176,0.3810,0.8542,0.7529
B H=25,0,0.5229,full,1.0423,438,17,18,0.8750,1.0000,0.7500,0.4195
B H=25,0,0.5229,cut,1.0423,438,17,18,0.6190,0.4048,0.8333,0.7233
B H=25,0,0.5857,full,0.3126,438,17,18,0.5208,1.0000,0.0417,0.1034
B H=25,0,0.5857,cut,0.3126,438,17,18,0.5402,0.9762,0.1042,0.2813
B H=25,0,0.6486,full,0.2865,438,17,18,0.5208,1.0000,0.0417,0.0978
B H=25,0,0.6486,cut,0.2865,438,17,18,0.5402,0.9762,0.1042,0.2666
B H=25,0,0.7114,full,0.1724,438,17,18,0.5000,1.0000,0.0000,0.0606
B H=25,0,0.7114,cut,0.1724,438,17,18,0.5104,1.0000,0.0208,0.1646
B H=25,0,0.7743,full,-0.2190,438,17,18,0.5000,1.0000,0.0000,0.0190
B H=25,0,0.7743,cut,-0.2190,438,17,18,0.5000,1.0000,0.0000,0.0508
B H=25,0,0.8371,full,-0.2517,438,17,18,0.5000,1.0000,0.0000,0.0183
B H=25,0,0.8371,cut,-0.2517,438,17,18,0.5000,1.0000,0.0000,0.0488
B H=25,0,0.9000,full,-0.6273,438,17,18,0.5000,1.0000,0.0000,0.0077
B H=25,0,0.9000,cut,-0.6273,438,17,18,0.5000,1.0000,0.0000,0.0197
B H=25,0,0.1000,full,2.0590,438,17,18,0.9777,0.9762,0.9792,0.7178
B H=25,0,0.1000,cut,2.0590,438,17,18,0.5714,0.1429,1.0000,0.9846
B H=25,1,0.0200,full,inf,369,21,22,0.5000,0.0000,1.0000,1.0000
B H=25,1,0.0200,cut,inf,369,21,22,0.5000,0.0000,1.0000,1.0000
B H=25,1,0.0829,full,4.2487,369,21,22,0.8692,0.7742,0.9643,0.8125
B H=25,1,0.0829,cut,4.2487,369,21,22,0.5000,0.0000,1.0000,1.0000
B H=25,1,0.1457,full,1.6232,369,21,22,0.9562,0.9839,0.9286,0.5174
B H=25,1,0.1457,cut,1.6232,369,21,22,0.6515,0.3387,0.9643,0.7562
B H=25,1,0.2086,full,1.4817,369,21,22,0.9384,0.9839,0.8929,0.4797
B H=25,1,0.2086,cut,1.4817,369,21,22,0.6740,0.4194,0.9286,0.6895
B H=25,1,0.2714,full,1.2873,369,21,22,0.8848,0.9839,0.7857,0.4059
B H=25,1,0.2714,cut,1.2873,369,21,22,0.6688,0.5161,0.8214,0.5962
B H=25,1,0.3343,full,1.1982,369,21,22,0.8848,0.9839,0.7857,0.3986
B H=25,1,0.3343,cut,1.1982,369,21,22,0.6849,0.5484,0.8214,0.5874
B H=25,1,0.3971,full,0.9569,369,21,22,0.8134,0.9839,0.6429,0.3345
B H=25,1,0.3971,cut,0.9569,369,21,22,0.6538,0.6290,0.6786,0.4876
B H=25,1,0.4600,full,0.8205,369,21,22,0.7955,0.9839,0.6071,0.3247
B H=25,1,0.4600,cut,0.8205,369,21,22,0.6521,0.6613,0.6429,0.4731
B H=25,1,0.5229,full,0.6746,369,21,22,0.7419,0.9839,0.5000,0.3011
B H=25,1,0.5229,cut,0.6746,369,21,22,0.6066,0.6774,0.5357,0.4256
B H=25,1,0.5857,full,0.5263,369,21,22,0.7241,0.9839,0.4643,0.2640
B H=25,1,0.5857,cut,0.5263,369,21,22,0.6048,0.7097,0.5000,0.3630
B H=25,1,0.6486,full,0.0870,369,21,22,0.6884,0.9839,0.3929,0.1744
B H=25,1,0.6486,cut,0.0870,369,21,22,0.6256,0.8226,0.4286,0.2443
B H=25,1,0.7114,full,0.0552,369,21,22,0.6884,0.9839,0.3929,0.1688
B H=25,1,0.7114,cut,0.0552,369,21,22,0.6256,0.8226,0.4286,0.2328
B H=25,1,0.7743,full,-0.1706,369,21,22,0.6607,1.0000,0.3214,0.1410
B H=25,1,0.7743,cut,-0.1706,369,21,22,0.5979,0.8387,0.3571,0.2040
B H=25,1,0.8371,full,-0.7004,369,21,22,0.5179,1.0000,0.0357,0.0259
B H=25,1,0.8371,cut,-0.7004,369,21,22,0.5179,1.0000,0.0357,0.0622
B H=25,1,0.9000,full,-0.8635,369,21,22,0.5000,1.0000,0.0000,0.0072
B H=25,1,0.9000,cut,-0.8635,369,21,22,0.5000,1.0000,0.0000,0.0173
B H=25,1,0.1000,full,2.9953,369,21,22,0.9338,0.9032,0.9643,0.7560
B H=25,1,0.1000,cut,2.9953,369,21,22,0.5000,0.0000,1.0000,1.0000
B H=25,2,0.0200,full,inf,417,16,17,0.5000,0.0000,1.0000,1.0000
B H=25,2,0.0200,cut,inf,417,16,17,0.5000,0.0000,1.0000,1.0000
B H=25,2,0.0829,full,2.2971,417,16,17,0.9245,1.0000,0.8491,0.7121
B H=25,2,0.0829,cut,2.2971,417,16,17,0.5069,0.1081,0.9057,0.9179
B H=25,2,0.1457,full,1.6221,417,16,17,0.8396,1.0000,0.6792,0.4613
B H=25,2,0.1457,cut,1.6221,417,16,17,0.5518,0.4054,0.6981,0.6341
B H=25,2,0.2086,full,1.5419,417,16,17,0.8208,1.0000,0.6415,0.4340
B H=25,2,0.2086,cut,1.5419,417,16,17,0.5464,0.4324,0.6604,0.6064
B H=25,2,0.2714,full,1.3422,417,16,17,0.8019,1.0000,0.6038,0.3951
B H=25,2,0.2714,cut,1.3422,417,16,17,0.5640,0.4865,0.6415,0.5752
B H=25,2,0.3343,full,0.8975,417,16,17,0.7453,1.0000,0.4906,0.3275
B H=25,2,0.3343,cut,0.8975,417,16,17,0.5209,0.5135,0.5283,0.5196
B H=25,2,0.3971,full,0.8091,417,16,17,0.7170,1.0000,0.4340,0.3174
B H=25,2,0.3971,cut,0.8091,417,16,17,0.5020,0.5135,0.4906,0.5187
B H=25,2,0.4600,full,0.7752,417,16,17,0.7075,1.0000,0.4151,0.3137
B H=25,2,0.4600,cut,0.7752,417,16,17,0.4926,0.5135,0.4717,0.5183
B H=25,2,0.5229,full,0.7655,417,16,17,0.7075,1.0000,0.4151,0.3104
B H=25,2,0.5229,cut,0.7655,417,16,17,0.5061,0.5405,0.4717,0.5175
B H=25,2,0.5857,full,0.6705,417,16,17,0.6604,1.0000,0.3208,0.2909
B H=25,2,0.5857,cut,0.6705,417,16,17,0.4630,0.5676,0.3585,0.4883
B H=25,2,0.6486,full,0.6089,417,16,17,0.6321,1.0000,0.2642,0.2551
B H=25,2,0.6486,cut,0.6089,417,16,17,0.4618,0.6216,0.3019,0.4342
B H=25,2,0.7114,full,0.5767,417,16,17,0.6321,1.0000,0.2642,0.2481
B H=25,2,0.7114,cut,0.5767,417,16,17,0.4618,0.6216,0.3019,0.4272
B H=25,2,0.7743,full,0.4686,417,16,17,0.6321,1.0000,0.2642,0.2239
B H=25,2,0.7743,cut,0.4686,417,16,17,0.4618,0.6216,0.3019,0.4015
B H=25,2,0.8371,full,0.1838,417,16,17,0.5943,1.0000,0.1887,0.1574
B H=25,2,0.8371,cut,0.1838,417,16,17,0.4781,0.7297,0.2264,0.3175
B H=25,2,0.9000,full,0.0736,417,16,17,0.5849,1.0000,0.1698,0.1340
B H=25,2,0.9000,cut,0.0736,417,16,17,0.4997,0.8108,0.1887,0.2880
B H=25,2,0.1000,full,2.2971,417,16,17,0.9245,1.0000,0.8491,0.7121
B H=25,2,0.1000,cut,2.2971,417,16,17,0.5069,0.1081,0.9057,0.9179
emb_temp[28] alone,0,0.0200,full,inf,438,17,18,0.5000,0.0000,1.0000,1.0000
emb_temp[28] alone,0,0.0200,cut,inf,438,17,18,0.5000,0.0000,1.0000,1.0000
emb_temp[28] alone,0,0.0829,full,1.4620,438,17,18,0.4896,0.0000,0.9792,1.0000
emb_temp[28] alone,0,0.0829,cut,1.4620,438,17,18,0.4896,0.0000,0.9792,1.0000
emb_temp[28] alone,0,0.1457,full,1.4549,438,17,18,0.4792,0.0000,0.9583,1.0000
emb_temp[28] alone,0,0.1457,cut,1.4549,438,17,18,0.4792,0.0000,0.9583,1.0000
emb_temp[28] alone,0,0.2086,full,1.4081,438,17,18,0.5179,0.1190,0.9167,0.9061
emb_temp[28] alone,0,0.2086,cut,1.4081,438,17,18,0.5060,0.0952,0.9167,0.9136
emb_temp[28] alone,0,0.2714,full,1.3262,438,17,18,0.5268,0.2619,0.7917,0.7662
emb_temp[28] alone,0,0.2714,cut,1.3262,438,17,18,0.5149,0.2381,0.7917,0.7769
emb_temp[28] alone,0,0.3343,full,1.3244,438,17,18,0.5268,0.2619,0.7917,0.7662
emb_temp[28] alone,0,0.3343,cut,1.3244,438,17,18,0.5149,0.2381,0.7917,0.7769
emb_temp[28] alone,0,0.3971,full,1.2708,438,17,18,0.5670,0.4048,0.7292,0.6402
emb_temp[28] alone,0,0.3971,cut,1.2708,438,17,18,0.5432,0.3571,0.7292,0.6754
emb_temp[28] alone,0,0.4600,full,1.2542,438,17,18,0.5565,0.4048,0.7083,0.6401
emb_temp[28] alone,0,0.4600,cut,1.2542,438,17,18,0.5327,0.3571,0.7083,0.6751
emb_temp[28] alone,0,0.5229,full,1.1972,438,17,18,0.6190,0.5714,0.6667,0.5125
emb_temp[28] alone,0,0.5229,cut,1.1972,438,17,18,0.5476,0.4286,0.6667,0.5962
emb_temp[28] alone,0,0.5857,full,0.9225,438,17,18,0.5640,0.8571,0.2708,0.2416
emb_temp[28] alone,0,0.5857,cut,0.9225,438,17,18,0.5164,0.7619,0.2708,0.3816
emb_temp[28] alone,0,0.6486,full,0.9149,438,17,18,0.5640,0.8571,0.2708,0.2330
emb_temp[28] alone,0,0.6486,cut,0.9149,438,17,18,0.5164,0.7619,0.2708,0.3632
emb_temp[28] alone,0,0.7114,full,0.7870,438,17,18,0.5476,0.9286,0.1667,0.1578
emb_temp[28] alone,0,0.7114,cut,0.7870,438,17,18,0.5119,0.8571,0.1667,0.2610
emb_temp[28] alone,0,0.7743,full,0.7818,438,17,18,0.5476,0.9286,0.1667,0.1560
emb_temp[28] alone,0,0.7743,cut,0.7818,438,17,18,0.5238,0.8810,0.1667,0.2569
emb_temp[28] alone,0,0.8371,full,0.7720,438,17,18,0.5476,0.9286,0.1667,0.1560
emb_temp[28] alone,0,0.8371,cut,0.7720,438,17,18,0.5238,0.8810,0.1667,0.2566
emb_temp[28] alone,0,0.9000,full,0.6939,438,17,18,0.5595,0.9524,0.1667,0.1243
emb_temp[28] alone,0,0.9000,cut,0.6939,438,17,18,0.5357,0.9048,0.1667,0.2093
emb_temp[28] alone,0,0.1000,full,1.4620,438,17,18,0.4896,0.0000,0.9792,1.0000
emb_temp[28] alone,0,0.1000,cut,1.4620,438,17,18,0.4896,0.0000,0.9792,1.0000
emb_temp[28] alone,1,0.0200,full,inf,369,21,22,0.5000,0.0000,1.0000,1.0000
emb_temp[28] alone,1,0.0200,cut,inf,369,21,22,0.5000,0.0000,1.0000,1.0000
emb_temp[28] alone,1,0.0829,full,1.2851,369,21,22,0.7909,0.9032,0.6786,0.3970
emb_temp[28] alone,1,0.0829,cut,1.2851,369,21,22,0.6768,0.5323,0.8214,0.6553
emb_temp[28] alone,1,0.1457,full,1.0949,369,21,22,0.7275,0.9194,0.5357,0.2942
emb_temp[28] alone,1,0.1457,cut,1.0949,369,21,22,0.6665,0.7258,0.6071,0.5043
emb_temp[28] alone,1,0.2086,full,1.0642,369,21,22,0.7177,0.9355,0.5000,0.2656
emb_temp[28] alone,1,0.2086,cut,1.0642,369,21,22,0.6907,0.7742,0.6071,0.4742
emb_temp[28] alone,1,0.2714,full,1.0093,369,21,22,0.6901,0.9516,0.4286,0.2246
emb_temp[28] alone,1,0.2714,cut,1.0093,369,21,22,0.6791,0.8226,0.5357,0.4188
emb_temp[28] alone,1,0.3343,full,0.9262,369,21,22,0.6365,0.9516,0.3214,0.2036
emb_temp[28] alone,1,0.3343,cut,0.9262,369,21,22,0.6158,0.8387,0.3929,0.3782
emb_temp[28] alone,1,0.3971,full,0.8267,369,21,22,0.6008,0.9516,0.2500,0.1896
emb_temp[28] alone,1,0.3971,cut,0.8267,369,21,22,0.5881,0.8548,0.3214,0.3460
emb_temp[28] alone,1,0.4600,full,0.7928,369,21,22,0.6089,0.9677,0.2500,0.1671
emb_temp[28] alone,1,0.4600,cut,0.7928,369,21,22,0.5962,0.8710,0.3214,0.3140
emb_temp[28] alone,1,0.5229,full,0.6770,369,21,22,0.5910,0.9677,0.2143,0.1325
emb_temp[28] alone,1,0.5229,cut,0.6770,369,21,22,0.5945,0.9032,0.2857,0.2452
emb_temp[28] alone,1,0.5857,full,0.6677,369,21,22,0.5910,0.9677,0.2143,0.1310
emb_temp[28] alone,1,0.5857,cut,0.6677,369,21,22,0.5945,0.9032,0.2857,0.2414
emb_temp[28] alone,1,0.6486,full,0.6473,369,21,22,0.5910,0.9677,0.2143,0.1305
emb_temp[28] alone,1,0.6486,cut,0.6473,369,21,22,0.5945,0.9032,0.2857,0.2404
emb_temp[28] alone,1,0.7114,full,0.6283,369,21,22,0.5812,0.9839,0.1786,0.1091
emb_temp[28] alone,1,0.7114,cut,0.6283,369,21,22,0.5847,0.9194,0.2500,0.2140
emb_temp[28] alone,1,0.7743,full,0.4910,369,21,22,0.5179,1.0000,0.0357,0.0496
emb_temp[28] alone,1,0.7743,cut,0.4910,369,21,22,0.5276,0.9839,0.0714,0.1174
emb_temp[28] alone,1,0.8371,full,0.3413,369,21,22,0.5000,1.0000,0.0000,0.0360
emb_temp[28] alone,1,0.8371,cut,0.3413,369,21,22,0.5098,0.9839,0.0357,0.0866
emb_temp[28] alone,1,0.9000,full,0.1949,369,21,22,0.5000,1.0000,0.0000,0.0220
emb_temp[28] alone,1,0.9000,cut,0.1949,369,21,22,0.5000,1.0000,0.0000,0.0536
emb_temp[28] alone,1,0.1000,full,1.1180,369,21,22,0.7632,0.9194,0.6071,0.3202
emb_temp[28] alone,1,0.1000,cut,1.1180,369,21,22,0.6780,0.6774,0.6786,0.5544
emb_temp[28] alone,2,0.0200,full,inf,417,16,17,0.5000,0.0000,1.0000,1.0000
emb_temp[28] alone,2,0.0200,cut,inf,417,16,17,0.5000,0.0000,1.0000,1.0000
emb_temp[28] alone,2,0.0829,full,16.2397,417,16,17,0.7743,0.5676,0.9811,0.8614
emb_temp[28] alone,2,0.0829,cut,16.2397,417,16,17,0.5000,0.0000,1.0000,1.0000
emb_temp[28] alone,2,0.1457,full,15.9333,417,16,17,0.7825,0.6216,0.9434,0.8482
emb_temp[28] alone,2,0.1457,cut,15.9333,417,16,17,0.5000,0.0000,1.0000,1.0000
emb_temp[28] alone,2,0.2086,full,15.5080,417,16,17,0.7825,0.6216,0.9434,0.8482
emb_temp[28] alone,2,0.2086,cut,15.5080,417,16,17,0.5000,0.0000,1.0000,1.0000
emb_temp[28] alone,2,0.2714,full,9.4001,417,16,17,0.9393,0.9730,0.9057,0.7624
emb_temp[28] alone,2,0.2714,cut,9.4001,417,16,17,0.5000,0.0000,1.0000,1.0000
emb_temp[28] alone,2,0.3343,full,3.7179,417,16,17,0.9245,1.0000,0.8491,0.6287
emb_temp[28] alone,2,0.3343,cut,3.7179,417,16,17,0.5622,0.1622,0.9623,0.9761
emb_temp[28] alone,2,0.3971,full,3.6354,417,16,17,0.9245,1.0000,0.8491,0.6166
emb_temp[28] alone,2,0.3971,cut,3.6354,417,16,17,0.5798,0.2162,0.9434,0.9708
emb_temp[28] alone,2,0.4600,full,3.0282,417,16,17,0.8962,1.0000,0.7925,0.5255
emb_temp[28] alone,2,0.4600,cut,3.0282,417,16,17,0.6326,0.3784,0.8868,0.9536
emb_temp[28] alone,2,0.5229,full,2.8930,417,16,17,0.8585,1.0000,0.7170,0.5122
emb_temp[28] alone,2,0.5229,cut,2.8930,417,16,17,0.6178,0.4054,0.8302,0.9520
emb_temp[28] alone,2,0.5857,full,2.6393,417,16,17,0.8208,1.0000,0.6415,0.4898
emb_temp[28] alone,2,0.5857,cut,2.6393,417,16,17,0.6178,0.4054,0.8302,0.9262
emb_temp[28] alone,2,0.6486,full,2.2809,417,16,17,0.7736,1.0000,0.5472,0.4130
emb_temp[28] alone,2,0.6486,cut,2.2809,417,16,17,0.5612,0.4054,0.7170,0.8534
emb_temp[28] alone,2,0.7114,full,2.0272,417,16,17,0.7642,1.0000,0.5283,0.3648
emb_temp[28] alone,2,0.7114,cut,2.0272,417,16,17,0.6316,0.6216,0.6415,0.7758
emb_temp[28] alone,2,0.7743,full,1.8596,417,16,17,0.7642,1.0000,0.5283,0.3483
emb_temp[28] alone,2,0.7743,cut,1.8596,417,16,17,0.6168,0.6486,0.5849,0.7592
emb_temp[28] alone,2,0.8371,full,1.4029,417,16,17,0.6415,1.0000,0.2830,0.2100
emb_temp[28] alone,2,0.8371,cut,1.4029,417,16,17,0.6158,0.8919,0.3396,0.4761
emb_temp[28] alone,2,0.9000,full,1.1779,417,16,17,0.5943,1.0000,0.1887,0.1085
emb_temp[28] alone,2,0.9000,cut,1.1779,417,16,17,0.5767,0.9459,0.2075,0.2451
emb_temp[28] alone,2,0.1000,full,16.2397,417,16,17,0.7743,0.5676,0.9811,0.8614
emb_temp[28] alone,2,0.1000,cut,16.2397,417,16,17,0.5000,0.0000,1.0000,1.0000
