constraint,window,corpus,t,auroc_raw,null_lo,null_hi,n_defined
act_mag_w21,21,success_ever,1,0.493059,0.429139,0.546051,300
act_mag_w21,21,success_ever,2,0.501881,0.430609,0.547312,300
act_mag_w21,21,success_ever,3,0.508777,0.432457,0.547085,300
act_mag_w21,21,success_ever,4,0.515360,0.432438,0.547159,300
act_mag_w21,21,success_ever,5,0.515181,0.432264,0.548552,300
act_mag_w21,21,success_ever,6,0.512516,0.433874,0.548699,300
act_mag_w21,21,success_ever,7,0.510725,0.434769,0.550944,300
act_mag_w21,21,success_ever,8,0.513188,0.437597,0.552338,300
act_mag_w21,21,success_ever,9,0.515181,0.439349,0.553291,300
act_mag_w21,21,success_ever,10,0.515270,0.438757,0.550794,300
act_mag_w21,21,success_ever,11,0.513658,0.439799,0.550740,300
act_mag_w21,21,success_ever,12,0.511173,0.441174,0.551840,300
act_mag_w21,21,success_ever,13,0.504008,0.442335,0.554389,300
act_mag_w21,21,success_ever,14,0.504500,0.439246,0.554571,300
act_mag_w21,21,success_ever,15,0.509091,0.439452,0.554096,300
act_mag_w21,21,success_ever,16,0.514621,0.438535,0.552294,300
act_mag_w21,21,success_ever,17,0.514397,0.437190,0.548652,300
act_mag_w21,21,success_ever,18,0.519054,0.438847,0.549713,300
act_mag_w21,21,success_ever,19,0.519681,0.437997,0.550344,300
act_mag_w21,21,success_ever,20,0.514957,0.435997,0.546103,300
act_mag_w21,21,success_ever,21,0.510434,0.434036,0.546094,300
act_mag_w21,21,success_ever,22,0.507322,0.435972,0.545084,300
act_mag_w21,21,success_ever,23,0.496664,0.430964,0.538426,300
act_mag_w21,21,success_ever,24,0.491066,0.429826,0.537040,300
act_mag_w21,21,success_ever,25,0.487752,0.430026,0.537529,300
act_mag_w21,21,success_ever,26,0.482916,0.426714,0.532226,300
act_mag_w21,21,success_ever,27,0.482200,0.424919,0.532752,300
act_mag_w21,21,success_ever,28,0.477856,0.426376,0.532878,300
act_mag_w21,21,success_ever,29,0.475348,0.425036,0.530584,300
act_mag_w21,21,success_ever,30,0.464735,0.422257,0.526985,300
act_mag_w21,21,success_ever,31,0.460212,0.422501,0.527809,300
act_mag_w21,21,success_ever,32,0.463481,0.420385,0.522020,300
act_mag_w21,21,success_ever,33,0.460347,0.415016,0.522309,300
act_mag_w21,21,success_ever,34,0.461108,0.414299,0.522850,300
act_mag_w21,21,success_ever,35,0.451435,0.413858,0.522058,300
act_mag_w21,21,success_ever,36,0.443554,0.412780,0.521428,300
act_mag_w21,21,success_ever,37,0.431351,0.409020,0.517841,300
act_mag_w21,21,success_ever,38,0.428440,0.412040,0.517982,300
act_mag_w21,21,success_ever,39,0.426336,0.414194,0.517556,300
act_mag_w21,21,success_ever,40,0.427545,0.414390,0.514953,300
act_mag_w21,21,success_ever,41,0.431351,0.412386,0.516727,300
act_mag_w21,21,success_ever,42,0.429873,0.413167,0.518969,300
act_mag_w21,21,success_ever,43,0.431687,0.413187,0.521831,300
act_mag_w21,21,success_ever,44,0.429896,0.415337,0.522556,300
act_mag_w21,21,success_ever,45,0.432247,0.415833,0.519619,300
act_mag_w21,21,success_ever,46,0.437665,0.418817,0.522122,300
act_mag_w21,21,success_ever,47,0.440352,0.421964,0.523145,300
act_mag_w21,21,success_ever,48,0.438023,0.420289,0.522742,300
act_mag_w21,21,success_ever,49,0.435919,0.420987,0.521862,300
act_mag_w21,21,success_ever,50,0.437464,0.421420,0.524842,300
act_mag_w21,21,success_ever,51,0.446375,0.424744,0.526899,300
act_mag_w21,21,success_ever,52,0.444181,0.422718,0.529806,300
act_mag_w21,21,success_ever,53,0.451570,0.426894,0.532884,300
act_mag_w21,21,success_ever,54,0.458690,0.427074,0.532914,300
act_mag_w21,21,success_ever,55,0.463571,0.429876,0.533848,300
act_mag_w21,21,success_ever,56,0.467691,0.432132,0.535949,300
act_mag_w21,21,success_ever,57,0.467512,0.433415,0.536435,300
act_mag_w21,21,success_ever,58,0.475975,0.434552,0.539176,300
act_mag_w21,21,success_ever,59,0.479356,0.436641,0.539705,300
act_mag_w21,21,success_ever,60,0.471385,0.436537,0.541495,300
act_mag_w21,21,success_ever,61,0.471676,0.439875,0.542478,300
act_mag_w21,21,success_ever,62,0.475124,0.442231,0.544314,300
act_mag_w21,21,success_ever,63,0.476020,0.442658,0.543597,300
act_mag_w21,21,success_ever,64,0.481394,0.444466,0.543031,300
act_mag_w21,21,success_ever,65,0.482625,0.442109,0.541177,300
act_mag_w21,21,success_ever,66,0.486387,0.441689,0.543091,300
act_mag_w21,21,success_ever,67,0.485424,0.439066,0.542665,300
act_mag_w21,21,success_ever,68,0.489588,0.440014,0.543342,300
act_mag_w21,21,success_ever,69,0.492499,0.440553,0.544671,300
act_mag_w21,21,success_ever,70,0.496485,0.439520,0.544455,300
act_mag_w21,21,success_ever,71,0.494447,0.441492,0.545275,300
act_mag_w21,21,success_ever,72,0.493417,0.440547,0.545797,300
act_mag_w21,21,success_ever,73,0.498007,0.440993,0.544764,300
act_mag_w21,21,success_ever,74,0.496821,0.438492,0.542068,300
act_mag_w21,21,success_ever,75,0.505172,0.439115,0.544990,300
act_mag_w21,21,success_ever,76,0.510501,0.437399,0.545581,300
act_mag_w21,21,success_ever,77,0.512606,0.439698,0.546774,300
act_mag_w21,21,success_ever,78,0.511979,0.437265,0.544278,300
act_mag_w21,21,success_ever,79,0.511106,0.438412,0.545136,300
act_mag_w21,21,success_ever,80,0.506516,0.438194,0.545391,300
act_mag_w21,21,success_ever,81,0.514845,0.437281,0.543509,300
act_mag_w21,21,success_ever,82,0.513815,0.437059,0.541089,300
act_mag_w21,21,success_ever,83,0.512516,0.436296,0.544048,300
act_mag_w21,21,success_ever,84,0.511665,0.433694,0.540258,300
act_mag_w21,21,success_ever,85,0.510770,0.434415,0.540333,300
act_mag_w21,21,success_ever,86,0.511352,0.436119,0.542655,300
act_mag_w21,21,success_ever,87,0.503784,0.434908,0.540775,300
act_mag_w21,21,success_ever,88,0.497962,0.436968,0.542571,300
act_mag_w21,21,success_ever,89,0.495365,0.436249,0.544007,300
act_mag_w21,21,success_ever,90,0.499731,0.436224,0.543370,300
act_mag_w21,21,success_ever,91,0.507322,0.435031,0.545136,300
act_mag_w21,21,success_ever,92,0.507590,0.433927,0.544244,300
act_mag_w21,21,success_ever,93,0.505844,0.431724,0.545072,300
act_mag_w21,21,success_ever,94,0.508576,0.433063,0.545006,300
act_mag_w21,21,success_ever,95,0.505956,0.433097,0.543262,300
act_mag_w21,21,success_ever,96,0.497268,0.431879,0.543945,300
act_mag_w21,21,success_ever,97,0.493999,0.434149,0.544786,300
act_mag_w21,21,success_ever,98,0.492074,0.432243,0.543714,300
act_mag_w21,21,success_ever,99,0.495298,0.433550,0.542791,300
act_mag_w21,21,success_ever,100,0.493507,0.431358,0.542954,300
act_mag_w21,21,success_ever,101,0.499440,0.429604,0.540550,300
act_mag_w21,21,success_ever,102,0.490977,0.428906,0.540832,300
act_mag_w21,21,success_ever,103,0.486163,0.426578,0.539011,300
act_mag_w21,21,success_ever,104,0.476580,0.421982,0.535949,300
act_mag_w21,21,success_ever,105,0.476087,0.420978,0.536857,300
act_mag_w21,21,success_ever,106,0.482110,0.420749,0.537160,300
act_mag_w21,21,success_ever,107,0.479378,0.416633,0.533095,300
act_mag_w21,21,success_ever,108,0.479961,0.418027,0.534823,300
act_mag_w21,21,success_ever,109,0.479647,0.415605,0.531605,300
act_mag_w21,21,success_ever,110,0.478931,0.413416,0.527633,300
act_mag_w21,21,success_ever,111,0.472975,0.410432,0.525018,300
act_mag_w21,21,success_ever,112,0.467691,0.407771,0.522771,300
act_mag_w21,21,success_ever,113,0.459317,0.406874,0.519332,300
act_mag_w21,21,success_ever,114,0.455152,0.406286,0.516279,300
act_mag_w21,21,success_ever,115,0.449286,0.406556,0.514506,300
act_mag_w21,21,success_ever,116,0.450181,0.405785,0.514316,300
act_mag_w21,21,success_ever,117,0.443599,0.404539,0.514549,300
act_mag_w21,21,success_ever,118,0.443285,0.404412,0.514231,300
act_mag_w21,21,success_ever,119,0.440240,0.404628,0.513161,300
act_mag_w21,21,success_ever,120,0.438986,0.406082,0.515297,300
act_mag_w21,21,success_ever,121,0.436658,0.405543,0.518728,300
act_mag_w21,21,success_ever,122,0.433881,0.406878,0.520511,300
act_mag_w21,21,success_ever,123,0.431956,0.403908,0.516436,300
act_mag_w21,21,success_ever,124,0.435628,0.404316,0.516691,300
act_mag_w21,21,success_ever,125,0.430299,0.403168,0.516594,300
act_mag_w21,21,success_ever,126,0.426358,0.406878,0.518388,300
act_mag_w21,21,success_ever,127,0.422014,0.406717,0.520843,300
act_mag_w21,21,success_ever,128,0.423268,0.408878,0.520030,300
act_mag_w21,21,success_ever,129,0.423582,0.407532,0.517088,300
act_mag_w21,21,success_ever,130,0.422507,0.409087,0.519579,300
act_mag_w21,21,success_ever,131,0.426358,0.409246,0.521450,300
act_mag_w21,21,success_ever,132,0.428642,0.412783,0.524032,300
act_mag_w21,21,success_ever,133,0.429493,0.413807,0.525536,300
act_mag_w21,21,success_ever,134,0.428194,0.411576,0.525238,300
act_mag_w21,21,success_ever,135,0.428104,0.412067,0.525152,300
act_mag_w21,21,success_ever,136,0.427791,0.413812,0.527479,300
act_mag_w21,21,success_ever,137,0.432717,0.414305,0.529579,300
act_mag_w21,21,success_ever,138,0.438583,0.415025,0.528815,300
act_mag_w21,21,success_ever,139,0.439210,0.413900,0.530339,300
act_mag_w21,21,success_ever,140,0.442681,0.416164,0.534401,300
act_mag_w21,21,success_ever,141,0.437195,0.414979,0.534438,300
act_mag_w21,21,success_ever,142,0.435896,0.414245,0.534445,300
act_mag_w21,21,success_ever,143,0.431105,0.416393,0.533998,300
act_mag_w21,21,success_ever,144,0.424343,0.413897,0.532377,300
act_mag_w21,21,success_ever,145,0.421566,0.414878,0.532357,300
act_mag_w21,21,success_ever,146,0.422865,0.415801,0.531684,300
act_mag_w21,21,success_ever,147,0.420357,0.415227,0.529615,300
act_mag_w21,21,success_ever,148,0.419507,0.416073,0.527363,300
act_mag_w21,21,success_ever,149,0.414357,0.416985,0.525214,300
act_mag_w21,21,success_ever,150,0.420895,0.417664,0.527433,300
act_mag_w21,21,success_ever,151,0.415834,0.415116,0.524879,300
act_mag_w21,21,success_ever,152,0.404774,0.414708,0.522687,300
act_mag_w21,21,success_ever,153,0.397206,0.415313,0.520995,300
act_mag_w21,21,success_ever,154,0.394653,0.414116,0.521931,300
act_mag_w21,21,success_ever,155,0.396847,0.412206,0.521077,300
act_mag_w21,21,success_ever,156,0.389772,0.408625,0.519428,300
act_mag_w21,21,success_ever,157,0.385115,0.407628,0.519323,300
act_mag_w21,21,success_ever,158,0.378308,0.407458,0.519209,300
act_mag_w21,21,success_ever,159,0.372755,0.404818,0.516906,300
act_mag_w21,21,success_ever,160,0.365904,0.406604,0.517511,300
act_mag_w21,21,success_ever,161,0.362008,0.406932,0.516287,300
act_mag_w21,21,success_ever,162,0.360127,0.405873,0.515346,300
act_mag_w21,21,success_ever,163,0.356813,0.406475,0.517591,300
act_mag_w21,21,success_ever,164,0.362635,0.407739,0.518371,300
act_mag_w21,21,success_ever,165,0.368143,0.408382,0.521187,300
act_mag_w21,21,success_ever,166,0.369397,0.405753,0.518199,300
act_mag_w21,21,success_ever,167,0.367516,0.406230,0.520442,300
act_mag_w21,21,success_ever,168,0.365814,0.408335,0.522434,300
act_mag_w21,21,success_ever,169,0.364247,0.407904,0.524569,300
act_mag_w21,21,success_ever,170,0.358067,0.408614,0.524229,300
act_mag_w21,21,success_ever,171,0.354798,0.409598,0.523835,300
act_mag_w21,21,success_ever,172,0.358179,0.409782,0.524657,300
act_mag_w21,21,success_ever,173,0.361314,0.408652,0.522983,300
act_mag_w21,21,success_ever,174,0.364650,0.408162,0.522997,300
act_mag_w21,21,success_ever,175,0.367292,0.408534,0.525924,300
act_mag_w21,21,success_ever,176,0.367023,0.408168,0.525565,300
act_mag_w21,21,success_ever,177,0.367203,0.406687,0.524429,300
act_mag_w21,21,success_ever,178,0.366061,0.407930,0.525170,300
act_mag_w21,21,success_ever,179,0.368344,0.408660,0.525980,300
act_mag_w21,21,success_ever,180,0.368233,0.407571,0.528554,300
act_mag_w21,21,success_ever,181,0.371502,0.406890,0.529021,300
act_mag_w21,21,success_ever,182,0.368747,0.405421,0.528267,300
act_mag_w21,21,success_ever,183,0.371322,0.405270,0.529400,300
act_mag_w21,21,success_ever,184,0.364695,0.405889,0.527789,300
act_mag_w21,21,success_ever,185,0.357127,0.407996,0.527005,300
act_mag_w21,21,success_ever,186,0.355358,0.407233,0.524862,300
act_mag_w21,21,success_ever,187,0.355627,0.406922,0.523605,300
act_mag_w21,21,success_ever,188,0.357485,0.410272,0.528335,300
act_mag_w21,21,success_ever,189,0.357351,0.408533,0.527385,300
act_mag_w21,21,success_ever,190,0.357104,0.407033,0.525494,300
act_mag_w21,21,success_ever,191,0.356231,0.405262,0.523632,300
act_mag_w21,21,success_ever,192,0.355761,0.402803,0.519089,300
act_mag_w21,21,success_ever,193,0.355873,0.405903,0.522605,300
act_mag_w21,21,success_ever,194,0.352761,0.406933,0.524183,300
act_mag_w21,21,success_ever,195,0.350231,0.407956,0.524228,300
act_mag_w21,21,success_ever,196,0.350051,0.409108,0.524211,300
act_mag_w21,21,success_ever,197,0.347611,0.410188,0.524878,300
act_mag_w21,21,success_ever,198,0.343110,0.412652,0.526224,300
act_mag_w21,21,success_ever,199,0.342730,0.413092,0.526018,300
act_mag_w21,21,success_ever,200,0.342125,0.413814,0.526870,300
act_mag_w21,21,success_ever,201,0.339013,0.414929,0.524637,300
act_mag_w21,21,success_ever,202,0.336147,0.418045,0.526199,300
act_mag_w21,21,success_ever,203,0.334557,0.416497,0.522912,300
act_mag_w21,21,success_ever,204,0.329721,0.415018,0.522797,300
act_mag_w21,21,success_ever,205,0.333326,0.415841,0.522399,300
act_mag_w21,21,success_ever,206,0.331109,0.414220,0.521609,300
act_mag_w21,21,success_ever,207,0.330885,0.413984,0.521160,300
act_mag_w21,21,success_ever,208,0.330102,0.412494,0.521606,300
act_mag_w21,21,success_ever,209,0.332072,0.411175,0.520445,300
act_mag_w21,21,success_ever,210,0.330326,0.411228,0.521329,300
act_mag_w21,21,success_ever,211,0.331535,0.411257,0.520781,300
act_mag_w21,21,success_ever,212,0.336953,0.412379,0.521313,300
act_mag_w21,21,success_ever,213,0.337670,0.413339,0.523421,300
act_mag_w21,21,success_ever,214,0.334580,0.412888,0.521924,300
act_mag_w21,21,success_ever,215,0.333818,0.413389,0.521846,300
act_mag_w21,21,success_ever,216,0.331714,0.412877,0.521925,300
act_mag_w21,21,success_ever,217,0.331378,0.411964,0.521105,300
act_mag_w21,21,success_ever,218,0.332789,0.409941,0.521048,300
act_mag_w21,21,success_ever,219,0.337714,0.410833,0.520981,300
act_mag_w21,21,success_ever,220,0.339640,0.409339,0.519309,300
act_mag_w21,21,success_ever,221,0.341476,0.406854,0.519601,300
act_mag_w21,21,success_ever,222,0.339931,0.406829,0.519100,300
act_mag_w21,21,success_ever,223,0.344140,0.408129,0.519048,300
act_mag_w21,21,success_ever,224,0.342618,0.404723,0.517403,300
act_mag_w21,21,success_ever,225,0.343402,0.404163,0.519370,300
act_mag_w21,21,success_ever,226,0.342125,0.404002,0.516146,300
act_mag_w21,21,success_ever,227,0.343872,0.404573,0.516644,300
act_mag_w21,21,success_ever,228,0.344230,0.406295,0.518791,300
act_mag_w21,21,success_ever,229,0.343984,0.405669,0.520471,300
act_mag_w21,21,success_ever,230,0.344835,0.405463,0.518249,300
act_mag_w21,21,success_ever,231,0.345641,0.407058,0.518886,300
act_mag_w21,21,success_ever,232,0.346357,0.409778,0.522394,300
act_mag_w21,21,success_ever,233,0.344879,0.410244,0.523153,300
act_mag_w21,21,success_ever,234,0.346491,0.414820,0.523465,300
act_mag_w21,21,success_ever,235,0.353858,0.415921,0.527038,300
act_mag_w21,21,success_ever,236,0.360217,0.419233,0.530275,300
act_mag_w21,21,success_ever,237,0.365590,0.421879,0.532716,300
act_mag_w21,21,success_ever,238,0.363307,0.422084,0.532496,300
act_mag_w21,21,success_ever,239,0.367337,0.422671,0.537551,300
act_mag_w21,21,success_ever,240,0.369442,0.422189,0.537515,300
act_mag_w21,21,success_ever,241,0.367426,0.421013,0.536409,300
act_mag_w21,21,success_ever,242,0.367695,0.420380,0.535588,300
act_mag_w21,21,success_ever,243,0.371860,0.419637,0.535370,300
act_mag_w21,21,success_ever,244,0.369486,0.417244,0.533410,300
act_mag_w21,21,success_ever,245,0.366665,0.418380,0.533963,300
act_mag_w21,21,success_ever,246,0.367471,0.419277,0.534285,300
act_mag_w21,21,success_ever,247,0.372308,0.421118,0.536954,300
act_mag_w21,21,success_ever,248,0.373964,0.419456,0.537147,300
act_mag_w21,21,success_ever,249,0.379808,0.420008,0.536416,300
act_mag_w21,21,success_ever,250,0.380771,0.417999,0.536780,300
act_mag_w21,21,success_ever,251,0.382025,0.418191,0.534952,300
act_mag_w21,21,success_ever,252,0.383861,0.418386,0.533693,300
act_mag_w21,21,success_ever,253,0.386279,0.418932,0.532473,300
act_mag_w21,21,success_ever,254,0.391922,0.417883,0.531999,300
act_mag_w21,21,success_ever,255,0.397877,0.418966,0.532439,300
act_mag_w21,21,success_ever,256,0.399176,0.418917,0.533312,300
act_mag_w21,21,success_ever,257,0.398594,0.415920,0.531932,300
act_mag_w21,21,success_ever,258,0.402400,0.415873,0.530443,300
act_mag_w21,21,success_ever,259,0.403341,0.413393,0.529045,300
act_mag_w21,21,success_ever,260,0.403856,0.412030,0.525706,300
act_mag_w21,21,success_ever,261,0.402624,0.414096,0.527006,300
act_mag_w21,21,success_ever,262,0.402579,0.415187,0.526963,300
act_mag_w21,21,success_ever,263,0.405535,0.418740,0.527667,300
act_mag_w21,21,success_ever,264,0.402781,0.420813,0.530989,300
act_mag_w21,21,success_ever,265,0.404527,0.422983,0.532132,300
act_mag_w21,21,success_ever,266,0.405311,0.425219,0.533392,300
act_mag_w21,21,success_ever,267,0.403430,0.424921,0.535871,300
act_mag_w21,21,success_ever,268,0.401281,0.424772,0.537284,300
act_mag_w21,21,success_ever,269,0.401057,0.425976,0.538546,300
act_mag_w21,21,success_ever,270,0.400318,0.425709,0.539681,300
act_mag_w21,21,success_ever,271,0.399445,0.427287,0.540440,300
act_mag_w21,21,success_ever,272,0.396355,0.428198,0.541703,300
act_mag_w21,21,success_ever,273,0.394832,0.428538,0.542779,300
act_mag_w21,21,success_ever,274,0.394295,0.428350,0.545105,300
act_mag_w21,21,success_ever,275,0.389548,0.428146,0.544088,300
act_mag_w21,21,success_ever,276,0.385742,0.427677,0.542206,300
act_mag_w21,21,success_ever,277,0.381756,0.427537,0.541454,300
act_mag_w21,21,success_ever,278,0.377771,0.429212,0.541660,300
act_mag_w21,21,success_ever,279,0.377278,0.427692,0.539745,300
act_mag_w21,21,success_ever,280,0.377010,0.429447,0.540868,300
act_mag_w21,21,success_ever,281,0.379025,0.429756,0.544004,300
act_mag_w21,21,success_ever,282,0.381085,0.429419,0.544865,300
act_mag_w21,21,success_ever,283,0.381846,0.430797,0.545465,300
act_mag_w21,21,success_ever,284,0.379338,0.431465,0.546082,300
act_mag_w21,21,success_ever,285,0.384600,0.432438,0.545910,300
act_mag_w21,21,success_ever,286,0.387623,0.431231,0.547776,300
act_mag_w21,21,success_ever,287,0.389436,0.431420,0.544419,300
act_mag_w21,21,success_ever,288,0.390377,0.430242,0.543216,300
act_mag_w21,21,success_ever,289,0.389503,0.429378,0.542705,300
act_mag_w21,21,success_ever,290,0.386414,0.429635,0.542441,300
act_mag_w21,21,success_ever,291,0.386122,0.427989,0.541248,300
act_mag_w21,21,success_ever,292,0.389862,0.430021,0.542728,300
act_mag_w21,21,success_ever,293,0.391227,0.427914,0.542088,300
act_mag_w21,21,success_ever,294,0.393332,0.427161,0.540790,300
act_mag_w21,21,success_ever,295,0.394183,0.428116,0.542687,300
act_mag_w21,21,success_ever,296,0.390668,0.428977,0.546501,300
act_mag_w21,21,success_ever,297,0.393198,0.428821,0.544596,300
act_mag_w21,21,success_ever,298,0.397183,0.427664,0.544140,300
act_mag_w21,21,success_ever,299,0.401751,0.427362,0.542182,300
act_mag_w21,21,success_ever,300,0.401326,0.426848,0.544130,300
act_mag_w21,21,success_ever,301,0.400430,0.425613,0.542017,300
act_mag_w21,21,success_ever,302,0.400296,0.424460,0.541231,300
act_mag_w21,21,success_ever,303,0.406207,0.425748,0.542230,300
act_mag_w21,21,success_ever,304,0.409789,0.425817,0.543091,300
act_mag_w21,21,success_ever,305,0.410550,0.425190,0.543653,300
act_mag_w21,21,success_ever,306,0.412454,0.426601,0.545754,300
act_mag_w21,21,success_ever,307,0.408065,0.427147,0.543825,300
act_mag_w21,21,success_ever,308,0.407684,0.428276,0.543735,300
act_mag_w21,21,success_ever,309,0.408983,0.427624,0.543820,300
act_mag_w21,21,success_ever,310,0.406341,0.428183,0.542861,300
act_mag_w21,21,success_ever,311,0.407035,0.428059,0.542364,300
act_mag_w21,21,success_ever,312,0.409073,0.427735,0.541298,300
act_mag_w21,21,success_ever,313,0.400184,0.424540,0.540219,300
act_mag_w21,21,success_ever,314,0.397519,0.423982,0.540532,300
act_mag_w21,21,success_ever,315,0.398594,0.424865,0.538511,300
act_mag_w21,21,success_ever,316,0.401169,0.425662,0.539702,300
act_mag_w21,21,success_ever,317,0.405759,0.425388,0.541070,300
act_mag_w21,21,success_ever,318,0.403005,0.423917,0.540812,300
act_mag_w21,21,success_ever,319,0.401057,0.426560,0.541180,300
act_mag_w21,21,success_ever,320,0.398885,0.426400,0.540922,300
act_mag_w21,21,success_ever,321,0.400072,0.425498,0.541582,300
act_mag_w21,21,success_ever,322,0.398079,0.426132,0.543515,300
act_mag_w21,21,success_ever,323,0.396176,0.428229,0.545123,300
act_mag_w21,21,success_ever,324,0.398661,0.429063,0.548254,300
act_mag_w21,21,success_ever,325,0.399781,0.429698,0.547628,300
act_mag_w21,21,success_ever,326,0.399937,0.430448,0.547473,300
act_mag_w21,21,success_ever,327,0.397318,0.428593,0.546359,300
act_mag_w21,21,success_ever,328,0.400922,0.430110,0.545943,300
act_mag_w21,21,success_ever,329,0.399713,0.430383,0.548573,300
act_mag_w21,21,success_ever,330,0.400766,0.430046,0.548508,300
act_mag_w21,21,success_ever,331,0.402132,0.431514,0.549690,300
act_mag_w21,21,success_ever,332,0.400676,0.432534,0.550453,300
act_mag_w21,21,success_ever,333,0.397721,0.433544,0.551703,300
act_mag_w21,21,success_ever,334,0.399669,0.435932,0.553548,300
act_mag_w21,21,success_ever,335,0.405714,0.437414,0.553401,300
act_mag_w21,21,success_ever,336,0.405333,0.436553,0.554853,300
act_mag_w21,21,success_ever,337,0.402893,0.436455,0.553863,300
act_mag_w21,21,success_ever,338,0.400945,0.432423,0.551612,300
act_mag_w21,21,success_ever,339,0.401505,0.431944,0.550535,300
act_mag_w21,21,success_ever,340,0.402176,0.430963,0.549924,300
act_mag_w21,21,success_ever,341,0.399176,0.434528,0.553935,300
act_mag_w21,21,success_ever,342,0.399736,0.435804,0.554825,300
act_mag_w21,21,success_ever,343,0.401661,0.437855,0.556111,300
act_mag_w21,21,success_ever,344,0.400296,0.436377,0.556492,300
act_mag_w21,21,success_ever,345,0.396735,0.435648,0.556790,300
act_mag_w21,21,success_ever,346,0.391519,0.437260,0.556853,300
act_mag_w21,21,success_ever,347,0.387443,0.436068,0.555336,300
act_mag_w21,21,success_ever,348,0.386928,0.436664,0.555760,300
act_mag_w21,21,success_ever,349,0.388742,0.438077,0.557477,300
act_mag_w21,21,success_ever,350,0.393332,0.437452,0.560348,300
act_mag_w21,21,success_ever,351,0.394653,0.437662,0.560052,300
act_mag_w21,21,success_ever,352,0.394093,0.437726,0.559969,300
act_mag_w21,21,success_ever,353,0.392347,0.440131,0.560591,300
act_mag_w21,21,success_ever,354,0.392481,0.438019,0.559344,300
act_mag_w21,21,success_ever,355,0.392369,0.435396,0.555378,300
act_mag_w21,21,success_ever,356,0.394832,0.436410,0.556686,300
act_mag_w21,21,success_ever,357,0.395907,0.435558,0.557905,300
act_mag_w21,21,success_ever,358,0.398348,0.435335,0.559111,300
act_mag_w21,21,success_ever,359,0.402870,0.438789,0.560680,300
act_mag_w21,21,success_ever,360,0.407975,0.438445,0.561266,300
act_mag_w21,21,success_ever,361,0.412700,0.440677,0.560272,300
act_mag_w21,21,success_ever,362,0.415118,0.438929,0.558148,300
act_mag_w21,21,success_ever,363,0.413752,0.437987,0.556358,300
act_mag_w21,21,success_ever,364,0.412140,0.436093,0.553111,300
act_mag_w21,21,success_ever,365,0.412185,0.438530,0.554545,300
act_mag_w21,21,success_ever,366,0.408849,0.437504,0.555174,300
act_mag_w21,21,success_ever,367,0.412252,0.437616,0.556244,300
act_mag_w21,21,success_ever,368,0.410080,0.436976,0.556250,300
act_mag_w21,21,success_ever,369,0.412789,0.437783,0.556384,300
act_mag_w21,21,success_ever,370,0.409968,0.438711,0.554773,300
act_mag_w21,21,success_ever,371,0.409431,0.440394,0.554903,300
act_mag_w21,21,success_ever,372,0.410640,0.441134,0.556807,300
act_mag_w21,21,success_ever,373,0.409274,0.442339,0.557226,300
act_mag_w21,21,success_ever,374,0.410729,0.442437,0.557839,300
act_mag_w21,21,success_ever,375,0.410371,0.442352,0.557581,300
act_mag_w21,21,success_ever,376,0.408065,0.441287,0.558799,300
act_mag_w21,21,success_ever,377,0.401236,0.442701,0.559296,300
act_mag_w21,21,success_ever,378,0.401997,0.440613,0.558326,300
act_mag_w21,21,success_ever,379,0.398392,0.441371,0.560930,300
act_mag_w21,21,success_ever,380,0.395414,0.439423,0.561687,300
act_mag_w21,21,success_ever,381,0.392280,0.440262,0.562277,300
act_mag_w21,21,success_ever,382,0.391698,0.441975,0.562940,300
act_mag_w21,21,success_ever,383,0.391742,0.443482,0.563801,300
act_mag_w21,21,success_ever,384,0.396735,0.444383,0.566018,300
act_mag_w21,21,success_ever,385,0.396422,0.442481,0.564793,300
act_mag_w21,21,success_ever,386,0.397340,0.441199,0.563105,300
act_mag_w21,21,success_ever,387,0.401729,0.440402,0.561722,300
act_mag_w21,21,success_ever,388,0.402870,0.440191,0.560806,300
act_mag_w21,21,success_ever,389,0.406565,0.441895,0.559232,300
act_mag_w21,21,success_ever,390,0.405916,0.442162,0.559406,300
act_mag_w21,21,success_ever,391,0.408132,0.441859,0.559895,300
act_mag_w21,21,success_ever,392,0.406386,0.440369,0.558801,300
act_mag_w21,21,success_ever,393,0.408580,0.439872,0.558249,300
act_mag_w21,21,success_ever,394,0.413327,0.439676,0.558342,300
act_mag_w21,21,success_ever,395,0.418566,0.442828,0.559196,300
act_mag_w21,21,success_ever,396,0.419551,0.443193,0.559248,300
act_mag_w21,21,success_ever,397,0.422664,0.444641,0.559873,300
act_mag_w21,21,success_ever,398,0.427186,0.445612,0.560891,300
act_mag_w21,21,success_ever,399,0.432135,0.444925,0.560995,300
act_mag_w21,21,success_ever,400,0.434530,0.443639,0.560485,300
act_mag_w21,21,success_ever,401,0.440218,0.444672,0.559981,300
act_mag_w21,21,success_ever,402,0.441404,0.444226,0.560095,300
act_mag_w21,21,success_ever,403,0.439725,0.443280,0.561936,300
act_mag_w21,21,success_ever,404,0.435516,0.442176,0.561430,300
act_mag_w21,21,success_ever,405,0.433971,0.443334,0.560910,300
act_mag_w21,21,success_ever,406,0.432560,0.443950,0.560717,300
act_mag_w21,21,success_ever,407,0.430567,0.443259,0.562203,300
act_mag_w21,21,success_ever,408,0.429537,0.442568,0.561471,300
act_mag_w21,21,success_ever,409,0.425574,0.443941,0.559851,300
act_mag_w21,21,success_ever,410,0.428239,0.445099,0.561911,300
act_mag_w21,21,success_ever,411,0.427701,0.446538,0.563219,300
act_mag_w21,21,success_ever,412,0.429940,0.446607,0.561777,300
act_mag_w21,21,success_ever,413,0.428821,0.444925,0.560892,300
act_mag_w21,21,success_ever,414,0.431508,0.447188,0.562498,300
act_mag_w21,21,success_ever,415,0.430948,0.446033,0.563523,300
act_mag_w21,21,success_ever,416,0.432000,0.446143,0.562343,300
act_mag_w21,21,success_ever,417,0.433680,0.446531,0.561508,300
act_mag_w21,21,success_ever,418,0.429179,0.447113,0.562502,300
act_mag_w21,21,success_ever,419,0.426134,0.445362,0.561042,300
act_mag_w21,21,success_ever,420,0.425395,0.444864,0.559547,300
act_mag_w21,21,success_ever,421,0.426156,0.445313,0.560637,300
act_mag_w21,21,success_ever,422,0.427254,0.444151,0.560859,300
act_mag_w21,21,success_ever,423,0.425328,0.441149,0.558202,300
act_mag_w21,21,success_ever,424,0.424589,0.441622,0.558396,300
act_mag_w21,21,success_ever,425,0.422104,0.440954,0.558420,300
act_mag_w21,21,success_ever,426,0.417872,0.442926,0.557729,300
act_mag_w21,21,success_ever,427,0.418835,0.444377,0.560743,300
act_mag_w21,21,success_ever,428,0.420089,0.442874,0.559191,300
act_mag_w21,21,success_ever,429,0.421477,0.443076,0.559724,300
act_mag_w21,21,success_ever,430,0.417894,0.441430,0.558689,300
act_mag_w21,21,success_ever,431,0.415342,0.441709,0.558074,300
act_mag_w21,21,success_ever,432,0.414961,0.441245,0.558353,300
act_mag_w21,21,success_ever,433,0.417066,0.442266,0.559344,300
act_mag_w21,21,success_ever,434,0.419596,0.442669,0.559093,300
act_mag_w21,21,success_ever,435,0.419842,0.442716,0.558341,300
act_mag_w21,21,success_ever,436,0.417626,0.442618,0.558445,300
act_mag_w21,21,success_ever,437,0.416103,0.443186,0.558827,300
act_mag_w21,21,success_ever,438,0.417962,0.444424,0.560191,300
act_mag_w21,21,success_ever,439,0.418790,0.443750,0.558469,300
act_mag_w21,21,success_ever,440,0.420245,0.442606,0.560611,300
act_mag_w21,21,success_ever,441,0.419842,0.442434,0.558800,300
act_mag_w21,21,success_ever,442,0.417223,0.441232,0.557919,300
act_mag_w21,21,success_ever,443,0.418275,0.441315,0.557773,300
act_mag_w21,21,success_ever,444,0.420335,0.440607,0.559069,300
act_mag_w21,21,success_ever,445,0.420335,0.440691,0.559224,300
act_mag_w21,21,success_ever,446,0.423985,0.441803,0.560127,300
act_mag_w21,21,success_ever,447,0.425686,0.444453,0.559832,300
act_mag_w21,21,success_ever,448,0.421208,0.442671,0.558307,300
act_mag_w21,21,success_ever,449,0.417066,0.441718,0.557368,300
act_mag_w21,21,success_ever,450,0.417469,0.443121,0.560036,300
act_mag_w21,21,success_ever,451,0.417133,0.442777,0.560658,300
act_mag_w21,21,success_ever,452,0.415543,0.443149,0.560415,300
act_mag_w21,21,success_ever,453,0.418969,0.442876,0.561133,300
act_mag_w21,21,success_ever,454,0.415140,0.441290,0.560291,300
act_mag_w21,21,success_ever,455,0.412431,0.440991,0.559876,300
act_mag_w21,21,success_ever,456,0.413551,0.441201,0.560213,300
act_mag_w21,21,success_ever,457,0.413842,0.442409,0.561687,300
act_mag_w21,21,success_ever,458,0.415275,0.442183,0.561825,300
act_mag_w21,21,success_ever,459,0.413058,0.440010,0.559874,300
act_mag_w21,21,success_ever,460,0.412364,0.441651,0.561447,300
act_mag_w21,21,success_ever,461,0.406677,0.437776,0.557502,300
act_mag_w21,21,success_ever,462,0.410147,0.440282,0.558687,300
act_mag_w21,21,success_ever,463,0.416484,0.441138,0.560128,300
act_mag_w21,21,success_ever,464,0.420447,0.441660,0.560588,300
act_mag_w21,21,success_ever,465,0.419283,0.445390,0.560813,300
act_mag_w21,21,success_ever,466,0.421320,0.444626,0.561693,300
act_mag_w21,21,success_ever,467,0.421544,0.444174,0.560318,300
act_mag_w21,21,success_ever,468,0.420111,0.443238,0.561600,300
act_mag_w21,21,success_ever,469,0.418499,0.443153,0.561057,300
act_mag_w21,21,success_ever,470,0.418633,0.443620,0.561508,300
act_mag_w21,21,success_ever,471,0.418096,0.444378,0.560866,300
act_mag_w21,21,success_ever,472,0.418342,0.443955,0.560829,300
act_mag_w21,21,success_ever,473,0.421186,0.445990,0.561467,300
act_mag_w21,21,success_ever,474,0.420581,0.444674,0.561508,300
act_mag_w21,21,success_ever,475,0.422462,0.443468,0.561707,300
act_mag_w21,21,success_ever,476,0.423694,0.444804,0.562544,300
act_mag_w21,21,success_ever,477,0.427030,0.446104,0.563959,300
act_mag_w21,21,success_ever,478,0.429784,0.447404,0.564769,300
act_mag_w21,21,success_ever,479,0.429224,0.445577,0.562535,300
act_mag_w21,21,success_ever,480,0.430075,0.445314,0.559413,300
act_mag_w21,21,success_ever,481,0.433612,0.444920,0.559265,300
act_mag_w21,21,success_ever,482,0.433769,0.444841,0.559941,300
act_mag_w21,21,success_ever,483,0.433209,0.442810,0.561427,300
act_mag_w21,21,success_ever,484,0.433433,0.441823,0.559570,300
act_mag_w21,21,success_ever,485,0.431105,0.440372,0.559028,300
act_mag_w21,21,success_ever,486,0.433948,0.441449,0.559448,300
act_mag_w21,21,success_ever,487,0.433344,0.441855,0.559085,300
act_mag_w21,21,success_ever,488,0.431351,0.441244,0.559203,300
act_mag_w21,21,success_ever,489,0.432202,0.441641,0.558487,300
act_mag_w21,21,success_ever,490,0.437620,0.444649,0.560797,300
act_mag_w21,21,success_ever,491,0.437956,0.444403,0.559627,300
act_mag_w21,21,success_ever,492,0.440934,0.444713,0.559763,300
act_mag_w21,21,success_ever,493,0.442322,0.442855,0.559253,300
act_mag_w21,21,success_ever,494,0.442166,0.440709,0.556678,300
act_mag_w21,21,success_ever,495,0.442166,0.440775,0.556909,300
act_mag_w21,21,success_ever,496,0.441539,0.443967,0.558151,300
act_mag_w21,21,success_ever,497,0.443173,0.443842,0.559676,300
act_mag_w21,21,success_ever,498,0.445972,0.442478,0.557987,300
act_mag_w21,21,success_ever,499,0.446084,0.444444,0.560321,300
act_mag_w21,21,success_ever,500,0.448077,0.445269,0.562292,300
act_mag_w21,21,success_ever,501,0.452062,0.446201,0.563903,300
act_mag_w21,21,success_ever,502,0.453092,0.445164,0.563788,300
act_mag_w21,21,success_ever,503,0.449487,0.442768,0.562553,300
act_mag_w21,21,success_ever,504,0.451435,0.442346,0.562681,300
act_mag_w21,21,success_ever,505,0.448659,0.441974,0.562447,300
act_mag_w21,21,success_ever,506,0.448681,0.443345,0.563702,300
act_mag_w21,21,success_ever,507,0.450562,0.441643,0.564307,300
act_mag_w21,21,success_ever,508,0.447830,0.441227,0.563683,300
act_mag_w21,21,success_ever,509,0.450271,0.440758,0.562857,300
act_mag_w21,21,success_ever,510,0.457078,0.440970,0.562853,300
act_mag_w21,21,success_ever,511,0.457346,0.439985,0.561521,300
act_mag_w21,21,success_ever,512,0.455376,0.438219,0.561534,300
act_mag_w21,21,success_ever,513,0.449084,0.436733,0.558396,300
act_mag_w21,21,success_ever,514,0.448547,0.436814,0.559940,300
act_mag_w21,21,success_ever,515,0.447696,0.437343,0.558583,300
act_mag_w21,21,success_ever,516,0.447091,0.438058,0.559744,300
act_mag_w21,21,success_ever,517,0.443240,0.436134,0.556204,300
act_mag_w21,21,success_ever,518,0.439546,0.436132,0.556354,300
act_mag_w21,21,success_ever,519,0.436031,0.435660,0.555330,300
act_rep_w21,21,success_ever,1,0.480274,0.472165,0.590092,300
act_rep_w21,21,success_ever,2,0.467265,0.469411,0.587813,300
act_rep_w21,21,success_ever,3,0.470825,0.475385,0.593716,300
act_rep_w21,21,success_ever,4,0.474632,0.472122,0.590518,300
act_rep_w21,21,success_ever,5,0.480946,0.473593,0.594028,300
act_rep_w21,21,success_ever,6,0.481461,0.475452,0.593845,300
act_rep_w21,21,success_ever,7,0.481864,0.471445,0.592573,300
act_rep_w21,21,success_ever,8,0.485110,0.476000,0.594443,300
act_rep_w21,21,success_ever,9,0.484506,0.474596,0.592980,300
act_rep_w21,21,success_ever,10,0.490820,0.480674,0.597548,300
act_rep_w21,21,success_ever,11,0.495522,0.481303,0.598766,300
act_rep_w21,21,success_ever,12,0.493014,0.479443,0.595184,300
act_rep_w21,21,success_ever,13,0.517420,0.478719,0.595413,300
act_rep_w21,21,success_ever,14,0.514487,0.480010,0.593348,300
act_rep_w21,21,success_ever,15,0.519345,0.483894,0.594613,300
act_rep_w21,21,success_ever,16,0.519256,0.483377,0.594286,300
act_rep_w21,21,success_ever,17,0.527495,0.487517,0.600257,300
act_rep_w21,21,success_ever,18,0.536362,0.489484,0.600201,300
act_rep_w21,21,success_ever,19,0.545408,0.495518,0.602719,300
act_rep_w21,21,success_ever,20,0.559133,0.497087,0.604253,300
act_rep_w21,21,success_ever,21,0.582285,0.500245,0.609840,300
act_rep_w21,21,success_ever,22,0.590524,0.502837,0.613370,300
act_rep_w21,21,success_ever,23,0.596212,0.502619,0.616731,300
act_rep_w21,21,success_ever,24,0.600600,0.502674,0.615531,300
act_rep_w21,21,success_ever,25,0.614191,0.505702,0.619163,300
act_rep_w21,21,success_ever,26,0.596570,0.499843,0.614779,300
act_rep_w21,21,success_ever,27,0.597645,0.501364,0.616122,300
act_rep_w21,21,success_ever,28,0.607228,0.502005,0.610729,300
act_rep_w21,21,success_ever,29,0.605616,0.504267,0.613365,300
act_rep_w21,21,success_ever,30,0.613631,0.504030,0.615946,300
act_rep_w21,21,success_ever,31,0.613161,0.497887,0.610483,300
act_rep_w21,21,success_ever,32,0.601630,0.495830,0.608746,300
act_rep_w21,21,success_ever,33,0.602167,0.497173,0.607811,300
act_rep_w21,21,success_ever,34,0.584076,0.494678,0.605179,300
act_rep_w21,21,success_ever,35,0.593166,0.492656,0.606535,300
act_rep_w21,21,success_ever,36,0.592651,0.492269,0.605886,300
act_rep_w21,21,success_ever,37,0.601137,0.496073,0.609166,300
act_rep_w21,21,success_ever,38,0.610721,0.493453,0.606517,300
act_rep_w21,21,success_ever,39,0.611795,0.492835,0.608460,300
act_rep_w21,21,success_ever,40,0.608952,0.485085,0.604873,300
act_rep_w21,21,success_ever,41,0.611347,0.480198,0.596529,300
act_rep_w21,21,success_ever,42,0.612243,0.480327,0.596526,300
act_rep_w21,21,success_ever,43,0.605078,0.476499,0.594161,300
act_rep_w21,21,success_ever,44,0.597421,0.472917,0.589915,300
act_rep_w21,21,success_ever,45,0.581300,0.468664,0.583548,300
act_rep_w21,21,success_ever,46,0.560879,0.461398,0.577966,300
act_rep_w21,21,success_ever,47,0.566074,0.454725,0.572929,300
act_rep_w21,21,success_ever,48,0.569410,0.452235,0.567001,300
act_rep_w21,21,success_ever,49,0.563051,0.450026,0.563941,300
act_rep_w21,21,success_ever,50,0.564126,0.444082,0.561401,300
act_rep_w21,21,success_ever,51,0.550893,0.438414,0.554705,300
act_rep_w21,21,success_ever,52,0.555304,0.443776,0.561122,300
act_rep_w21,21,success_ever,53,0.563656,0.442507,0.557703,300
act_rep_w21,21,success_ever,54,0.560700,0.440710,0.557170,300
act_rep_w21,21,success_ever,55,0.557297,0.439835,0.558726,300
act_rep_w21,21,success_ever,56,0.558215,0.441375,0.560339,300
act_rep_w21,21,success_ever,57,0.558596,0.439344,0.556083,300
act_rep_w21,21,success_ever,58,0.552259,0.437709,0.551928,300
act_rep_w21,21,success_ever,59,0.553088,0.438105,0.552350,300
act_rep_w21,21,success_ever,60,0.548207,0.437034,0.554130,300
act_rep_w21,21,success_ever,61,0.552416,0.442318,0.557906,300
act_rep_w21,21,success_ever,62,0.554409,0.442232,0.556584,300
act_rep_w21,21,success_ever,63,0.547938,0.439254,0.555557,300
act_rep_w21,21,success_ever,64,0.538220,0.442951,0.555537,300
act_rep_w21,21,success_ever,65,0.539026,0.444521,0.554699,300
act_rep_w21,21,success_ever,66,0.544669,0.444780,0.556896,300
act_rep_w21,21,success_ever,67,0.547647,0.448060,0.559808,300
act_rep_w21,21,success_ever,68,0.546035,0.448096,0.558092,300
act_rep_w21,21,success_ever,69,0.549214,0.453525,0.562797,300
act_rep_w21,21,success_ever,70,0.551811,0.456874,0.566077,300
act_rep_w21,21,success_ever,71,0.556491,0.462546,0.568703,300
act_rep_w21,21,success_ever,72,0.559335,0.469142,0.575397,300
act_rep_w21,21,success_ever,73,0.552461,0.468951,0.575728,300
act_rep_w21,21,success_ever,74,0.553379,0.472900,0.584012,300
act_rep_w21,21,success_ever,75,0.558596,0.477531,0.589075,300
act_rep_w21,21,success_ever,76,0.561350,0.479621,0.588728,300
act_rep_w21,21,success_ever,77,0.560141,0.478477,0.587765,300
act_rep_w21,21,success_ever,78,0.566858,0.482064,0.590552,300
act_rep_w21,21,success_ever,79,0.574224,0.481884,0.589758,300
act_rep_w21,21,success_ever,80,0.568962,0.484483,0.589258,300
act_rep_w21,21,success_ever,81,0.563857,0.485180,0.589712,300
act_rep_w21,21,success_ever,82,0.563880,0.486408,0.588599,300
act_rep_w21,21,success_ever,83,0.559245,0.488782,0.589721,300
act_rep_w21,21,success_ever,84,0.562648,0.495780,0.596102,300
act_rep_w21,21,success_ever,85,0.584389,0.498632,0.602667,300
act_rep_w21,21,success_ever,86,0.587636,0.501228,0.602960,300
act_rep_w21,21,success_ever,87,0.594264,0.504963,0.606226,300
act_rep_w21,21,success_ever,88,0.595294,0.505252,0.605953,300
act_rep_w21,21,success_ever,89,0.607183,0.507320,0.610296,300
act_rep_w21,21,success_ever,90,0.605772,0.510184,0.610324,300
act_rep_w21,21,success_ever,91,0.599906,0.510828,0.611654,300
act_rep_w21,21,success_ever,92,0.598070,0.509824,0.610444,300
act_rep_w21,21,success_ever,93,0.595226,0.507868,0.610433,300
act_rep_w21,21,success_ever,94,0.592159,0.506307,0.608227,300
act_rep_w21,21,success_ever,95,0.582285,0.503266,0.606736,300
act_rep_w21,21,success_ever,96,0.586449,0.503206,0.606513,300
act_rep_w21,21,success_ever,97,0.577516,0.499703,0.606200,300
act_rep_w21,21,success_ever,98,0.578254,0.498746,0.606007,300
act_rep_w21,21,success_ever,99,0.572612,0.496973,0.604941,300
act_rep_w21,21,success_ever,100,0.572657,0.498183,0.604836,300
act_rep_w21,21,success_ever,101,0.573060,0.501111,0.606521,300
act_rep_w21,21,success_ever,102,0.580561,0.496392,0.606490,300
act_rep_w21,21,success_ever,103,0.581949,0.494274,0.604546,300
act_rep_w21,21,success_ever,104,0.586964,0.494276,0.605617,300
act_rep_w21,21,success_ever,105,0.583024,0.494468,0.602826,300
act_rep_w21,21,success_ever,106,0.575232,0.493497,0.598716,300
act_rep_w21,21,success_ever,107,0.583024,0.491959,0.600580,300
act_rep_w21,21,success_ever,108,0.581613,0.488795,0.598901,300
act_rep_w21,21,success_ever,109,0.586046,0.491404,0.602034,300
act_rep_w21,21,success_ever,110,0.582106,0.494604,0.605977,300
act_rep_w21,21,success_ever,111,0.582397,0.493719,0.602838,300
act_rep_w21,21,success_ever,112,0.586225,0.493013,0.602354,300
act_rep_w21,21,success_ever,113,0.588532,0.489498,0.602105,300
act_rep_w21,21,success_ever,114,0.584837,0.488821,0.598437,300
act_rep_w21,21,success_ever,115,0.587233,0.492757,0.597731,300
act_rep_w21,21,success_ever,116,0.595450,0.489649,0.595671,300
act_rep_w21,21,success_ever,117,0.587323,0.487773,0.594051,300
act_rep_w21,21,success_ever,118,0.595249,0.484594,0.594726,300
act_rep_w21,21,success_ever,119,0.606444,0.485145,0.595477,300
act_rep_w21,21,success_ever,120,0.601406,0.480605,0.594355,300
act_rep_w21,21,success_ever,121,0.599682,0.482779,0.595079,300
act_rep_w21,21,success_ever,122,0.599301,0.476576,0.592725,300
act_rep_w21,21,success_ever,123,0.599816,0.480618,0.595676,300
act_rep_w21,21,success_ever,124,0.599592,0.479589,0.593449,300
act_rep_w21,21,success_ever,125,0.603959,0.475576,0.589649,300
act_rep_w21,21,success_ever,126,0.608146,0.473685,0.587080,300
act_rep_w21,21,success_ever,127,0.618512,0.472684,0.587391,300
act_rep_w21,21,success_ever,128,0.613878,0.473856,0.590316,300
act_rep_w21,21,success_ever,129,0.618154,0.471582,0.584736,300
act_rep_w21,21,success_ever,130,0.615624,0.470152,0.582841,300
act_rep_w21,21,success_ever,131,0.613833,0.466460,0.581665,300
act_rep_w21,21,success_ever,132,0.608773,0.462762,0.579957,300
act_rep_w21,21,success_ever,133,0.606892,0.465977,0.579357,300
act_rep_w21,21,success_ever,134,0.611907,0.463808,0.580280,300
act_rep_w21,21,success_ever,135,0.612422,0.464723,0.578840,300
act_rep_w21,21,success_ever,136,0.604653,0.463762,0.580317,300
act_rep_w21,21,success_ever,137,0.602190,0.464684,0.582717,300
act_rep_w21,21,success_ever,138,0.600555,0.462115,0.580527,300
act_rep_w21,21,success_ever,139,0.596435,0.460386,0.580641,300
act_rep_w21,21,success_ever,140,0.595025,0.458722,0.580386,300
act_rep_w21,21,success_ever,141,0.606645,0.461063,0.581887,300
act_rep_w21,21,success_ever,142,0.610721,0.460023,0.580210,300
act_rep_w21,21,success_ever,143,0.615445,0.464477,0.582334,300
act_rep_w21,21,success_ever,144,0.621446,0.464233,0.578589,300
act_rep_w21,21,success_ever,145,0.629394,0.468553,0.585004,300
act_rep_w21,21,success_ever,146,0.635014,0.472666,0.586441,300
act_rep_w21,21,success_ever,147,0.643746,0.475085,0.588689,300
act_rep_w21,21,success_ever,148,0.646993,0.478617,0.592274,300
act_rep_w21,21,success_ever,149,0.644911,0.476431,0.591226,300
act_rep_w21,21,success_ever,150,0.639134,0.476980,0.590061,300
act_rep_w21,21,success_ever,151,0.649165,0.480993,0.593831,300
act_rep_w21,21,success_ever,152,0.650419,0.481789,0.593778,300
act_rep_w21,21,success_ever,153,0.656330,0.481856,0.593282,300
act_rep_w21,21,success_ever,154,0.657808,0.482861,0.595098,300
act_rep_w21,21,success_ever,155,0.653106,0.484642,0.596145,300
act_rep_w21,21,success_ever,156,0.653665,0.482958,0.595968,300
act_rep_w21,21,success_ever,157,0.655277,0.486073,0.597779,300
act_rep_w21,21,success_ever,158,0.661435,0.488372,0.598102,300
act_rep_w21,21,success_ever,159,0.668756,0.493830,0.604235,300
act_rep_w21,21,success_ever,160,0.673436,0.493215,0.601567,300
act_rep_w21,21,success_ever,161,0.677623,0.496506,0.606077,300
act_rep_w21,21,success_ever,162,0.668197,0.498945,0.607907,300
act_rep_w21,21,success_ever,163,0.669339,0.497671,0.607302,300
act_rep_w21,21,success_ever,164,0.666697,0.495084,0.607417,300
act_rep_w21,21,success_ever,165,0.654942,0.494514,0.603905,300
act_rep_w21,21,success_ever,166,0.644015,0.493226,0.604162,300
act_rep_w21,21,success_ever,167,0.634163,0.490632,0.604653,300
act_rep_w21,21,success_ever,168,0.630043,0.487522,0.601352,300
act_rep_w21,21,success_ever,169,0.628006,0.480728,0.597360,300
act_rep_w21,21,success_ever,170,0.635775,0.477643,0.593019,300
act_rep_w21,21,success_ever,171,0.643343,0.474687,0.590039,300
act_rep_w21,21,success_ever,172,0.641843,0.469750,0.584164,300
act_rep_w21,21,success_ever,173,0.642963,0.469524,0.581955,300
act_rep_w21,21,success_ever,174,0.641955,0.468381,0.580723,300
act_rep_w21,21,success_ever,175,0.648516,0.466614,0.580207,300
act_rep_w21,21,success_ever,176,0.659061,0.467799,0.581826,300
act_rep_w21,21,success_ever,177,0.661166,0.464943,0.580185,300
act_rep_w21,21,success_ever,178,0.656957,0.460185,0.572296,300
act_rep_w21,21,success_ever,179,0.652210,0.455140,0.570522,300
act_rep_w21,21,success_ever,180,0.657158,0.453402,0.567091,300
act_rep_w21,21,success_ever,181,0.653934,0.450091,0.565405,300
act_rep_w21,21,success_ever,182,0.638037,0.446395,0.563582,300
act_rep_w21,21,success_ever,183,0.637141,0.445115,0.562895,300
act_rep_w21,21,success_ever,184,0.636693,0.448420,0.567963,300
act_rep_w21,21,success_ever,185,0.643814,0.447222,0.565137,300
act_rep_w21,21,success_ever,186,0.640231,0.448585,0.564452,300
act_rep_w21,21,success_ever,187,0.649680,0.448175,0.565115,300
act_rep_w21,21,success_ever,188,0.650867,0.447788,0.560904,300
act_rep_w21,21,success_ever,189,0.653509,0.450605,0.563192,300
act_rep_w21,21,success_ever,190,0.652411,0.453922,0.566955,300
act_rep_w21,21,success_ever,191,0.657405,0.459758,0.569744,300
act_rep_w21,21,success_ever,192,0.657472,0.462017,0.573849,300
act_rep_w21,21,success_ever,193,0.659061,0.462558,0.573687,300
act_rep_w21,21,success_ever,194,0.655165,0.462320,0.573573,300
act_rep_w21,21,success_ever,195,0.659733,0.465134,0.576509,300
act_rep_w21,21,success_ever,196,0.659644,0.463246,0.574843,300
act_rep_w21,21,success_ever,197,0.666070,0.463294,0.575154,300
act_rep_w21,21,success_ever,198,0.670615,0.467086,0.579779,300
act_rep_w21,21,success_ever,199,0.671690,0.468329,0.582720,300
act_rep_w21,21,success_ever,200,0.678228,0.465426,0.579896,300
act_rep_w21,21,success_ever,201,0.679705,0.466700,0.582000,300
act_rep_w21,21,success_ever,202,0.685930,0.469434,0.582557,300
act_rep_w21,21,success_ever,203,0.695311,0.466660,0.578465,300
act_rep_w21,21,success_ever,204,0.691281,0.466073,0.577050,300
act_rep_w21,21,success_ever,205,0.686131,0.461811,0.575430,300
act_rep_w21,21,success_ever,206,0.686311,0.460872,0.573600,300
act_rep_w21,21,success_ever,207,0.694237,0.461782,0.572891,300
act_rep_w21,21,success_ever,208,0.692065,0.462106,0.571683,300
act_rep_w21,21,success_ever,209,0.690318,0.461832,0.573321,300
act_rep_w21,21,success_ever,210,0.692871,0.459761,0.571720,300
act_rep_w21,21,success_ever,211,0.691012,0.460126,0.569235,300
act_rep_w21,21,success_ever,212,0.681631,0.455855,0.567239,300
act_rep_w21,21,success_ever,213,0.688975,0.456719,0.568597,300
act_rep_w21,21,success_ever,214,0.685997,0.452592,0.566223,300
act_rep_w21,21,success_ever,215,0.683064,0.453621,0.567940,300
act_rep_w21,21,success_ever,216,0.683153,0.451763,0.567870,300
act_rep_w21,21,success_ever,217,0.684519,0.452705,0.568921,300
act_rep_w21,21,success_ever,218,0.683780,0.451360,0.567832,300
act_rep_w21,21,success_ever,219,0.684721,0.448720,0.561581,300
act_rep_w21,21,success_ever,220,0.682795,0.445721,0.561345,300
act_rep_w21,21,success_ever,221,0.669137,0.443733,0.560099,300
act_rep_w21,21,success_ever,222,0.661547,0.443297,0.560484,300
act_rep_w21,21,success_ever,223,0.658927,0.443866,0.559395,300
act_rep_w21,21,success_ever,224,0.654158,0.445272,0.560936,300
act_rep_w21,21,success_ever,225,0.654964,0.447177,0.563628,300
act_rep_w21,21,success_ever,226,0.654583,0.446713,0.562759,300
act_rep_w21,21,success_ever,227,0.655501,0.448052,0.565449,300
act_rep_w21,21,success_ever,228,0.655457,0.442901,0.562548,300
act_rep_w21,21,success_ever,229,0.651449,0.441510,0.560794,300
act_rep_w21,21,success_ever,230,0.647933,0.442351,0.560856,300
act_rep_w21,21,success_ever,231,0.640813,0.441357,0.559621,300
act_rep_w21,21,success_ever,232,0.634589,0.440794,0.560459,300
act_rep_w21,21,success_ever,233,0.633760,0.436982,0.557860,300
act_rep_w21,21,success_ever,234,0.627446,0.432193,0.552284,300
act_rep_w21,21,success_ever,235,0.621110,0.429959,0.550241,300
act_rep_w21,21,success_ever,236,0.613116,0.430923,0.548254,300
act_rep_w21,21,success_ever,237,0.606422,0.430067,0.547228,300
act_rep_w21,21,success_ever,238,0.599301,0.429400,0.547626,300
act_rep_w21,21,success_ever,239,0.601451,0.432463,0.549083,300
act_rep_w21,21,success_ever,240,0.598585,0.433157,0.548934,300
act_rep_w21,21,success_ever,241,0.595092,0.434254,0.550541,300
act_rep_w21,21,success_ever,242,0.606869,0.437463,0.552933,300
act_rep_w21,21,success_ever,243,0.604250,0.438748,0.554104,300
act_rep_w21,21,success_ever,244,0.609288,0.435335,0.553448,300
act_rep_w21,21,success_ever,245,0.615848,0.435526,0.550917,300
act_rep_w21,21,success_ever,246,0.617953,0.432027,0.548955,300
act_rep_w21,21,success_ever,247,0.617281,0.436454,0.551502,300
act_rep_w21,21,success_ever,248,0.614616,0.433306,0.549932,300
act_rep_w21,21,success_ever,249,0.611661,0.432424,0.550518,300
act_rep_w21,21,success_ever,250,0.607496,0.435012,0.551382,300
act_rep_w21,21,success_ever,251,0.607787,0.434406,0.551258,300
act_rep_w21,21,success_ever,252,0.606489,0.432849,0.550334,300
act_rep_w21,21,success_ever,253,0.598652,0.431314,0.549299,300
act_rep_w21,21,success_ever,254,0.594667,0.432153,0.549741,300
act_rep_w21,21,success_ever,255,0.593413,0.435023,0.552729,300
act_rep_w21,21,success_ever,256,0.591622,0.437860,0.555912,300
act_rep_w21,21,success_ever,257,0.592808,0.440870,0.559224,300
act_rep_w21,21,success_ever,258,0.589226,0.441760,0.556663,300
act_rep_w21,21,success_ever,259,0.588845,0.441157,0.558492,300
act_rep_w21,21,success_ever,260,0.584994,0.439520,0.561354,300
act_rep_w21,21,success_ever,261,0.588576,0.441516,0.561044,300
act_rep_w21,21,success_ever,262,0.592875,0.442832,0.561725,300
act_rep_w21,21,success_ever,263,0.591375,0.442620,0.559122,300
act_rep_w21,21,success_ever,264,0.592517,0.443799,0.559007,300
act_rep_w21,21,success_ever,265,0.587658,0.441404,0.558316,300
act_rep_w21,21,success_ever,266,0.591062,0.441713,0.558253,300
act_rep_w21,21,success_ever,267,0.594958,0.443416,0.560858,300
act_rep_w21,21,success_ever,268,0.588688,0.441423,0.559291,300
act_rep_w21,21,success_ever,269,0.586852,0.443859,0.561176,300
act_rep_w21,21,success_ever,270,0.588464,0.442449,0.560871,300
act_rep_w21,21,success_ever,271,0.588397,0.442534,0.560458,300
act_rep_w21,21,success_ever,272,0.588867,0.442580,0.560918,300
act_rep_w21,21,success_ever,273,0.589338,0.438803,0.559335,300
act_rep_w21,21,success_ever,274,0.592383,0.439517,0.558710,300
act_rep_w21,21,success_ever,275,0.596950,0.438931,0.558484,300
act_rep_w21,21,success_ever,276,0.601048,0.439363,0.559191,300
act_rep_w21,21,success_ever,277,0.603197,0.440284,0.559660,300
act_rep_w21,21,success_ever,278,0.600981,0.437549,0.557589,300
act_rep_w21,21,success_ever,279,0.605884,0.439170,0.560206,300
act_rep_w21,21,success_ever,280,0.606668,0.439431,0.558933,300
act_rep_w21,21,success_ever,281,0.603511,0.436447,0.554196,300
act_rep_w21,21,success_ever,282,0.602100,0.434820,0.552734,300
act_rep_w21,21,success_ever,283,0.601384,0.433979,0.550078,300
act_rep_w21,21,success_ever,284,0.604205,0.433540,0.549543,300
act_rep_w21,21,success_ever,285,0.607250,0.432132,0.548965,300
act_rep_w21,21,success_ever,286,0.607160,0.431526,0.546879,300
act_rep_w21,21,success_ever,287,0.606310,0.430376,0.546597,300
act_rep_w21,21,success_ever,288,0.605302,0.430902,0.547358,300
act_rep_w21,21,success_ever,289,0.608750,0.432121,0.549736,300
act_rep_w21,21,success_ever,290,0.612870,0.430926,0.549938,300
act_rep_w21,21,success_ever,291,0.610116,0.433340,0.552644,300
act_rep_w21,21,success_ever,292,0.611168,0.435218,0.553724,300
act_rep_w21,21,success_ever,293,0.606780,0.436199,0.553567,300
act_rep_w21,21,success_ever,294,0.609153,0.438593,0.556188,300
act_rep_w21,21,success_ever,295,0.610026,0.437840,0.558563,300
act_rep_w21,21,success_ever,296,0.609064,0.434593,0.556920,300
act_rep_w21,21,success_ever,297,0.608481,0.436223,0.555404,300
act_rep_w21,21,success_ever,298,0.606063,0.435776,0.555336,300
act_rep_w21,21,success_ever,299,0.604026,0.436539,0.555197,300
act_rep_w21,21,success_ever,300,0.603376,0.436507,0.552957,300
act_rep_w21,21,success_ever,301,0.600354,0.436021,0.554036,300
act_rep_w21,21,success_ever,302,0.605145,0.440142,0.558469,300
act_rep_w21,21,success_ever,303,0.603332,0.442558,0.558893,300
act_rep_w21,21,success_ever,304,0.601899,0.444290,0.560755,300
act_rep_w21,21,success_ever,305,0.601720,0.447085,0.562654,300
act_rep_w21,21,success_ever,306,0.597331,0.444606,0.560656,300
act_rep_w21,21,success_ever,307,0.597085,0.448658,0.562309,300
act_rep_w21,21,success_ever,308,0.600085,0.449618,0.562716,300
act_rep_w21,21,success_ever,309,0.598473,0.447747,0.561869,300
act_rep_w21,21,success_ever,310,0.599996,0.447447,0.562438,300
act_rep_w21,21,success_ever,311,0.597286,0.447134,0.563613,300
act_rep_w21,21,success_ever,312,0.593771,0.445978,0.562137,300
act_rep_w21,21,success_ever,313,0.594331,0.446330,0.563327,300
act_rep_w21,21,success_ever,314,0.599481,0.448193,0.563410,300
act_rep_w21,21,success_ever,315,0.595920,0.447523,0.563880,300
act_rep_w21,21,success_ever,316,0.591039,0.445419,0.562349,300
act_rep_w21,21,success_ever,317,0.591263,0.444718,0.561986,300
act_rep_w21,21,success_ever,318,0.587569,0.443238,0.561825,300
act_rep_w21,21,success_ever,319,0.589517,0.442307,0.560686,300
act_rep_w21,21,success_ever,320,0.589696,0.441484,0.562026,300
act_rep_w21,21,success_ever,321,0.586069,0.440662,0.561216,300
act_rep_w21,21,success_ever,322,0.586405,0.439560,0.561171,300
act_rep_w21,21,success_ever,323,0.581568,0.437956,0.557145,300
act_rep_w21,21,success_ever,324,0.581568,0.438847,0.560254,300
act_rep_w21,21,success_ever,325,0.580046,0.437597,0.559085,300
act_rep_w21,21,success_ever,326,0.581389,0.436824,0.559227,300
act_rep_w21,21,success_ever,327,0.582486,0.436637,0.559070,300
act_rep_w21,21,success_ever,328,0.581658,0.433722,0.556612,300
act_rep_w21,21,success_ever,329,0.579934,0.433394,0.556562,300
act_rep_w21,21,success_ever,330,0.579128,0.434253,0.554933,300
act_rep_w21,21,success_ever,331,0.575120,0.435462,0.553680,300
act_rep_w21,21,success_ever,332,0.574963,0.433850,0.552921,300
act_rep_w21,21,success_ever,333,0.577448,0.433292,0.554291,300
act_rep_w21,21,success_ever,334,0.574627,0.430089,0.553611,300
act_rep_w21,21,success_ever,335,0.571985,0.429816,0.553809,300
act_rep_w21,21,success_ever,336,0.569522,0.432070,0.551569,300
act_rep_w21,21,success_ever,337,0.569701,0.432494,0.552263,300
act_rep_w21,21,success_ever,338,0.567373,0.435202,0.554299,300
act_rep_w21,21,success_ever,339,0.567306,0.435043,0.555426,300
act_rep_w21,21,success_ever,340,0.567328,0.434391,0.555132,300
act_rep_w21,21,success_ever,341,0.564977,0.432042,0.552253,300
act_rep_w21,21,success_ever,342,0.568828,0.431954,0.551016,300
act_rep_w21,21,success_ever,343,0.569455,0.429245,0.549741,300
act_rep_w21,21,success_ever,344,0.573217,0.430983,0.548690,300
act_rep_w21,21,success_ever,345,0.571582,0.430699,0.549084,300
act_rep_w21,21,success_ever,346,0.573306,0.432652,0.549621,300
act_rep_w21,21,success_ever,347,0.570955,0.431516,0.553156,300
act_rep_w21,21,success_ever,348,0.569724,0.431378,0.552255,300
act_rep_w21,21,success_ever,349,0.569992,0.432155,0.553099,300
act_rep_w21,21,success_ever,350,0.564350,0.431343,0.552462,300
act_rep_w21,21,success_ever,351,0.561820,0.428579,0.550481,300
act_rep_w21,21,success_ever,352,0.562156,0.425663,0.548367,300
act_rep_w21,21,success_ever,353,0.564977,0.425898,0.548408,300
act_rep_w21,21,success_ever,354,0.563007,0.425157,0.545812,300
act_rep_w21,21,success_ever,355,0.562290,0.426399,0.548524,300
act_rep_w21,21,success_ever,356,0.555394,0.425808,0.547069,300
act_rep_w21,21,success_ever,357,0.557163,0.425079,0.548246,300
act_rep_w21,21,success_ever,358,0.555483,0.424734,0.548813,300
act_rep_w21,21,success_ever,359,0.557185,0.425794,0.545512,300
act_rep_w21,21,success_ever,360,0.554453,0.424272,0.547145,300
act_rep_w21,21,success_ever,361,0.551296,0.423771,0.547491,300
act_rep_w21,21,success_ever,362,0.548766,0.423660,0.547002,300
act_rep_w21,21,success_ever,363,0.549304,0.427007,0.546947,300
act_rep_w21,21,success_ever,364,0.547602,0.427543,0.548991,300
act_rep_w21,21,success_ever,365,0.551834,0.430294,0.547869,300
act_rep_w21,21,success_ever,366,0.554745,0.430026,0.549847,300
act_rep_w21,21,success_ever,367,0.554968,0.429250,0.550327,300
act_rep_w21,21,success_ever,368,0.557946,0.430754,0.550053,300
act_rep_w21,21,success_ever,369,0.558461,0.432604,0.548505,300
act_rep_w21,21,success_ever,370,0.556536,0.433678,0.549754,300
act_rep_w21,21,success_ever,371,0.558640,0.432881,0.550544,300
act_rep_w21,21,success_ever,372,0.560476,0.435376,0.551301,300
act_rep_w21,21,success_ever,373,0.564104,0.435100,0.551975,300
act_rep_w21,21,success_ever,374,0.565134,0.435044,0.551836,300
act_rep_w21,21,success_ever,375,0.565044,0.438096,0.553963,300
act_rep_w21,21,success_ever,376,0.565649,0.436138,0.552402,300
act_rep_w21,21,success_ever,377,0.571851,0.435872,0.551650,300
act_rep_w21,21,success_ever,378,0.572299,0.437616,0.551099,300
act_rep_w21,21,success_ever,379,0.577851,0.437166,0.551574,300
act_rep_w21,21,success_ever,380,0.575747,0.437389,0.551952,300
act_rep_w21,21,success_ever,381,0.574851,0.435918,0.554003,300
act_rep_w21,21,success_ever,382,0.573620,0.437380,0.552830,300
act_rep_w21,21,success_ever,383,0.570060,0.437926,0.550872,300
act_rep_w21,21,success_ever,384,0.566186,0.436989,0.548898,300
act_rep_w21,21,success_ever,385,0.567126,0.436360,0.551076,300
act_rep_w21,21,success_ever,386,0.562245,0.436470,0.549737,300
act_rep_w21,21,success_ever,387,0.558349,0.435286,0.548389,300
act_rep_w21,21,success_ever,388,0.554364,0.435591,0.548777,300
act_rep_w21,21,success_ever,389,0.551744,0.435602,0.551664,300
act_rep_w21,21,success_ever,390,0.549684,0.435314,0.552577,300
act_rep_w21,21,success_ever,391,0.545945,0.435131,0.551594,300
act_rep_w21,21,success_ever,392,0.546393,0.435284,0.552569,300
act_rep_w21,21,success_ever,393,0.548923,0.435286,0.554648,300
act_rep_w21,21,success_ever,394,0.542273,0.436499,0.554779,300
act_rep_w21,21,success_ever,395,0.535847,0.438623,0.554477,300
act_rep_w21,21,success_ever,396,0.534168,0.437488,0.551926,300
act_rep_w21,21,success_ever,397,0.531548,0.437747,0.551930,300
act_rep_w21,21,success_ever,398,0.531033,0.437125,0.551537,300
act_rep_w21,21,success_ever,399,0.527943,0.436859,0.551324,300
act_rep_w21,21,success_ever,400,0.527809,0.437135,0.550491,300
act_rep_w21,21,success_ever,401,0.527160,0.437295,0.550010,300
act_rep_w21,21,success_ever,402,0.525928,0.435469,0.550200,300
act_rep_w21,21,success_ever,403,0.527540,0.437767,0.549886,300
act_rep_w21,21,success_ever,404,0.532108,0.438055,0.552252,300
act_rep_w21,21,success_ever,405,0.531033,0.438018,0.552138,300
act_rep_w21,21,success_ever,406,0.530899,0.437483,0.550884,300
act_rep_w21,21,success_ever,407,0.533295,0.436044,0.550564,300
act_rep_w21,21,success_ever,408,0.536340,0.433881,0.551647,300
act_rep_w21,21,success_ever,409,0.538803,0.436375,0.550270,300
act_rep_w21,21,success_ever,410,0.534839,0.434227,0.547984,300
act_rep_w21,21,success_ever,411,0.533765,0.431059,0.546034,300
act_rep_w21,21,success_ever,412,0.533250,0.428999,0.544887,300
act_rep_w21,21,success_ever,413,0.532309,0.428571,0.545216,300
act_rep_w21,21,success_ever,414,0.529488,0.427543,0.541185,300
act_rep_w21,21,success_ever,415,0.531772,0.425411,0.542787,300
act_rep_w21,21,success_ever,416,0.533384,0.424028,0.544446,300
act_rep_w21,21,success_ever,417,0.533586,0.424587,0.543910,300
act_rep_w21,21,success_ever,418,0.537929,0.425224,0.542481,300
act_rep_w21,21,success_ever,419,0.538847,0.425571,0.543870,300
act_rep_w21,21,success_ever,420,0.539071,0.426633,0.543337,300
act_rep_w21,21,success_ever,421,0.538220,0.423904,0.541468,300
act_rep_w21,21,success_ever,422,0.536452,0.424118,0.540702,300
act_rep_w21,21,success_ever,423,0.541109,0.427119,0.543595,300
act_rep_w21,21,success_ever,424,0.544199,0.427626,0.542687,300
act_rep_w21,21,success_ever,425,0.544579,0.425106,0.542576,300
act_rep_w21,21,success_ever,426,0.550580,0.425282,0.544514,300
act_rep_w21,21,success_ever,427,0.549707,0.423498,0.541268,300
act_rep_w21,21,success_ever,428,0.544870,0.422370,0.540444,300
act_rep_w21,21,success_ever,429,0.542945,0.423044,0.540346,300
act_rep_w21,21,success_ever,430,0.541086,0.423253,0.539338,300
act_rep_w21,21,success_ever,431,0.536362,0.421353,0.538632,300
act_rep_w21,21,success_ever,432,0.536810,0.421677,0.541273,300
act_rep_w21,21,success_ever,433,0.537526,0.422210,0.542638,300
act_rep_w21,21,success_ever,434,0.534974,0.421789,0.544013,300
act_rep_w21,21,success_ever,435,0.531145,0.423396,0.544378,300
act_rep_w21,21,success_ever,436,0.529063,0.422496,0.541311,300
act_rep_w21,21,success_ever,437,0.530115,0.422484,0.540825,300
act_rep_w21,21,success_ever,438,0.530876,0.422347,0.540594,300
act_rep_w21,21,success_ever,439,0.529578,0.421419,0.538971,300
act_rep_w21,21,success_ever,440,0.527876,0.422834,0.538602,300
act_rep_w21,21,success_ever,441,0.532421,0.424295,0.541066,300
act_rep_w21,21,success_ever,442,0.533362,0.424675,0.542189,300
act_rep_w21,21,success_ever,443,0.535713,0.424515,0.542478,300
act_rep_w21,21,success_ever,444,0.538937,0.427074,0.544871,300
act_rep_w21,21,success_ever,445,0.537459,0.425892,0.544449,300
act_rep_w21,21,success_ever,446,0.536228,0.426849,0.545386,300
act_rep_w21,21,success_ever,447,0.533586,0.425592,0.544161,300
act_rep_w21,21,success_ever,448,0.537190,0.428477,0.541877,300
act_rep_w21,21,success_ever,449,0.541870,0.426714,0.542892,300
act_rep_w21,21,success_ever,450,0.543057,0.424880,0.541962,300
act_rep_w21,21,success_ever,451,0.546482,0.427050,0.542095,300
act_rep_w21,21,success_ever,452,0.552349,0.427334,0.544146,300
act_rep_w21,21,success_ever,453,0.550849,0.427671,0.544960,300
act_rep_w21,21,success_ever,454,0.556200,0.427717,0.547007,300
act_rep_w21,21,success_ever,455,0.560118,0.429797,0.547438,300
act_rep_w21,21,success_ever,456,0.563969,0.429280,0.548969,300
act_rep_w21,21,success_ever,457,0.563611,0.427298,0.547835,300
act_rep_w21,21,success_ever,458,0.565290,0.427343,0.548325,300
act_rep_w21,21,success_ever,459,0.564529,0.429044,0.550200,300
act_rep_w21,21,success_ever,460,0.561865,0.427767,0.548098,300
act_rep_w21,21,success_ever,461,0.562827,0.431703,0.549843,300
act_rep_w21,21,success_ever,462,0.561171,0.429016,0.550717,300
act_rep_w21,21,success_ever,463,0.557700,0.427544,0.550060,300
act_rep_w21,21,success_ever,464,0.554879,0.428728,0.550805,300
act_rep_w21,21,success_ever,465,0.552416,0.428006,0.550120,300
act_rep_w21,21,success_ever,466,0.547624,0.427157,0.549853,300
act_rep_w21,21,success_ever,467,0.547781,0.426566,0.547939,300
act_rep_w21,21,success_ever,468,0.551632,0.426247,0.550812,300
act_rep_w21,21,success_ever,469,0.548833,0.427485,0.550648,300
act_rep_w21,21,success_ever,470,0.549886,0.427027,0.549910,300
act_rep_w21,21,success_ever,471,0.550871,0.428327,0.548640,300
act_rep_w21,21,success_ever,472,0.550759,0.428899,0.548026,300
act_rep_w21,21,success_ever,473,0.548654,0.428001,0.548353,300
act_rep_w21,21,success_ever,474,0.550580,0.427781,0.549642,300
act_rep_w21,21,success_ever,475,0.549214,0.427755,0.550170,300
act_rep_w21,21,success_ever,476,0.548968,0.425326,0.550561,300
act_rep_w21,21,success_ever,477,0.549326,0.423580,0.550158,300
act_rep_w21,21,success_ever,478,0.549841,0.425477,0.551121,300
act_rep_w21,21,success_ever,479,0.547423,0.426465,0.551478,300
act_rep_w21,21,success_ever,480,0.544154,0.426221,0.551889,300
act_rep_w21,21,success_ever,481,0.541176,0.427223,0.552413,300
act_rep_w21,21,success_ever,482,0.544131,0.427599,0.553246,300
act_rep_w21,21,success_ever,483,0.544736,0.427982,0.553652,300
act_rep_w21,21,success_ever,484,0.544938,0.429851,0.553882,300
act_rep_w21,21,success_ever,485,0.546169,0.430184,0.554084,300
act_rep_w21,21,success_ever,486,0.544870,0.429356,0.554592,300
act_rep_w21,21,success_ever,487,0.548475,0.431745,0.553518,300
act_rep_w21,21,success_ever,488,0.550334,0.431591,0.552831,300
act_rep_w21,21,success_ever,489,0.547983,0.430176,0.551364,300
act_rep_w21,21,success_ever,490,0.542542,0.426964,0.548097,300
act_rep_w21,21,success_ever,491,0.540101,0.427361,0.548055,300
act_rep_w21,21,success_ever,492,0.535847,0.428258,0.547158,300
act_rep_w21,21,success_ever,493,0.535265,0.430651,0.548706,300
act_rep_w21,21,success_ever,494,0.533720,0.431671,0.552143,300
act_rep_w21,21,success_ever,495,0.531548,0.433383,0.552546,300
act_rep_w21,21,success_ever,496,0.530249,0.431904,0.550580,300
act_rep_w21,21,success_ever,497,0.526667,0.430758,0.549446,300
act_rep_w21,21,success_ever,498,0.524271,0.431329,0.550114,300
act_rep_w21,21,success_ever,499,0.527272,0.431762,0.551401,300
act_rep_w21,21,success_ever,500,0.522681,0.428706,0.550032,300
act_rep_w21,21,success_ever,501,0.519301,0.428261,0.550851,300
act_rep_w21,21,success_ever,502,0.519905,0.430037,0.551840,300
act_rep_w21,21,success_ever,503,0.523622,0.430724,0.553205,300
act_rep_w21,21,success_ever,504,0.526174,0.430548,0.552989,300
act_rep_w21,21,success_ever,505,0.527876,0.431392,0.554577,300
act_rep_w21,21,success_ever,506,0.526174,0.429939,0.552408,300
act_rep_w21,21,success_ever,507,0.524921,0.429063,0.553442,300
act_rep_w21,21,success_ever,508,0.525413,0.428889,0.555197,300
act_rep_w21,21,success_ever,509,0.525615,0.431413,0.557511,300
act_rep_w21,21,success_ever,510,0.526040,0.432266,0.557059,300
act_rep_w21,21,success_ever,511,0.529152,0.434792,0.559358,300
act_rep_w21,21,success_ever,512,0.528436,0.435843,0.559834,300
act_rep_w21,21,success_ever,513,0.535332,0.438155,0.562807,300
act_rep_w21,21,success_ever,514,0.535422,0.437532,0.562007,300
act_rep_w21,21,success_ever,515,0.537862,0.437427,0.562543,300
act_rep_w21,21,success_ever,516,0.534862,0.435265,0.560921,300
act_rep_w21,21,success_ever,517,0.537728,0.438664,0.563546,300
act_rep_w21,21,success_ever,518,0.541736,0.440322,0.562554,300
act_rep_w21,21,success_ever,519,0.546639,0.440693,0.563394,300
act_dir_w21,21,success_ever,2,0.402286,0.330194,0.599364,60
act_dir_w21,21,success_ever,3,0.454609,0.383437,0.604297,78
act_dir_w21,21,success_ever,4,0.443212,0.410580,0.599576,118
act_dir_w21,21,success_ever,5,0.458949,0.421068,0.590278,143
act_dir_w21,21,success_ever,6,0.442821,0.422001,0.574737,178
act_dir_w21,21,success_ever,7,0.452492,0.415531,0.564890,191
act_dir_w21,21,success_ever,8,0.453097,0.419717,0.560868,212
act_dir_w21,21,success_ever,9,0.503365,0.423354,0.563239,224
act_dir_w21,21,success_ever,10,0.520073,0.422644,0.561154,234
act_dir_w21,21,success_ever,11,0.502696,0.420113,0.553513,241
act_dir_w21,21,success_ever,12,0.486266,0.421940,0.558623,248
act_dir_w21,21,success_ever,13,0.498136,0.423927,0.558888,252
act_dir_w21,21,success_ever,14,0.504786,0.431169,0.562345,259
act_dir_w21,21,success_ever,15,0.519325,0.427583,0.558176,259
act_dir_w21,21,success_ever,16,0.554982,0.430690,0.556793,260
act_dir_w21,21,success_ever,17,0.554263,0.430437,0.557429,264
act_dir_w21,21,success_ever,18,0.560798,0.436448,0.563204,265
act_dir_w21,21,success_ever,19,0.564916,0.442555,0.571840,265
act_dir_w21,21,success_ever,20,0.560512,0.439740,0.565693,265
act_dir_w21,21,success_ever,21,0.553480,0.438066,0.565244,264
act_dir_w21,21,success_ever,22,0.551500,0.446454,0.580589,262
act_dir_w21,21,success_ever,23,0.533553,0.444069,0.572584,261
act_dir_w21,21,success_ever,24,0.558145,0.441838,0.570521,263
act_dir_w21,21,success_ever,25,0.570302,0.446812,0.572618,264
act_dir_w21,21,success_ever,26,0.566629,0.443351,0.571330,265
act_dir_w21,21,success_ever,27,0.561508,0.441950,0.571214,266
act_dir_w21,21,success_ever,28,0.577305,0.439153,0.572142,266
act_dir_w21,21,success_ever,29,0.587812,0.438028,0.572592,266
act_dir_w21,21,success_ever,30,0.586529,0.443660,0.578255,266
act_dir_w21,21,success_ever,31,0.589683,0.447247,0.581237,263
act_dir_w21,21,success_ever,32,0.585985,0.451364,0.583516,258
act_dir_w21,21,success_ever,33,0.575644,0.452284,0.583735,260
act_dir_w21,21,success_ever,34,0.564089,0.454427,0.585643,260
act_dir_w21,21,success_ever,35,0.544399,0.453533,0.585744,264
act_dir_w21,21,success_ever,36,0.543597,0.459011,0.584401,263
act_dir_w21,21,success_ever,37,0.518001,0.457260,0.583557,264
act_dir_w21,21,success_ever,38,0.509022,0.454216,0.584663,262
act_dir_w21,21,success_ever,39,0.510543,0.457814,0.585455,263
act_dir_w21,21,success_ever,40,0.500233,0.458430,0.586674,262
act_dir_w21,21,success_ever,41,0.502025,0.459523,0.587260,263
act_dir_w21,21,success_ever,42,0.508114,0.457036,0.585010,260
act_dir_w21,21,success_ever,43,0.493631,0.452867,0.577181,263
act_dir_w21,21,success_ever,44,0.491941,0.443849,0.569996,261
act_dir_w21,21,success_ever,45,0.491263,0.444144,0.573398,256
act_dir_w21,21,success_ever,46,0.492116,0.441543,0.568758,255
act_dir_w21,21,success_ever,47,0.513013,0.451569,0.574439,256
act_dir_w21,21,success_ever,48,0.529081,0.448189,0.572737,256
act_dir_w21,21,success_ever,49,0.505254,0.445220,0.574450,256
act_dir_w21,21,success_ever,50,0.507665,0.444287,0.571672,254
act_dir_w21,21,success_ever,51,0.497271,0.442368,0.570044,257
act_dir_w21,21,success_ever,52,0.498242,0.449760,0.575571,257
act_dir_w21,21,success_ever,53,0.523830,0.448133,0.580718,257
act_dir_w21,21,success_ever,54,0.542348,0.440117,0.571598,257
act_dir_w21,21,success_ever,55,0.525233,0.441643,0.570683,258
act_dir_w21,21,success_ever,56,0.544355,0.441544,0.569145,254
act_dir_w21,21,success_ever,57,0.532738,0.444518,0.570010,254
act_dir_w21,21,success_ever,58,0.541004,0.444292,0.573340,251
act_dir_w21,21,success_ever,59,0.542578,0.446609,0.570372,248
act_dir_w21,21,success_ever,60,0.531117,0.442819,0.566809,249
act_dir_w21,21,success_ever,61,0.543343,0.443510,0.574453,249
act_dir_w21,21,success_ever,62,0.539760,0.446121,0.580077,251
act_dir_w21,21,success_ever,63,0.556309,0.454572,0.577675,253
act_dir_w21,21,success_ever,64,0.559200,0.458390,0.583808,253
act_dir_w21,21,success_ever,65,0.557983,0.462917,0.590855,249
act_dir_w21,21,success_ever,66,0.572715,0.460005,0.592020,247
act_dir_w21,21,success_ever,67,0.575597,0.456781,0.588722,246
act_dir_w21,21,success_ever,68,0.564655,0.449281,0.580092,246
act_dir_w21,21,success_ever,69,0.556753,0.457724,0.586140,248
act_dir_w21,21,success_ever,70,0.580031,0.457747,0.589540,249
act_dir_w21,21,success_ever,71,0.578321,0.458654,0.587606,253
act_dir_w21,21,success_ever,72,0.579897,0.454712,0.587594,249
act_dir_w21,21,success_ever,73,0.585534,0.460205,0.589318,247
act_dir_w21,21,success_ever,74,0.573512,0.459859,0.590459,245
act_dir_w21,21,success_ever,75,0.580987,0.461061,0.592323,243
act_dir_w21,21,success_ever,76,0.592920,0.456172,0.588253,239
act_dir_w21,21,success_ever,77,0.569212,0.453965,0.588464,237
act_dir_w21,21,success_ever,78,0.567118,0.458762,0.591263,242
act_dir_w21,21,success_ever,79,0.574864,0.455751,0.589282,243
act_dir_w21,21,success_ever,80,0.560112,0.446157,0.582542,243
act_dir_w21,21,success_ever,81,0.534884,0.443954,0.580834,242
act_dir_w21,21,success_ever,82,0.528506,0.443048,0.576381,242
act_dir_w21,21,success_ever,83,0.534684,0.450709,0.583180,242
act_dir_w21,21,success_ever,84,0.542228,0.454488,0.591398,243
act_dir_w21,21,success_ever,85,0.550570,0.452269,0.586016,243
act_dir_w21,21,success_ever,86,0.544772,0.449595,0.584576,240
act_dir_w21,21,success_ever,87,0.546602,0.451535,0.587695,243
act_dir_w21,21,success_ever,88,0.522336,0.454304,0.589216,238
act_dir_w21,21,success_ever,89,0.515523,0.450012,0.584576,235
act_dir_w21,21,success_ever,90,0.507695,0.446680,0.582102,235
act_dir_w21,21,success_ever,91,0.515659,0.447820,0.582194,235
act_dir_w21,21,success_ever,92,0.510518,0.445730,0.573682,235
act_dir_w21,21,success_ever,93,0.521642,0.441911,0.573284,236
act_dir_w21,21,success_ever,94,0.516595,0.439925,0.571417,236
act_dir_w21,21,success_ever,95,0.518913,0.435584,0.567665,235
act_dir_w21,21,success_ever,96,0.508294,0.436931,0.563276,234
act_dir_w21,21,success_ever,97,0.491808,0.438153,0.564921,238
act_dir_w21,21,success_ever,98,0.506394,0.434054,0.558790,236
act_dir_w21,21,success_ever,99,0.522829,0.441426,0.569188,234
act_dir_w21,21,success_ever,100,0.507751,0.447485,0.578848,235
act_dir_w21,21,success_ever,101,0.530643,0.447267,0.579993,235
act_dir_w21,21,success_ever,102,0.532260,0.453160,0.576103,237
act_dir_w21,21,success_ever,103,0.523210,0.451147,0.580454,233
act_dir_w21,21,success_ever,104,0.531281,0.448352,0.579644,228
act_dir_w21,21,success_ever,105,0.502938,0.437266,0.569762,226
act_dir_w21,21,success_ever,106,0.505786,0.432400,0.565573,230
act_dir_w21,21,success_ever,107,0.521739,0.430912,0.564467,233
act_dir_w21,21,success_ever,108,0.518299,0.429891,0.561237,231
act_dir_w21,21,success_ever,109,0.510082,0.427750,0.557696,234
act_dir_w21,21,success_ever,110,0.478293,0.429464,0.561232,232
act_dir_w21,21,success_ever,111,0.492279,0.434704,0.560682,231
act_dir_w21,21,success_ever,112,0.482718,0.435682,0.561017,234
act_dir_w21,21,success_ever,113,0.475575,0.437016,0.563999,236
act_dir_w21,21,success_ever,114,0.467212,0.427608,0.557512,233
act_dir_w21,21,success_ever,115,0.491815,0.440214,0.571053,235
act_dir_w21,21,success_ever,116,0.501666,0.441470,0.572101,235
act_dir_w21,21,success_ever,117,0.516462,0.442005,0.570309,232
act_dir_w21,21,success_ever,118,0.537618,0.450345,0.582687,230
act_dir_w21,21,success_ever,119,0.525293,0.455870,0.584689,230
act_dir_w21,21,success_ever,120,0.540691,0.452737,0.584408,232
act_dir_w21,21,success_ever,121,0.553916,0.456276,0.588853,234
act_dir_w21,21,success_ever,122,0.537067,0.453751,0.589454,233
act_dir_w21,21,success_ever,123,0.539130,0.448329,0.582362,227
act_dir_w21,21,success_ever,124,0.543478,0.451429,0.584870,229
act_dir_w21,21,success_ever,125,0.552806,0.453633,0.583808,232
act_dir_w21,21,success_ever,126,0.568526,0.462958,0.596023,231
act_dir_w21,21,success_ever,127,0.582832,0.464006,0.596456,232
act_dir_w21,21,success_ever,128,0.585838,0.466748,0.597756,233
act_dir_w21,21,success_ever,129,0.576291,0.460846,0.597795,232
act_dir_w21,21,success_ever,130,0.572326,0.458238,0.595352,234
act_dir_w21,21,success_ever,131,0.559007,0.456465,0.590444,232
act_dir_w21,21,success_ever,132,0.584275,0.463174,0.599045,232
act_dir_w21,21,success_ever,133,0.586937,0.459063,0.599049,234
act_dir_w21,21,success_ever,134,0.586735,0.461711,0.598908,233
act_dir_w21,21,success_ever,135,0.585507,0.454530,0.594781,234
act_dir_w21,21,success_ever,136,0.577792,0.454785,0.592725,235
act_dir_w21,21,success_ever,137,0.579531,0.452305,0.593001,235
act_dir_w21,21,success_ever,138,0.579320,0.460499,0.597044,240
act_dir_w21,21,success_ever,139,0.567170,0.463170,0.598281,236
act_dir_w21,21,success_ever,140,0.575145,0.446851,0.589108,235
act_dir_w21,21,success_ever,141,0.567082,0.441958,0.585376,235
act_dir_w21,21,success_ever,142,0.580580,0.447506,0.589947,235
act_dir_w21,21,success_ever,143,0.585385,0.446302,0.588189,234
act_dir_w21,21,success_ever,144,0.580294,0.447457,0.585866,237
act_dir_w21,21,success_ever,145,0.585254,0.444654,0.583756,235
act_dir_w21,21,success_ever,146,0.601817,0.449613,0.585962,232
act_dir_w21,21,success_ever,147,0.599868,0.441817,0.575639,234
act_dir_w21,21,success_ever,148,0.602777,0.443691,0.580974,236
act_dir_w21,21,success_ever,149,0.594271,0.437076,0.575780,232
act_dir_w21,21,success_ever,150,0.603756,0.443186,0.577206,229
act_dir_w21,21,success_ever,151,0.605855,0.445598,0.573602,228
act_dir_w21,21,success_ever,152,0.615253,0.447315,0.578892,232
act_dir_w21,21,success_ever,153,0.602628,0.448631,0.583098,231
act_dir_w21,21,success_ever,154,0.608518,0.447653,0.582831,232
act_dir_w21,21,success_ever,155,0.622454,0.444994,0.580572,230
act_dir_w21,21,success_ever,156,0.594427,0.447824,0.583327,233
act_dir_w21,21,success_ever,157,0.610307,0.456378,0.593149,234
act_dir_w21,21,success_ever,158,0.607881,0.454971,0.591509,233
act_dir_w21,21,success_ever,159,0.606257,0.453108,0.587229,233
act_dir_w21,21,success_ever,160,0.611267,0.446653,0.583595,230
act_dir_w21,21,success_ever,161,0.611927,0.451082,0.585349,229
act_dir_w21,21,success_ever,162,0.603672,0.450233,0.583700,225
act_dir_w21,21,success_ever,163,0.597433,0.453379,0.585060,228
act_dir_w21,21,success_ever,164,0.599764,0.451235,0.586364,226
act_dir_w21,21,success_ever,165,0.601681,0.446257,0.586331,224
act_dir_w21,21,success_ever,166,0.578608,0.437868,0.576415,222
act_dir_w21,21,success_ever,167,0.570297,0.430015,0.566155,223
act_dir_w21,21,success_ever,168,0.570613,0.430620,0.572686,222
act_dir_w21,21,success_ever,169,0.558538,0.426941,0.566484,222
act_dir_w21,21,success_ever,170,0.563061,0.430360,0.574890,220
act_dir_w21,21,success_ever,171,0.542124,0.428228,0.569935,220
act_dir_w21,21,success_ever,172,0.560174,0.424868,0.572721,217
act_dir_w21,21,success_ever,173,0.570740,0.425897,0.564785,218
act_dir_w21,21,success_ever,174,0.559645,0.419623,0.562152,223
act_dir_w21,21,success_ever,175,0.568318,0.423957,0.562741,226
act_dir_w21,21,success_ever,176,0.579545,0.419969,0.563343,220
act_dir_w21,21,success_ever,177,0.566844,0.416675,0.561768,223
act_dir_w21,21,success_ever,178,0.576509,0.415280,0.557204,225
act_dir_w21,21,success_ever,179,0.570251,0.422501,0.567630,226
act_dir_w21,21,success_ever,180,0.554391,0.423085,0.565807,228
act_dir_w21,21,success_ever,181,0.537997,0.412217,0.557015,229
act_dir_w21,21,success_ever,182,0.525579,0.403658,0.545944,227
act_dir_w21,21,success_ever,183,0.539832,0.402653,0.545782,223
act_dir_w21,21,success_ever,184,0.524204,0.400541,0.539397,220
act_dir_w21,21,success_ever,185,0.522298,0.401293,0.542007,220
act_dir_w21,21,success_ever,186,0.520087,0.393519,0.537445,219
act_dir_w21,21,success_ever,187,0.525917,0.397169,0.538119,221
act_dir_w21,21,success_ever,188,0.527401,0.397878,0.535603,219
act_dir_w21,21,success_ever,189,0.551794,0.396844,0.539200,218
act_dir_w21,21,success_ever,190,0.550106,0.400673,0.542857,218
act_dir_w21,21,success_ever,191,0.530595,0.396292,0.541129,218
act_dir_w21,21,success_ever,192,0.537926,0.395861,0.537928,216
act_dir_w21,21,success_ever,193,0.533602,0.402602,0.535619,214
act_dir_w21,21,success_ever,194,0.528347,0.400113,0.540189,210
act_dir_w21,21,success_ever,195,0.532655,0.403381,0.537043,213
act_dir_w21,21,success_ever,196,0.538516,0.399472,0.536603,214
act_dir_w21,21,success_ever,197,0.535773,0.402382,0.542837,216
act_dir_w21,21,success_ever,198,0.532025,0.403512,0.549797,214
act_dir_w21,21,success_ever,199,0.519587,0.398300,0.540820,216
act_dir_w21,21,success_ever,200,0.530779,0.399096,0.542328,216
act_dir_w21,21,success_ever,201,0.547036,0.396803,0.538321,214
act_dir_w21,21,success_ever,202,0.520751,0.395436,0.539072,207
act_dir_w21,21,success_ever,203,0.507712,0.399289,0.535959,205
act_dir_w21,21,success_ever,204,0.512427,0.392852,0.532287,207
act_dir_w21,21,success_ever,205,0.540061,0.394955,0.536626,205
act_dir_w21,21,success_ever,206,0.544785,0.400608,0.542564,205
act_dir_w21,21,success_ever,207,0.556651,0.397573,0.535751,205
act_dir_w21,21,success_ever,208,0.538910,0.391074,0.528388,207
act_dir_w21,21,success_ever,209,0.556801,0.393572,0.534304,206
act_dir_w21,21,success_ever,210,0.568122,0.392846,0.540102,204
act_dir_w21,21,success_ever,211,0.589245,0.400586,0.542812,206
act_dir_w21,21,success_ever,212,0.596479,0.399712,0.543395,205
act_dir_w21,21,success_ever,213,0.565336,0.387178,0.530285,207
act_dir_w21,21,success_ever,214,0.575702,0.392520,0.534440,205
act_dir_w21,21,success_ever,215,0.570888,0.396498,0.537969,207
act_dir_w21,21,success_ever,216,0.592232,0.402844,0.543190,209
act_dir_w21,21,success_ever,217,0.589202,0.410357,0.548870,206
act_dir_w21,21,success_ever,218,0.606546,0.409093,0.551968,204
act_dir_w21,21,success_ever,219,0.614334,0.412786,0.556646,202
act_dir_w21,21,success_ever,220,0.619290,0.412183,0.556448,202
act_dir_w21,21,success_ever,221,0.614347,0.415547,0.565939,200
act_dir_w21,21,success_ever,222,0.619676,0.420973,0.572724,199
act_dir_w21,21,success_ever,223,0.622117,0.434287,0.579167,202
act_dir_w21,21,success_ever,224,0.625097,0.430304,0.578625,204
act_dir_w21,21,success_ever,225,0.622024,0.430477,0.576947,208
act_dir_w21,21,success_ever,226,0.595721,0.430548,0.577821,207
act_dir_w21,21,success_ever,227,0.606614,0.429702,0.572330,208
act_dir_w21,21,success_ever,228,0.598332,0.435481,0.579919,205
act_dir_w21,21,success_ever,229,0.615226,0.435379,0.582645,207
act_dir_w21,21,success_ever,230,0.619653,0.441725,0.580592,209
act_dir_w21,21,success_ever,231,0.603686,0.440378,0.583739,210
act_dir_w21,21,success_ever,232,0.588759,0.434973,0.580027,203
act_dir_w21,21,success_ever,233,0.589388,0.433340,0.580306,200
act_dir_w21,21,success_ever,234,0.589300,0.440212,0.586955,199
act_dir_w21,21,success_ever,235,0.588390,0.439777,0.586561,199
act_dir_w21,21,success_ever,236,0.588018,0.438087,0.586728,198
act_dir_w21,21,success_ever,237,0.567308,0.427293,0.578963,199
act_dir_w21,21,success_ever,238,0.551393,0.429948,0.582687,198
act_dir_w21,21,success_ever,239,0.547977,0.435941,0.579725,200
act_dir_w21,21,success_ever,240,0.584487,0.430555,0.578379,202
act_dir_w21,21,success_ever,241,0.595575,0.434663,0.582225,204
act_dir_w21,21,success_ever,242,0.576239,0.435556,0.586583,204
act_dir_w21,21,success_ever,243,0.572832,0.431649,0.585462,200
act_dir_w21,21,success_ever,244,0.560775,0.422474,0.576129,201
act_dir_w21,21,success_ever,245,0.570772,0.424763,0.580436,198
act_dir_w21,21,success_ever,246,0.544516,0.412498,0.561038,197
act_dir_w21,21,success_ever,247,0.562551,0.426382,0.574870,199
act_dir_w21,21,success_ever,248,0.525484,0.415615,0.563436,196
act_dir_w21,21,success_ever,249,0.551887,0.418595,0.563863,198
act_dir_w21,21,success_ever,250,0.548613,0.422398,0.569035,196
act_dir_w21,21,success_ever,251,0.530183,0.414533,0.562447,191
act_dir_w21,21,success_ever,252,0.515741,0.410808,0.557444,192
act_dir_w21,21,success_ever,253,0.533674,0.391882,0.551162,192
act_dir_w21,21,success_ever,254,0.562776,0.408732,0.559695,191
act_dir_w21,21,success_ever,255,0.567282,0.412017,0.564227,189
act_dir_w21,21,success_ever,256,0.567474,0.412966,0.569723,186
act_dir_w21,21,success_ever,257,0.547710,0.396923,0.553046,183
act_dir_w21,21,success_ever,258,0.549144,0.401112,0.551904,185
act_dir_w21,21,success_ever,259,0.555928,0.402664,0.555432,180
act_dir_w21,21,success_ever,260,0.563576,0.399357,0.550837,178
act_dir_w21,21,success_ever,261,0.529969,0.406172,0.554698,183
act_dir_w21,21,success_ever,262,0.525181,0.405295,0.558726,184
act_dir_w21,21,success_ever,263,0.523472,0.396882,0.550884,175
act_dir_w21,21,success_ever,264,0.539727,0.395636,0.552369,173
act_dir_w21,21,success_ever,265,0.525050,0.399067,0.555979,174
act_dir_w21,21,success_ever,266,0.532083,0.404681,0.557812,170
act_dir_w21,21,success_ever,267,0.553264,0.406360,0.565230,168
act_dir_w21,21,success_ever,268,0.553606,0.411690,0.574762,157
act_dir_w21,21,success_ever,269,0.563852,0.410244,0.569626,158
act_dir_w21,21,success_ever,270,0.536140,0.407553,0.571461,151
act_dir_w21,21,success_ever,271,0.527863,0.404842,0.569204,153
act_dir_w21,21,success_ever,272,0.538701,0.416620,0.577528,152
act_dir_w21,21,success_ever,273,0.548648,0.414275,0.581001,151
act_dir_w21,21,success_ever,274,0.546341,0.423458,0.591458,157
act_dir_w21,21,success_ever,275,0.545691,0.428390,0.596418,157
act_dir_w21,21,success_ever,276,0.535915,0.421019,0.585753,151
act_dir_w21,21,success_ever,277,0.529684,0.410023,0.583694,150
act_dir_w21,21,success_ever,278,0.548292,0.416914,0.595155,152
act_dir_w21,21,success_ever,279,0.553387,0.424102,0.598766,155
act_dir_w21,21,success_ever,280,0.550514,0.429403,0.595902,153
act_dir_w21,21,success_ever,281,0.515015,0.420960,0.591340,155
act_dir_w21,21,success_ever,282,0.509318,0.407158,0.586424,151
act_dir_w21,21,success_ever,283,0.499333,0.404093,0.576966,155
act_dir_w21,21,success_ever,284,0.497954,0.400416,0.575743,150
act_dir_w21,21,success_ever,285,0.486106,0.396622,0.574825,145
act_dir_w21,21,success_ever,286,0.501443,0.400883,0.579747,149
act_dir_w21,21,success_ever,287,0.499444,0.400770,0.577282,147
act_dir_w21,21,success_ever,288,0.482066,0.396367,0.578947,146
act_dir_w21,21,success_ever,289,0.479596,0.383430,0.564203,149
act_dir_w21,21,success_ever,290,0.497863,0.389465,0.563576,150
act_dir_w21,21,success_ever,291,0.473556,0.388866,0.561124,152
act_dir_w21,21,success_ever,292,0.469474,0.387051,0.561456,154
act_dir_w21,21,success_ever,293,0.460657,0.382865,0.553986,153
act_dir_w21,21,success_ever,294,0.465402,0.381763,0.548929,151
act_dir_w21,21,success_ever,295,0.461890,0.374560,0.542553,151
act_dir_w21,21,success_ever,296,0.459858,0.370999,0.540932,152
act_dir_w21,21,success_ever,297,0.478632,0.367718,0.543769,150
act_dir_w21,21,success_ever,298,0.467357,0.374584,0.550009,151
act_dir_w21,21,success_ever,299,0.486842,0.380631,0.555591,149
act_dir_w21,21,success_ever,300,0.474517,0.379480,0.545281,144
act_dir_w21,21,success_ever,301,0.443725,0.370567,0.541372,143
act_dir_w21,21,success_ever,302,0.454396,0.373055,0.544716,148
act_dir_w21,21,success_ever,303,0.467532,0.385693,0.555761,143
act_dir_w21,21,success_ever,304,0.463964,0.399577,0.575915,140
act_dir_w21,21,success_ever,305,0.433294,0.402008,0.578650,143
act_dir_w21,21,success_ever,306,0.437307,0.399093,0.577122,144
act_dir_w21,21,success_ever,307,0.487729,0.402125,0.579949,144
act_dir_w21,21,success_ever,308,0.462857,0.391323,0.567151,145
act_dir_w21,21,success_ever,309,0.467566,0.388485,0.566606,141
act_dir_w21,21,success_ever,310,0.476181,0.398059,0.574330,140
act_dir_w21,21,success_ever,311,0.428952,0.392702,0.568244,140
act_dir_w21,21,success_ever,312,0.481018,0.398549,0.568368,143
act_dir_w21,21,success_ever,313,0.507983,0.395772,0.572707,138
act_dir_w21,21,success_ever,314,0.513235,0.400986,0.580888,138
act_dir_w21,21,success_ever,315,0.515126,0.400870,0.587642,138
act_dir_w21,21,success_ever,316,0.519316,0.398286,0.579117,141
act_dir_w21,21,success_ever,317,0.522692,0.398418,0.580930,143
act_dir_w21,21,success_ever,318,0.532871,0.398564,0.583132,138
act_dir_w21,21,success_ever,319,0.528743,0.404453,0.596207,134
act_dir_w21,21,success_ever,320,0.516703,0.398547,0.582748,135
act_dir_w21,21,success_ever,321,0.522834,0.410982,0.592839,137
act_dir_w21,21,success_ever,322,0.540725,0.411555,0.602602,137
act_dir_w21,21,success_ever,323,0.547101,0.412488,0.597809,141
act_dir_w21,21,success_ever,324,0.543249,0.405249,0.585215,143
act_dir_w21,21,success_ever,325,0.553378,0.398485,0.580486,140
act_dir_w21,21,success_ever,326,0.575424,0.389192,0.565344,140
act_dir_w21,21,success_ever,327,0.604697,0.391636,0.561646,143
act_dir_w21,21,success_ever,328,0.594682,0.392724,0.576725,141
act_dir_w21,21,success_ever,329,0.552866,0.402637,0.584835,142
act_dir_w21,21,success_ever,330,0.560116,0.393773,0.580705,139
act_dir_w21,21,success_ever,331,0.564209,0.389763,0.577239,139
act_dir_w21,21,success_ever,332,0.554286,0.393023,0.572997,140
act_dir_w21,21,success_ever,333,0.560966,0.399329,0.581073,141
act_dir_w21,21,success_ever,334,0.592460,0.404789,0.580106,142
act_dir_w21,21,success_ever,335,0.567347,0.393952,0.570513,140
act_dir_w21,21,success_ever,336,0.575930,0.399408,0.572079,143
act_dir_w21,21,success_ever,337,0.555533,0.390768,0.562633,141
act_dir_w21,21,success_ever,338,0.555302,0.384365,0.551536,139
act_dir_w21,21,success_ever,339,0.542046,0.384138,0.556545,139
act_dir_w21,21,success_ever,340,0.549233,0.395102,0.565823,137
act_dir_w21,21,success_ever,341,0.548309,0.398419,0.569547,135
act_dir_w21,21,success_ever,342,0.532104,0.417993,0.577981,139
act_dir_w21,21,success_ever,343,0.548529,0.417441,0.579101,138
act_dir_w21,21,success_ever,344,0.552174,0.415730,0.579840,139
act_dir_w21,21,success_ever,345,0.541306,0.416452,0.590572,136
act_dir_w21,21,success_ever,346,0.550430,0.414376,0.595178,133
act_dir_w21,21,success_ever,347,0.518182,0.409278,0.595242,131
act_dir_w21,21,success_ever,348,0.533482,0.409427,0.593730,127
act_dir_w21,21,success_ever,349,0.507568,0.411533,0.595288,128
act_dir_w21,21,success_ever,350,0.544643,0.421791,0.607014,127
act_dir_w21,21,success_ever,351,0.562019,0.421519,0.611117,129
act_dir_w21,21,success_ever,352,0.553846,0.418244,0.608317,132
act_dir_w21,21,success_ever,353,0.526740,0.415347,0.602380,128
act_dir_w21,21,success_ever,354,0.541880,0.415445,0.601433,128
act_dir_w21,21,success_ever,355,0.516137,0.410336,0.602177,125
act_dir_w21,21,success_ever,356,0.499610,0.414436,0.601737,124
act_dir_w21,21,success_ever,357,0.461198,0.413130,0.607388,124
act_dir_w21,21,success_ever,358,0.493856,0.422855,0.615929,125
act_dir_w21,21,success_ever,359,0.506425,0.431241,0.623453,126
act_dir_w21,21,success_ever,360,0.496472,0.435789,0.622234,126
act_dir_w21,21,success_ever,361,0.490635,0.429756,0.621349,124
act_dir_w21,21,success_ever,362,0.508418,0.418029,0.613924,129
act_dir_w21,21,success_ever,363,0.514442,0.427225,0.615969,124
act_dir_w21,21,success_ever,364,0.514286,0.426381,0.621888,123
act_dir_w21,21,success_ever,365,0.511559,0.435984,0.635640,122
act_dir_w21,21,success_ever,366,0.503448,0.433209,0.635138,118
act_dir_w21,21,success_ever,367,0.516374,0.437242,0.633743,117
act_dir_w21,21,success_ever,368,0.520238,0.441906,0.637420,116
act_dir_w21,21,success_ever,369,0.500908,0.452138,0.644623,115
act_dir_w21,21,success_ever,370,0.510369,0.453366,0.640385,118
act_dir_w21,21,success_ever,371,0.501043,0.434543,0.631142,116
act_dir_w21,21,success_ever,372,0.516129,0.434266,0.631650,117
act_dir_w21,21,success_ever,373,0.541667,0.445688,0.645185,114
act_dir_w21,21,success_ever,374,0.559877,0.445394,0.642817,114
act_dir_w21,21,success_ever,375,0.523030,0.443060,0.632433,115
act_dir_w21,21,success_ever,376,0.485028,0.430502,0.627484,119
act_dir_w21,21,success_ever,377,0.523479,0.431566,0.623114,120
act_dir_w21,21,success_ever,378,0.538136,0.431972,0.631327,119
act_dir_w21,21,success_ever,379,0.501669,0.423296,0.619308,120
act_dir_w21,21,success_ever,380,0.495838,0.409699,0.612135,116
act_dir_w21,21,success_ever,381,0.481835,0.408617,0.599464,114
act_dir_w21,21,success_ever,382,0.485902,0.400993,0.601835,113
act_dir_w21,21,success_ever,383,0.513712,0.409223,0.605322,112
act_dir_w21,21,success_ever,384,0.512413,0.404785,0.611675,110
act_dir_w21,21,success_ever,385,0.495375,0.397396,0.599043,112
act_dir_w21,21,success_ever,386,0.481806,0.396210,0.599359,111
act_dir_w21,21,success_ever,387,0.479426,0.396568,0.591708,112
act_dir_w21,21,success_ever,388,0.437947,0.384489,0.577989,111
act_dir_w21,21,success_ever,389,0.448727,0.376334,0.575825,105
act_dir_w21,21,success_ever,390,0.464171,0.379302,0.587983,106
act_dir_w21,21,success_ever,391,0.461407,0.388601,0.586261,108
act_dir_w21,21,success_ever,392,0.455918,0.393758,0.591903,108
act_dir_w21,21,success_ever,393,0.467707,0.421068,0.622283,105
act_dir_w21,21,success_ever,394,0.409722,0.396221,0.595524,110
act_dir_w21,21,success_ever,395,0.424528,0.384545,0.577813,109
act_dir_w21,21,success_ever,396,0.439590,0.397114,0.591541,110
act_dir_w21,21,success_ever,397,0.449934,0.404605,0.600238,110
act_dir_w21,21,success_ever,398,0.418545,0.395776,0.593688,105
act_dir_w21,21,success_ever,399,0.420321,0.377225,0.588620,106
act_dir_w21,21,success_ever,400,0.480702,0.383285,0.592394,107
act_dir_w21,21,success_ever,401,0.441964,0.362634,0.575442,108
act_dir_w21,21,success_ever,402,0.495108,0.374072,0.573186,107
act_dir_w21,21,success_ever,403,0.538690,0.390924,0.592038,110
act_dir_w21,21,success_ever,404,0.523320,0.395603,0.589088,108
act_dir_w21,21,success_ever,405,0.525253,0.388658,0.579126,109
act_dir_w21,21,success_ever,406,0.537763,0.381836,0.581703,105
act_dir_w21,21,success_ever,407,0.552885,0.378648,0.589773,104
act_dir_w21,21,success_ever,408,0.604862,0.388963,0.598567,105
act_dir_w21,21,success_ever,409,0.594276,0.403357,0.606900,109
act_dir_w21,21,success_ever,410,0.615166,0.407218,0.613405,106
act_dir_w21,21,success_ever,411,0.580278,0.399636,0.609068,106
act_dir_w21,21,success_ever,412,0.566923,0.394735,0.613721,102
act_dir_w21,21,success_ever,413,0.563078,0.394637,0.609093,104
act_dir_w21,21,success_ever,414,0.543269,0.379639,0.605689,104
act_dir_w21,21,success_ever,415,0.548252,0.398573,0.606311,107
act_dir_w21,21,success_ever,416,0.545485,0.414381,0.616149,109
act_dir_w21,21,success_ever,417,0.546471,0.422659,0.618644,107
act_dir_w21,21,success_ever,418,0.539966,0.405182,0.609628,108
act_dir_w21,21,success_ever,419,0.524573,0.410569,0.614228,106
act_dir_w21,21,success_ever,420,0.545000,0.404638,0.611748,102
act_dir_w21,21,success_ever,421,0.542899,0.415913,0.626331,104
act_dir_w21,21,success_ever,422,0.549965,0.416127,0.627602,107
act_dir_w21,21,success_ever,423,0.536700,0.414230,0.615315,109
act_dir_w21,21,success_ever,424,0.519402,0.404633,0.614004,106
act_dir_w21,21,success_ever,425,0.540067,0.398209,0.607719,109
act_dir_w21,21,success_ever,426,0.501596,0.402258,0.601021,112
act_dir_w21,21,success_ever,427,0.487964,0.399020,0.599875,111
act_dir_w21,21,success_ever,428,0.476033,0.398801,0.600345,110
act_dir_w21,21,success_ever,429,0.435690,0.384212,0.586227,109
act_dir_w21,21,success_ever,430,0.473377,0.385780,0.583616,111
act_dir_w21,21,success_ever,431,0.456198,0.396795,0.597511,110
act_dir_w21,21,success_ever,432,0.497185,0.391253,0.595039,107
act_dir_w21,21,success_ever,433,0.467931,0.392378,0.598536,108
act_dir_w21,21,success_ever,434,0.468136,0.383708,0.594620,109
act_dir_w21,21,success_ever,435,0.474440,0.384954,0.592554,107
act_dir_w21,21,success_ever,436,0.487993,0.388785,0.582500,114
act_dir_w21,21,success_ever,437,0.495683,0.390946,0.580708,112
act_dir_w21,21,success_ever,438,0.460563,0.391967,0.584221,114
act_dir_w21,21,success_ever,439,0.491803,0.389796,0.577701,114
act_dir_w21,21,success_ever,440,0.535107,0.388322,0.583104,114
act_dir_w21,21,success_ever,441,0.533820,0.401813,0.609265,110
act_dir_w21,21,success_ever,442,0.542265,0.401895,0.596974,112
act_dir_w21,21,success_ever,443,0.539911,0.407403,0.606731,112
act_dir_w21,21,success_ever,444,0.521531,0.416334,0.614808,112
act_dir_w21,21,success_ever,445,0.525641,0.417350,0.617696,109
act_dir_w21,21,success_ever,446,0.515056,0.404634,0.604883,107
act_dir_w21,21,success_ever,447,0.529412,0.417985,0.619999,107
act_dir_w21,21,success_ever,448,0.509477,0.411764,0.614422,111
act_dir_w21,21,success_ever,449,0.507515,0.412598,0.615733,112
act_dir_w21,21,success_ever,450,0.523077,0.413217,0.616994,112
act_dir_w21,21,success_ever,451,0.548682,0.412485,0.621836,109
act_dir_w21,21,success_ever,452,0.522237,0.418976,0.617971,109
act_dir_w21,21,success_ever,453,0.517792,0.410790,0.621101,105
act_dir_w21,21,success_ever,454,0.547567,0.416662,0.628962,105
act_dir_w21,21,success_ever,455,0.533120,0.416299,0.633645,106
act_dir_w21,21,success_ever,456,0.531382,0.421939,0.633497,102
act_dir_w21,21,success_ever,457,0.494167,0.428985,0.649253,98
act_dir_w21,21,success_ever,458,0.507705,0.425742,0.645243,98
act_dir_w21,21,success_ever,459,0.503265,0.421189,0.645079,99
act_dir_w21,21,success_ever,460,0.500800,0.408395,0.633715,100
act_dir_w21,21,success_ever,461,0.459054,0.407908,0.624764,102
act_dir_w21,21,success_ever,462,0.461176,0.407165,0.628552,101
act_dir_w21,21,success_ever,463,0.484706,0.431343,0.641011,101
act_dir_w21,21,success_ever,464,0.463333,0.432386,0.650015,98
act_dir_w21,21,success_ever,465,0.443944,0.428115,0.642797,99
act_dir_w21,21,success_ever,466,0.446715,0.419998,0.633939,100
act_dir_w21,21,success_ever,467,0.478523,0.424963,0.636824,100
act_dir_w21,21,success_ever,468,0.476515,0.429897,0.638754,100
act_dir_w21,21,success_ever,469,0.466346,0.411915,0.629063,100
act_dir_w21,21,success_ever,470,0.450865,0.392905,0.593073,101
act_dir_w21,21,success_ever,471,0.435458,0.382152,0.585525,99
act_dir_w21,21,success_ever,472,0.427727,0.392677,0.606033,94
act_dir_w21,21,success_ever,473,0.452288,0.392130,0.607424,96
act_dir_w21,21,success_ever,474,0.440363,0.392102,0.598313,94
act_dir_w21,21,success_ever,475,0.447111,0.387239,0.597783,95
act_dir_w21,21,success_ever,476,0.464681,0.381555,0.597889,97
act_dir_w21,21,success_ever,477,0.500870,0.396471,0.612204,96
act_dir_w21,21,success_ever,478,0.496454,0.395102,0.612898,95
act_dir_w21,21,success_ever,479,0.496599,0.389711,0.604846,97
act_dir_w21,21,success_ever,480,0.502264,0.388596,0.599106,94
act_dir_w21,21,success_ever,481,0.510417,0.385645,0.605007,94
act_dir_w21,21,success_ever,482,0.490741,0.368261,0.584664,93
act_dir_w21,21,success_ever,483,0.497225,0.387107,0.600578,93
act_dir_w21,21,success_ever,484,0.466446,0.392518,0.611793,92
act_dir_w21,21,success_ever,485,0.404167,0.376363,0.595340,93
act_dir_w21,21,success_ever,486,0.426920,0.376844,0.594889,93
act_dir_w21,21,success_ever,487,0.436673,0.370481,0.587574,92
act_dir_w21,21,success_ever,488,0.426873,0.367344,0.585924,88
act_dir_w21,21,success_ever,489,0.403794,0.353048,0.571276,86
act_dir_w21,21,success_ever,490,0.430562,0.345873,0.571688,90
act_dir_w21,21,success_ever,491,0.406000,0.359297,0.577440,90
act_dir_w21,21,success_ever,492,0.425521,0.360196,0.572394,88
act_dir_w21,21,success_ever,493,0.385417,0.366276,0.583349,88
act_dir_w21,21,success_ever,494,0.388729,0.352482,0.575297,84
act_dir_w21,21,success_ever,495,0.400805,0.363183,0.588228,84
act_dir_w21,21,success_ever,496,0.389075,0.348303,0.582065,85
act_dir_w21,21,success_ever,497,0.382775,0.358699,0.599461,82
act_dir_w21,21,success_ever,498,0.418919,0.375084,0.598878,83
act_dir_w21,21,success_ever,499,0.409854,0.376795,0.601517,85
act_dir_w21,21,success_ever,500,0.430778,0.378110,0.601727,84
act_dir_w21,21,success_ever,501,0.465201,0.405322,0.628662,88
act_dir_w21,21,success_ever,502,0.436508,0.402970,0.624449,90
act_dir_w21,21,success_ever,503,0.443262,0.389519,0.619821,89
act_dir_w21,21,success_ever,504,0.451208,0.403790,0.618858,91
act_dir_w21,21,success_ever,505,0.424155,0.383536,0.596789,91
act_dir_w21,21,success_ever,506,0.479587,0.387374,0.596327,88
act_dir_w21,21,success_ever,507,0.486750,0.386827,0.605984,86
act_dir_w21,21,success_ever,508,0.494457,0.391597,0.607830,85
act_dir_w21,21,success_ever,509,0.507937,0.398301,0.613854,87
act_dir_w21,21,success_ever,510,0.514142,0.389719,0.610491,80
act_dir_w21,21,success_ever,511,0.495238,0.363829,0.599703,74
act_dir_w21,21,success_ever,512,0.479167,0.368366,0.627871,68
act_dir_w21,21,success_ever,513,0.459491,0.354278,0.629652,59
act_dir_w21,21,success_ever,514,0.489198,0.322503,0.620696,51
act_dir_w21,21,success_ever,515,0.478261,0.304152,0.624386,48
act_dir_w21,21,success_ever,516,0.357143,0.269841,0.652408,32
